sample_id,family,family_idx,variant,variant_idx,isolate_idx,replicate,r1_path,r2_path,fold,split
Coronaviridae__SARS-CoV-2__isolate0__rep0,Coronaviridae,0,SARS-CoV-2,0,0,0,data/reads_multi/Coronaviridae/SARS-CoV-2/isolate_0/rep0_1.fq,data/reads_multi/Coronaviridae/SARS-CoV-2/isolate_0/rep0_2.fq,0,train
Coronaviridae__SARS-CoV-2__isolate0__rep1,Coronaviridae,0,SARS-CoV-2,0,0,1,data/reads_multi/Coronaviridae/SARS-CoV-2/isolate_0/rep1_1.fq,data/reads_multi/Coronaviridae/SARS-CoV-2/isolate_0/rep1_2.fq,0,train
Coronaviridae__SARS-CoV-2__isolate0__rep2,Coronaviridae,0,SARS-CoV-2,0,0,2,data/reads_multi/Coronaviridae/SARS-CoV-2/isolate_0/rep2_1.fq,data/reads_multi/Coronaviridae/SARS-CoV-2/isolate_0/rep2_2.fq,0,train
Coronaviridae__SARS-CoV-2__isolate0__rep3,Coronaviridae,0,SARS-CoV-2,0,0,3,data/reads_multi/Coronaviridae/SARS-CoV-2/isolate_0/rep3_1.fq,data/reads_multi/Coronaviridae/SARS-CoV-2/isolate_0/rep3_2.fq,0,train
Coronaviridae__SARS-CoV-2__isolate0__rep4,Coronaviridae,0,SARS-CoV-2,0,0,4,data/reads_multi/Coronaviridae/SARS-CoV-2/isolate_0/rep4_1.fq,data/reads_multi/Coronaviridae/SARS-CoV-2/isolate_0/rep4_2.fq,0,train
Coronaviridae__SARS-CoV-2__isolate0__rep5,Coronaviridae,0,SARS-CoV-2,0,0,5,data/reads_multi/Coronaviridae/SARS-CoV-2/isolate_0/rep5_1.fq,data/reads_multi/Coronaviridae/SARS-CoV-2/isolate_0/rep5_2.fq,0,train
Coronaviridae__SARS-CoV-2__isolate1__rep0,Coronaviridae,0,SARS-CoV-2,0,1,0,data/reads_multi/Coronaviridae/SARS-CoV-2/isolate_1/rep0_1.fq,data/reads_multi/Coronaviridae/SARS-CoV-2/isolate_1/rep0_2.fq,1,test
Coronaviridae__SARS-CoV-2__isolate1__rep1,Coronaviridae,0,SARS-CoV-2,0,1,1,data/reads_multi/Coronaviridae/SARS-CoV-2/isolate_1/rep1_1.fq,data/reads_multi/Coronaviridae/SARS-CoV-2/isolate_1/rep1_2.fq,1,test
Coronaviridae__SARS-CoV-2__isolate1__rep2,Coronaviridae,0,SARS-CoV-2,0,1,2,data/reads_multi/Coronaviridae/SARS-CoV-2/isolate_1/rep2_1.fq,data/reads_multi/Coronaviridae/SARS-CoV-2/isolate_1/rep2_2.fq,1,test
Coronaviridae__SARS-CoV-2__isolate1__rep3,Coronaviridae,0,SARS-CoV-2,0,1,3,data/reads_multi/Coronaviridae/SARS-CoV-2/isolate_1/rep3_1.fq,data/reads_multi/Coronaviridae/SARS-CoV-2/isolate_1/rep3_2.fq,1,test
Coronaviridae__SARS-CoV-2__isolate1__rep4,Coronaviridae,0,SARS-CoV-2,0,1,4,data/reads_multi/Coronaviridae/SARS-CoV-2/isolate_1/rep4_1.fq,data/reads_multi/Coronaviridae/SARS-CoV-2/isolate_1/rep4_2.fq,1,test
Coronaviridae__SARS-CoV-2__isolate1__rep5,Coronaviridae,0,SARS-CoV-2,0,1,5,data/reads_multi/Coronaviridae/SARS-CoV-2/isolate_1/rep5_1.fq,data/reads_multi/Coronaviridae/SARS-CoV-2/isolate_1/rep5_2.fq,1,test
Coronaviridae__SARS-CoV-2__isolate2__rep0,Coronaviridae,0,SARS-CoV-2,0,2,0,data/reads_multi/Coronaviridae/SARS-CoV-2/isolate_2/rep0_1.fq,data/reads_multi/Coronaviridae/SARS-CoV-2/isolate_2/rep0_2.fq,2,val
Coronaviridae__SARS-CoV-2__isolate2__rep1,Coronaviridae,0,SARS-CoV-2,0,2,1,data/reads_multi/Coronaviridae/SARS-CoV-2/isolate_2/rep1_1.fq,data/reads_multi/Coronaviridae/SARS-CoV-2/isolate_2/rep1_2.fq,2,val
Coronaviridae__SARS-CoV-2__isolate2__rep2,Coronaviridae,0,SARS-CoV-2,0,2,2,data/reads_multi/Coronaviridae/SARS-CoV-2/isolate_2/rep2_1.fq,data/reads_multi/Coronaviridae/SARS-CoV-2/isolate_2/rep2_2.fq,2,val
Coronaviridae__SARS-CoV-2__isolate2__rep3,Coronaviridae,0,SARS-CoV-2,0,2,3,data/reads_multi/Coronaviridae/SARS-CoV-2/isolate_2/rep3_1.fq,data/reads_multi/Coronaviridae/SARS-CoV-2/isolate_2/rep3_2.fq,2,val
Coronaviridae__SARS-CoV-2__isolate2__rep4,Coronaviridae,0,SARS-CoV-2,0,2,4,data/reads_multi/Coronaviridae/SARS-CoV-2/isolate_2/rep4_1.fq,data/reads_multi/Coronaviridae/SARS-CoV-2/isolate_2/rep4_2.fq,2,val
Coronaviridae__SARS-CoV-2__isolate2__rep5,Coronaviridae,0,SARS-CoV-2,0,2,5,data/reads_multi/Coronaviridae/SARS-CoV-2/isolate_2/rep5_1.fq,data/reads_multi/Coronaviridae/SARS-CoV-2/isolate_2/rep5_2.fq,2,val
Coronaviridae__SARS-CoV-2__isolate3__rep0,Coronaviridae,0,SARS-CoV-2,0,3,0,data/reads_multi/Coronaviridae/SARS-CoV-2/isolate_3/rep0_1.fq,data/reads_multi/Coronaviridae/SARS-CoV-2/isolate_3/rep0_2.fq,3,train
Coronaviridae__SARS-CoV-2__isolate3__rep1,Coronaviridae,0,SARS-CoV-2,0,3,1,data/reads_multi/Coronaviridae/SARS-CoV-2/isolate_3/rep1_1.fq,data/reads_multi/Coronaviridae/SARS-CoV-2/isolate_3/rep1_2.fq,3,train
Coronaviridae__SARS-CoV-2__isolate3__rep2,Coronaviridae,0,SARS-CoV-2,0,3,2,data/reads_multi/Coronaviridae/SARS-CoV-2/isolate_3/rep2_1.fq,data/reads_multi/Coronaviridae/SARS-CoV-2/isolate_3/rep2_2.fq,3,train
Coronaviridae__SARS-CoV-2__isolate3__rep3,Coronaviridae,0,SARS-CoV-2,0,3,3,data/reads_multi/Coronaviridae/SARS-CoV-2/isolate_3/rep3_1.fq,data/reads_multi/Coronaviridae/SARS-CoV-2/isolate_3/rep3_2.fq,3,train
Coronaviridae__SARS-CoV-2__isolate3__rep4,Coronaviridae,0,SARS-CoV-2,0,3,4,data/reads_multi/Coronaviridae/SARS-CoV-2/isolate_3/rep4_1.fq,data/reads_multi/Coronaviridae/SARS-CoV-2/isolate_3/rep4_2.fq,3,train
Coronaviridae__SARS-CoV-2__isolate3__rep5,Coronaviridae,0,SARS-CoV-2,0,3,5,data/reads_multi/Coronaviridae/SARS-CoV-2/isolate_3/rep5_1.fq,data/reads_multi/Coronaviridae/SARS-CoV-2/isolate_3/rep5_2.fq,3,train
Coronaviridae__SARS-CoV-2__isolate4__rep0,Coronaviridae,0,SARS-CoV-2,0,4,0,data/reads_multi/Coronaviridae/SARS-CoV-2/isolate_4/rep0_1.fq,data/reads_multi/Coronaviridae/SARS-CoV-2/isolate_4/rep0_2.fq,4,train
Coronaviridae__SARS-CoV-2__isolate4__rep1,Coronaviridae,0,SARS-CoV-2,0,4,1,data/reads_multi/Coronaviridae/SARS-CoV-2/isolate_4/rep1_1.fq,data/reads_multi/Coronaviridae/SARS-CoV-2/isolate_4/rep1_2.fq,4,train
Coronaviridae__SARS-CoV-2__isolate4__rep2,Coronaviridae,0,SARS-CoV-2,0,4,2,data/reads_multi/Coronaviridae/SARS-CoV-2/isolate_4/rep2_1.fq,data/reads_multi/Coronaviridae/SARS-CoV-2/isolate_4/rep2_2.fq,4,train
Coronaviridae__SARS-CoV-2__isolate4__rep3,Coronaviridae,0,SARS-CoV-2,0,4,3,data/reads_multi/Coronaviridae/SARS-CoV-2/isolate_4/rep3_1.fq,data/reads_multi/Coronaviridae/SARS-CoV-2/isolate_4/rep3_2.fq,4,train
Coronaviridae__SARS-CoV-2__isolate4__rep4,Coronaviridae,0,SARS-CoV-2,0,4,4,data/reads_multi/Coronaviridae/SARS-CoV-2/isolate_4/rep4_1.fq,data/reads_multi/Coronaviridae/SARS-CoV-2/isolate_4/rep4_2.fq,4,train
Coronaviridae__SARS-CoV-2__isolate4__rep5,Coronaviridae,0,SARS-CoV-2,0,4,5,data/reads_multi/Coronaviridae/SARS-CoV-2/isolate_4/rep5_1.fq,data/reads_multi/Coronaviridae/SARS-CoV-2/isolate_4/rep5_2.fq,4,train
Coronaviridae__SARS-CoV-2__isolate5__rep0,Coronaviridae,0,SARS-CoV-2,0,5,0,data/reads_multi/Coronaviridae/SARS-CoV-2/isolate_5/rep0_1.fq,data/reads_multi/Coronaviridae/SARS-CoV-2/isolate_5/rep0_2.fq,0,train
Coronaviridae__SARS-CoV-2__isolate5__rep1,Coronaviridae,0,SARS-CoV-2,0,5,1,data/reads_multi/Coronaviridae/SARS-CoV-2/isolate_5/rep1_1.fq,data/reads_multi/Coronaviridae/SARS-CoV-2/isolate_5/rep1_2.fq,0,train
Coronaviridae__SARS-CoV-2__isolate5__rep2,Coronaviridae,0,SARS-CoV-2,0,5,2,data/reads_multi/Coronaviridae/SARS-CoV-2/isolate_5/rep2_1.fq,data/reads_multi/Coronaviridae/SARS-CoV-2/isolate_5/rep2_2.fq,0,train
Coronaviridae__SARS-CoV-2__isolate5__rep3,Coronaviridae,0,SARS-CoV-2,0,5,3,data/reads_multi/Coronaviridae/SARS-CoV-2/isolate_5/rep3_1.fq,data/reads_multi/Coronaviridae/SARS-CoV-2/isolate_5/rep3_2.fq,0,train
Coronaviridae__SARS-CoV-2__isolate5__rep4,Coronaviridae,0,SARS-CoV-2,0,5,4,data/reads_multi/Coronaviridae/SARS-CoV-2/isolate_5/rep4_1.fq,data/reads_multi/Coronaviridae/SARS-CoV-2/isolate_5/rep4_2.fq,0,train
Coronaviridae__SARS-CoV-2__isolate5__rep5,Coronaviridae,0,SARS-CoV-2,0,5,5,data/reads_multi/Coronaviridae/SARS-CoV-2/isolate_5/rep5_1.fq,data/reads_multi/Coronaviridae/SARS-CoV-2/isolate_5/rep5_2.fq,0,train
Coronaviridae__SARS-CoV-2__isolate6__rep0,Coronaviridae,0,SARS-CoV-2,0,6,0,data/reads_multi/Coronaviridae/SARS-CoV-2/isolate_6/rep0_1.fq,data/reads_multi/Coronaviridae/SARS-CoV-2/isolate_6/rep0_2.fq,1,test
Coronaviridae__SARS-CoV-2__isolate6__rep1,Coronaviridae,0,SARS-CoV-2,0,6,1,data/reads_multi/Coronaviridae/SARS-CoV-2/isolate_6/rep1_1.fq,data/reads_multi/Coronaviridae/SARS-CoV-2/isolate_6/rep1_2.fq,1,test
Coronaviridae__SARS-CoV-2__isolate6__rep2,Coronaviridae,0,SARS-CoV-2,0,6,2,data/reads_multi/Coronaviridae/SARS-CoV-2/isolate_6/rep2_1.fq,data/reads_multi/Coronaviridae/SARS-CoV-2/isolate_6/rep2_2.fq,1,test
Coronaviridae__SARS-CoV-2__isolate6__rep3,Coronaviridae,0,SARS-CoV-2,0,6,3,data/reads_multi/Coronaviridae/SARS-CoV-2/isolate_6/rep3_1.fq,data/reads_multi/Coronaviridae/SARS-CoV-2/isolate_6/rep3_2.fq,1,test
Coronaviridae__SARS-CoV-2__isolate6__rep4,Coronaviridae,0,SARS-CoV-2,0,6,4,data/reads_multi/Coronaviridae/SARS-CoV-2/isolate_6/rep4_1.fq,data/reads_multi/Coronaviridae/SARS-CoV-2/isolate_6/rep4_2.fq,1,test
Coronaviridae__SARS-CoV-2__isolate6__rep5,Coronaviridae,0,SARS-CoV-2,0,6,5,data/reads_multi/Coronaviridae/SARS-CoV-2/isolate_6/rep5_1.fq,data/reads_multi/Coronaviridae/SARS-CoV-2/isolate_6/rep5_2.fq,1,test
Coronaviridae__SARS-CoV-2__isolate7__rep0,Coronaviridae,0,SARS-CoV-2,0,7,0,data/reads_multi/Coronaviridae/SARS-CoV-2/isolate_7/rep0_1.fq,data/reads_multi/Coronaviridae/SARS-CoV-2/isolate_7/rep0_2.fq,2,val
Coronaviridae__SARS-CoV-2__isolate7__rep1,Coronaviridae,0,SARS-CoV-2,0,7,1,data/reads_multi/Coronaviridae/SARS-CoV-2/isolate_7/rep1_1.fq,data/reads_multi/Coronaviridae/SARS-CoV-2/isolate_7/rep1_2.fq,2,val
Coronaviridae__SARS-CoV-2__isolate7__rep2,Coronaviridae,0,SARS-CoV-2,0,7,2,data/reads_multi/Coronaviridae/SARS-CoV-2/isolate_7/rep2_1.fq,data/reads_multi/Coronaviridae/SARS-CoV-2/isolate_7/rep2_2.fq,2,val
Coronaviridae__SARS-CoV-2__isolate7__rep3,Coronaviridae,0,SARS-CoV-2,0,7,3,data/reads_multi/Coronaviridae/SARS-CoV-2/isolate_7/rep3_1.fq,data/reads_multi/Coronaviridae/SARS-CoV-2/isolate_7/rep3_2.fq,2,val
Coronaviridae__SARS-CoV-2__isolate7__rep4,Coronaviridae,0,SARS-CoV-2,0,7,4,data/reads_multi/Coronaviridae/SARS-CoV-2/isolate_7/rep4_1.fq,data/reads_multi/Coronaviridae/SARS-CoV-2/isolate_7/rep4_2.fq,2,val
Coronaviridae__SARS-CoV-2__isolate7__rep5,Coronaviridae,0,SARS-CoV-2,0,7,5,data/reads_multi/Coronaviridae/SARS-CoV-2/isolate_7/rep5_1.fq,data/reads_multi/Coronaviridae/SARS-CoV-2/isolate_7/rep5_2.fq,2,val
Coronaviridae__SARS-CoV-2__isolate8__rep0,Coronaviridae,0,SARS-CoV-2,0,8,0,data/reads_multi/Coronaviridae/SARS-CoV-2/isolate_8/rep0_1.fq,data/reads_multi/Coronaviridae/SARS-CoV-2/isolate_8/rep0_2.fq,3,train
Coronaviridae__SARS-CoV-2__isolate8__rep1,Coronaviridae,0,SARS-CoV-2,0,8,1,data/reads_multi/Coronaviridae/SARS-CoV-2/isolate_8/rep1_1.fq,data/reads_multi/Coronaviridae/SARS-CoV-2/isolate_8/rep1_2.fq,3,train
Coronaviridae__SARS-CoV-2__isolate8__rep2,Coronaviridae,0,SARS-CoV-2,0,8,2,data/reads_multi/Coronaviridae/SARS-CoV-2/isolate_8/rep2_1.fq,data/reads_multi/Coronaviridae/SARS-CoV-2/isolate_8/rep2_2.fq,3,train
Coronaviridae__SARS-CoV-2__isolate8__rep3,Coronaviridae,0,SARS-CoV-2,0,8,3,data/reads_multi/Coronaviridae/SARS-CoV-2/isolate_8/rep3_1.fq,data/reads_multi/Coronaviridae/SARS-CoV-2/isolate_8/rep3_2.fq,3,train
Coronaviridae__SARS-CoV-2__isolate8__rep4,Coronaviridae,0,SARS-CoV-2,0,8,4,data/reads_multi/Coronaviridae/SARS-CoV-2/isolate_8/rep4_1.fq,data/reads_multi/Coronaviridae/SARS-CoV-2/isolate_8/rep4_2.fq,3,train
Coronaviridae__SARS-CoV-2__isolate8__rep5,Coronaviridae,0,SARS-CoV-2,0,8,5,data/reads_multi/Coronaviridae/SARS-CoV-2/isolate_8/rep5_1.fq,data/reads_multi/Coronaviridae/SARS-CoV-2/isolate_8/rep5_2.fq,3,train
Coronaviridae__SARS-CoV-2__isolate9__rep0,Coronaviridae,0,SARS-CoV-2,0,9,0,data/reads_multi/Coronaviridae/SARS-CoV-2/isolate_9/rep0_1.fq,data/reads_multi/Coronaviridae/SARS-CoV-2/isolate_9/rep0_2.fq,4,train
Coronaviridae__SARS-CoV-2__isolate9__rep1,Coronaviridae,0,SARS-CoV-2,0,9,1,data/reads_multi/Coronaviridae/SARS-CoV-2/isolate_9/rep1_1.fq,data/reads_multi/Coronaviridae/SARS-CoV-2/isolate_9/rep1_2.fq,4,train
Coronaviridae__SARS-CoV-2__isolate9__rep2,Coronaviridae,0,SARS-CoV-2,0,9,2,data/reads_multi/Coronaviridae/SARS-CoV-2/isolate_9/rep2_1.fq,data/reads_multi/Coronaviridae/SARS-CoV-2/isolate_9/rep2_2.fq,4,train
Coronaviridae__SARS-CoV-2__isolate9__rep3,Coronaviridae,0,SARS-CoV-2,0,9,3,data/reads_multi/Coronaviridae/SARS-CoV-2/isolate_9/rep3_1.fq,data/reads_multi/Coronaviridae/SARS-CoV-2/isolate_9/rep3_2.fq,4,train
Coronaviridae__SARS-CoV-2__isolate9__rep4,Coronaviridae,0,SARS-CoV-2,0,9,4,data/reads_multi/Coronaviridae/SARS-CoV-2/isolate_9/rep4_1.fq,data/reads_multi/Coronaviridae/SARS-CoV-2/isolate_9/rep4_2.fq,4,train
Coronaviridae__SARS-CoV-2__isolate9__rep5,Coronaviridae,0,SARS-CoV-2,0,9,5,data/reads_multi/Coronaviridae/SARS-CoV-2/isolate_9/rep5_1.fq,data/reads_multi/Coronaviridae/SARS-CoV-2/isolate_9/rep5_2.fq,4,train
Coronaviridae__SARS-CoV-1__isolate0__rep0,Coronaviridae,0,SARS-CoV-1,1,0,0,data/reads_multi/Coronaviridae/SARS-CoV-1/isolate_0/rep0_1.fq,data/reads_multi/Coronaviridae/SARS-CoV-1/isolate_0/rep0_2.fq,0,train
Coronaviridae__SARS-CoV-1__isolate0__rep1,Coronaviridae,0,SARS-CoV-1,1,0,1,data/reads_multi/Coronaviridae/SARS-CoV-1/isolate_0/rep1_1.fq,data/reads_multi/Coronaviridae/SARS-CoV-1/isolate_0/rep1_2.fq,0,train
Coronaviridae__SARS-CoV-1__isolate0__rep2,Coronaviridae,0,SARS-CoV-1,1,0,2,data/reads_multi/Coronaviridae/SARS-CoV-1/isolate_0/rep2_1.fq,data/reads_multi/Coronaviridae/SARS-CoV-1/isolate_0/rep2_2.fq,0,train
Coronaviridae__SARS-CoV-1__isolate0__rep3,Coronaviridae,0,SARS-CoV-1,1,0,3,data/reads_multi/Coronaviridae/SARS-CoV-1/isolate_0/rep3_1.fq,data/reads_multi/Coronaviridae/SARS-CoV-1/isolate_0/rep3_2.fq,0,train
Coronaviridae__SARS-CoV-1__isolate0__rep4,Coronaviridae,0,SARS-CoV-1,1,0,4,data/reads_multi/Coronaviridae/SARS-CoV-1/isolate_0/rep4_1.fq,data/reads_multi/Coronaviridae/SARS-CoV-1/isolate_0/rep4_2.fq,0,train
Coronaviridae__SARS-CoV-1__isolate0__rep5,Coronaviridae,0,SARS-CoV-1,1,0,5,data/reads_multi/Coronaviridae/SARS-CoV-1/isolate_0/rep5_1.fq,data/reads_multi/Coronaviridae/SARS-CoV-1/isolate_0/rep5_2.fq,0,train
Coronaviridae__SARS-CoV-1__isolate1__rep0,Coronaviridae,0,SARS-CoV-1,1,1,0,data/reads_multi/Coronaviridae/SARS-CoV-1/isolate_1/rep0_1.fq,data/reads_multi/Coronaviridae/SARS-CoV-1/isolate_1/rep0_2.fq,1,test
Coronaviridae__SARS-CoV-1__isolate1__rep1,Coronaviridae,0,SARS-CoV-1,1,1,1,data/reads_multi/Coronaviridae/SARS-CoV-1/isolate_1/rep1_1.fq,data/reads_multi/Coronaviridae/SARS-CoV-1/isolate_1/rep1_2.fq,1,test
Coronaviridae__SARS-CoV-1__isolate1__rep2,Coronaviridae,0,SARS-CoV-1,1,1,2,data/reads_multi/Coronaviridae/SARS-CoV-1/isolate_1/rep2_1.fq,data/reads_multi/Coronaviridae/SARS-CoV-1/isolate_1/rep2_2.fq,1,test
Coronaviridae__SARS-CoV-1__isolate1__rep3,Coronaviridae,0,SARS-CoV-1,1,1,3,data/reads_multi/Coronaviridae/SARS-CoV-1/isolate_1/rep3_1.fq,data/reads_multi/Coronaviridae/SARS-CoV-1/isolate_1/rep3_2.fq,1,test
Coronaviridae__SARS-CoV-1__isolate1__rep4,Coronaviridae,0,SARS-CoV-1,1,1,4,data/reads_multi/Coronaviridae/SARS-CoV-1/isolate_1/rep4_1.fq,data/reads_multi/Coronaviridae/SARS-CoV-1/isolate_1/rep4_2.fq,1,test
Coronaviridae__SARS-CoV-1__isolate1__rep5,Coronaviridae,0,SARS-CoV-1,1,1,5,data/reads_multi/Coronaviridae/SARS-CoV-1/isolate_1/rep5_1.fq,data/reads_multi/Coronaviridae/SARS-CoV-1/isolate_1/rep5_2.fq,1,test
Coronaviridae__SARS-CoV-1__isolate2__rep0,Coronaviridae,0,SARS-CoV-1,1,2,0,data/reads_multi/Coronaviridae/SARS-CoV-1/isolate_2/rep0_1.fq,data/reads_multi/Coronaviridae/SARS-CoV-1/isolate_2/rep0_2.fq,2,val
Coronaviridae__SARS-CoV-1__isolate2__rep1,Coronaviridae,0,SARS-CoV-1,1,2,1,data/reads_multi/Coronaviridae/SARS-CoV-1/isolate_2/rep1_1.fq,data/reads_multi/Coronaviridae/SARS-CoV-1/isolate_2/rep1_2.fq,2,val
Coronaviridae__SARS-CoV-1__isolate2__rep2,Coronaviridae,0,SARS-CoV-1,1,2,2,data/reads_multi/Coronaviridae/SARS-CoV-1/isolate_2/rep2_1.fq,data/reads_multi/Coronaviridae/SARS-CoV-1/isolate_2/rep2_2.fq,2,val
Coronaviridae__SARS-CoV-1__isolate2__rep3,Coronaviridae,0,SARS-CoV-1,1,2,3,data/reads_multi/Coronaviridae/SARS-CoV-1/isolate_2/rep3_1.fq,data/reads_multi/Coronaviridae/SARS-CoV-1/isolate_2/rep3_2.fq,2,val
Coronaviridae__SARS-CoV-1__isolate2__rep4,Coronaviridae,0,SARS-CoV-1,1,2,4,data/reads_multi/Coronaviridae/SARS-CoV-1/isolate_2/rep4_1.fq,data/reads_multi/Coronaviridae/SARS-CoV-1/isolate_2/rep4_2.fq,2,val
Coronaviridae__SARS-CoV-1__isolate2__rep5,Coronaviridae,0,SARS-CoV-1,1,2,5,data/reads_multi/Coronaviridae/SARS-CoV-1/isolate_2/rep5_1.fq,data/reads_multi/Coronaviridae/SARS-CoV-1/isolate_2/rep5_2.fq,2,val
Coronaviridae__SARS-CoV-1__isolate3__rep0,Coronaviridae,0,SARS-CoV-1,1,3,0,data/reads_multi/Coronaviridae/SARS-CoV-1/isolate_3/rep0_1.fq,data/reads_multi/Coronaviridae/SARS-CoV-1/isolate_3/rep0_2.fq,3,train
Coronaviridae__SARS-CoV-1__isolate3__rep1,Coronaviridae,0,SARS-CoV-1,1,3,1,data/reads_multi/Coronaviridae/SARS-CoV-1/isolate_3/rep1_1.fq,data/reads_multi/Coronaviridae/SARS-CoV-1/isolate_3/rep1_2.fq,3,train
Coronaviridae__SARS-CoV-1__isolate3__rep2,Coronaviridae,0,SARS-CoV-1,1,3,2,data/reads_multi/Coronaviridae/SARS-CoV-1/isolate_3/rep2_1.fq,data/reads_multi/Coronaviridae/SARS-CoV-1/isolate_3/rep2_2.fq,3,train
Coronaviridae__SARS-CoV-1__isolate3__rep3,Coronaviridae,0,SARS-CoV-1,1,3,3,data/reads_multi/Coronaviridae/SARS-CoV-1/isolate_3/rep3_1.fq,data/reads_multi/Coronaviridae/SARS-CoV-1/isolate_3/rep3_2.fq,3,train
Coronaviridae__SARS-CoV-1__isolate3__rep4,Coronaviridae,0,SARS-CoV-1,1,3,4,data/reads_multi/Coronaviridae/SARS-CoV-1/isolate_3/rep4_1.fq,data/reads_multi/Coronaviridae/SARS-CoV-1/isolate_3/rep4_2.fq,3,train
Coronaviridae__SARS-CoV-1__isolate3__rep5,Coronaviridae,0,SARS-CoV-1,1,3,5,data/reads_multi/Coronaviridae/SARS-CoV-1/isolate_3/rep5_1.fq,data/reads_multi/Coronaviridae/SARS-CoV-1/isolate_3/rep5_2.fq,3,train
Coronaviridae__SARS-CoV-1__isolate4__rep0,Coronaviridae,0,SARS-CoV-1,1,4,0,data/reads_multi/Coronaviridae/SARS-CoV-1/isolate_4/rep0_1.fq,data/reads_multi/Coronaviridae/SARS-CoV-1/isolate_4/rep0_2.fq,4,train
Coronaviridae__SARS-CoV-1__isolate4__rep1,Coronaviridae,0,SARS-CoV-1,1,4,1,data/reads_multi/Coronaviridae/SARS-CoV-1/isolate_4/rep1_1.fq,data/reads_multi/Coronaviridae/SARS-CoV-1/isolate_4/rep1_2.fq,4,train
Coronaviridae__SARS-CoV-1__isolate4__rep2,Coronaviridae,0,SARS-CoV-1,1,4,2,data/reads_multi/Coronaviridae/SARS-CoV-1/isolate_4/rep2_1.fq,data/reads_multi/Coronaviridae/SARS-CoV-1/isolate_4/rep2_2.fq,4,train
Coronaviridae__SARS-CoV-1__isolate4__rep3,Coronaviridae,0,SARS-CoV-1,1,4,3,data/reads_multi/Coronaviridae/SARS-CoV-1/isolate_4/rep3_1.fq,data/reads_multi/Coronaviridae/SARS-CoV-1/isolate_4/rep3_2.fq,4,train
Coronaviridae__SARS-CoV-1__isolate4__rep4,Coronaviridae,0,SARS-CoV-1,1,4,4,data/reads_multi/Coronaviridae/SARS-CoV-1/isolate_4/rep4_1.fq,data/reads_multi/Coronaviridae/SARS-CoV-1/isolate_4/rep4_2.fq,4,train
Coronaviridae__SARS-CoV-1__isolate4__rep5,Coronaviridae,0,SARS-CoV-1,1,4,5,data/reads_multi/Coronaviridae/SARS-CoV-1/isolate_4/rep5_1.fq,data/reads_multi/Coronaviridae/SARS-CoV-1/isolate_4/rep5_2.fq,4,train
Coronaviridae__SARS-CoV-1__isolate5__rep0,Coronaviridae,0,SARS-CoV-1,1,5,0,data/reads_multi/Coronaviridae/SARS-CoV-1/isolate_5/rep0_1.fq,data/reads_multi/Coronaviridae/SARS-CoV-1/isolate_5/rep0_2.fq,0,train
Coronaviridae__SARS-CoV-1__isolate5__rep1,Coronaviridae,0,SARS-CoV-1,1,5,1,data/reads_multi/Coronaviridae/SARS-CoV-1/isolate_5/rep1_1.fq,data/reads_multi/Coronaviridae/SARS-CoV-1/isolate_5/rep1_2.fq,0,train
Coronaviridae__SARS-CoV-1__isolate5__rep2,Coronaviridae,0,SARS-CoV-1,1,5,2,data/reads_multi/Coronaviridae/SARS-CoV-1/isolate_5/rep2_1.fq,data/reads_multi/Coronaviridae/SARS-CoV-1/isolate_5/rep2_2.fq,0,train
Coronaviridae__SARS-CoV-1__isolate5__rep3,Coronaviridae,0,SARS-CoV-1,1,5,3,data/reads_multi/Coronaviridae/SARS-CoV-1/isolate_5/rep3_1.fq,data/reads_multi/Coronaviridae/SARS-CoV-1/isolate_5/rep3_2.fq,0,train
Coronaviridae__SARS-CoV-1__isolate5__rep4,Coronaviridae,0,SARS-CoV-1,1,5,4,data/reads_multi/Coronaviridae/SARS-CoV-1/isolate_5/rep4_1.fq,data/reads_multi/Coronaviridae/SARS-CoV-1/isolate_5/rep4_2.fq,0,train
Coronaviridae__SARS-CoV-1__isolate5__rep5,Coronaviridae,0,SARS-CoV-1,1,5,5,data/reads_multi/Coronaviridae/SARS-CoV-1/isolate_5/rep5_1.fq,data/reads_multi/Coronaviridae/SARS-CoV-1/isolate_5/rep5_2.fq,0,train
Coronaviridae__SARS-CoV-1__isolate6__rep0,Coronaviridae,0,SARS-CoV-1,1,6,0,data/reads_multi/Coronaviridae/SARS-CoV-1/isolate_6/rep0_1.fq,data/reads_multi/Coronaviridae/SARS-CoV-1/isolate_6/rep0_2.fq,1,test
Coronaviridae__SARS-CoV-1__isolate6__rep1,Coronaviridae,0,SARS-CoV-1,1,6,1,data/reads_multi/Coronaviridae/SARS-CoV-1/isolate_6/rep1_1.fq,data/reads_multi/Coronaviridae/SARS-CoV-1/isolate_6/rep1_2.fq,1,test
Coronaviridae__SARS-CoV-1__isolate6__rep2,Coronaviridae,0,SARS-CoV-1,1,6,2,data/reads_multi/Coronaviridae/SARS-CoV-1/isolate_6/rep2_1.fq,data/reads_multi/Coronaviridae/SARS-CoV-1/isolate_6/rep2_2.fq,1,test
Coronaviridae__SARS-CoV-1__isolate6__rep3,Coronaviridae,0,SARS-CoV-1,1,6,3,data/reads_multi/Coronaviridae/SARS-CoV-1/isolate_6/rep3_1.fq,data/reads_multi/Coronaviridae/SARS-CoV-1/isolate_6/rep3_2.fq,1,test
Coronaviridae__SARS-CoV-1__isolate6__rep4,Coronaviridae,0,SARS-CoV-1,1,6,4,data/reads_multi/Coronaviridae/SARS-CoV-1/isolate_6/rep4_1.fq,data/reads_multi/Coronaviridae/SARS-CoV-1/isolate_6/rep4_2.fq,1,test
Coronaviridae__SARS-CoV-1__isolate6__rep5,Coronaviridae,0,SARS-CoV-1,1,6,5,data/reads_multi/Coronaviridae/SARS-CoV-1/isolate_6/rep5_1.fq,data/reads_multi/Coronaviridae/SARS-CoV-1/isolate_6/rep5_2.fq,1,test
Coronaviridae__SARS-CoV-1__isolate7__rep0,Coronaviridae,0,SARS-CoV-1,1,7,0,data/reads_multi/Coronaviridae/SARS-CoV-1/isolate_7/rep0_1.fq,data/reads_multi/Coronaviridae/SARS-CoV-1/isolate_7/rep0_2.fq,2,val
Coronaviridae__SARS-CoV-1__isolate7__rep1,Coronaviridae,0,SARS-CoV-1,1,7,1,data/reads_multi/Coronaviridae/SARS-CoV-1/isolate_7/rep1_1.fq,data/reads_multi/Coronaviridae/SARS-CoV-1/isolate_7/rep1_2.fq,2,val
Coronaviridae__SARS-CoV-1__isolate7__rep2,Coronaviridae,0,SARS-CoV-1,1,7,2,data/reads_multi/Coronaviridae/SARS-CoV-1/isolate_7/rep2_1.fq,data/reads_multi/Coronaviridae/SARS-CoV-1/isolate_7/rep2_2.fq,2,val
Coronaviridae__SARS-CoV-1__isolate7__rep3,Coronaviridae,0,SARS-CoV-1,1,7,3,data/reads_multi/Coronaviridae/SARS-CoV-1/isolate_7/rep3_1.fq,data/reads_multi/Coronaviridae/SARS-CoV-1/isolate_7/rep3_2.fq,2,val
Coronaviridae__SARS-CoV-1__isolate7__rep4,Coronaviridae,0,SARS-CoV-1,1,7,4,data/reads_multi/Coronaviridae/SARS-CoV-1/isolate_7/rep4_1.fq,data/reads_multi/Coronaviridae/SARS-CoV-1/isolate_7/rep4_2.fq,2,val
Coronaviridae__SARS-CoV-1__isolate7__rep5,Coronaviridae,0,SARS-CoV-1,1,7,5,data/reads_multi/Coronaviridae/SARS-CoV-1/isolate_7/rep5_1.fq,data/reads_multi/Coronaviridae/SARS-CoV-1/isolate_7/rep5_2.fq,2,val
Coronaviridae__SARS-CoV-1__isolate8__rep0,Coronaviridae,0,SARS-CoV-1,1,8,0,data/reads_multi/Coronaviridae/SARS-CoV-1/isolate_8/rep0_1.fq,data/reads_multi/Coronaviridae/SARS-CoV-1/isolate_8/rep0_2.fq,3,train
Coronaviridae__SARS-CoV-1__isolate8__rep1,Coronaviridae,0,SARS-CoV-1,1,8,1,data/reads_multi/Coronaviridae/SARS-CoV-1/isolate_8/rep1_1.fq,data/reads_multi/Coronaviridae/SARS-CoV-1/isolate_8/rep1_2.fq,3,train
Coronaviridae__SARS-CoV-1__isolate8__rep2,Coronaviridae,0,SARS-CoV-1,1,8,2,data/reads_multi/Coronaviridae/SARS-CoV-1/isolate_8/rep2_1.fq,data/reads_multi/Coronaviridae/SARS-CoV-1/isolate_8/rep2_2.fq,3,train
Coronaviridae__SARS-CoV-1__isolate8__rep3,Coronaviridae,0,SARS-CoV-1,1,8,3,data/reads_multi/Coronaviridae/SARS-CoV-1/isolate_8/rep3_1.fq,data/reads_multi/Coronaviridae/SARS-CoV-1/isolate_8/rep3_2.fq,3,train
Coronaviridae__SARS-CoV-1__isolate8__rep4,Coronaviridae,0,SARS-CoV-1,1,8,4,data/reads_multi/Coronaviridae/SARS-CoV-1/isolate_8/rep4_1.fq,data/reads_multi/Coronaviridae/SARS-CoV-1/isolate_8/rep4_2.fq,3,train
Coronaviridae__SARS-CoV-1__isolate8__rep5,Coronaviridae,0,SARS-CoV-1,1,8,5,data/reads_multi/Coronaviridae/SARS-CoV-1/isolate_8/rep5_1.fq,data/reads_multi/Coronaviridae/SARS-CoV-1/isolate_8/rep5_2.fq,3,train
Coronaviridae__SARS-CoV-1__isolate9__rep0,Coronaviridae,0,SARS-CoV-1,1,9,0,data/reads_multi/Coronaviridae/SARS-CoV-1/isolate_9/rep0_1.fq,data/reads_multi/Coronaviridae/SARS-CoV-1/isolate_9/rep0_2.fq,4,train
Coronaviridae__SARS-CoV-1__isolate9__rep1,Coronaviridae,0,SARS-CoV-1,1,9,1,data/reads_multi/Coronaviridae/SARS-CoV-1/isolate_9/rep1_1.fq,data/reads_multi/Coronaviridae/SARS-CoV-1/isolate_9/rep1_2.fq,4,train
Coronaviridae__SARS-CoV-1__isolate9__rep2,Coronaviridae,0,SARS-CoV-1,1,9,2,data/reads_multi/Coronaviridae/SARS-CoV-1/isolate_9/rep2_1.fq,data/reads_multi/Coronaviridae/SARS-CoV-1/isolate_9/rep2_2.fq,4,train
Coronaviridae__SARS-CoV-1__isolate9__rep3,Coronaviridae,0,SARS-CoV-1,1,9,3,data/reads_multi/Coronaviridae/SARS-CoV-1/isolate_9/rep3_1.fq,data/reads_multi/Coronaviridae/SARS-CoV-1/isolate_9/rep3_2.fq,4,train
Coronaviridae__SARS-CoV-1__isolate9__rep4,Coronaviridae,0,SARS-CoV-1,1,9,4,data/reads_multi/Coronaviridae/SARS-CoV-1/isolate_9/rep4_1.fq,data/reads_multi/Coronaviridae/SARS-CoV-1/isolate_9/rep4_2.fq,4,train
Coronaviridae__SARS-CoV-1__isolate9__rep5,Coronaviridae,0,SARS-CoV-1,1,9,5,data/reads_multi/Coronaviridae/SARS-CoV-1/isolate_9/rep5_1.fq,data/reads_multi/Coronaviridae/SARS-CoV-1/isolate_9/rep5_2.fq,4,train
Coronaviridae__MERS-CoV__isolate0__rep0,Coronaviridae,0,MERS-CoV,2,0,0,data/reads_multi/Coronaviridae/MERS-CoV/isolate_0/rep0_1.fq,data/reads_multi/Coronaviridae/MERS-CoV/isolate_0/rep0_2.fq,0,train
Coronaviridae__MERS-CoV__isolate0__rep1,Coronaviridae,0,MERS-CoV,2,0,1,data/reads_multi/Coronaviridae/MERS-CoV/isolate_0/rep1_1.fq,data/reads_multi/Coronaviridae/MERS-CoV/isolate_0/rep1_2.fq,0,train
Coronaviridae__MERS-CoV__isolate0__rep2,Coronaviridae,0,MERS-CoV,2,0,2,data/reads_multi/Coronaviridae/MERS-CoV/isolate_0/rep2_1.fq,data/reads_multi/Coronaviridae/MERS-CoV/isolate_0/rep2_2.fq,0,train
Coronaviridae__MERS-CoV__isolate0__rep3,Coronaviridae,0,MERS-CoV,2,0,3,data/reads_multi/Coronaviridae/MERS-CoV/isolate_0/rep3_1.fq,data/reads_multi/Coronaviridae/MERS-CoV/isolate_0/rep3_2.fq,0,train
Coronaviridae__MERS-CoV__isolate0__rep4,Coronaviridae,0,MERS-CoV,2,0,4,data/reads_multi/Coronaviridae/MERS-CoV/isolate_0/rep4_1.fq,data/reads_multi/Coronaviridae/MERS-CoV/isolate_0/rep4_2.fq,0,train
Coronaviridae__MERS-CoV__isolate0__rep5,Coronaviridae,0,MERS-CoV,2,0,5,data/reads_multi/Coronaviridae/MERS-CoV/isolate_0/rep5_1.fq,data/reads_multi/Coronaviridae/MERS-CoV/isolate_0/rep5_2.fq,0,train
Coronaviridae__MERS-CoV__isolate1__rep0,Coronaviridae,0,MERS-CoV,2,1,0,data/reads_multi/Coronaviridae/MERS-CoV/isolate_1/rep0_1.fq,data/reads_multi/Coronaviridae/MERS-CoV/isolate_1/rep0_2.fq,1,test
Coronaviridae__MERS-CoV__isolate1__rep1,Coronaviridae,0,MERS-CoV,2,1,1,data/reads_multi/Coronaviridae/MERS-CoV/isolate_1/rep1_1.fq,data/reads_multi/Coronaviridae/MERS-CoV/isolate_1/rep1_2.fq,1,test
Coronaviridae__MERS-CoV__isolate1__rep2,Coronaviridae,0,MERS-CoV,2,1,2,data/reads_multi/Coronaviridae/MERS-CoV/isolate_1/rep2_1.fq,data/reads_multi/Coronaviridae/MERS-CoV/isolate_1/rep2_2.fq,1,test
Coronaviridae__MERS-CoV__isolate1__rep3,Coronaviridae,0,MERS-CoV,2,1,3,data/reads_multi/Coronaviridae/MERS-CoV/isolate_1/rep3_1.fq,data/reads_multi/Coronaviridae/MERS-CoV/isolate_1/rep3_2.fq,1,test
Coronaviridae__MERS-CoV__isolate1__rep4,Coronaviridae,0,MERS-CoV,2,1,4,data/reads_multi/Coronaviridae/MERS-CoV/isolate_1/rep4_1.fq,data/reads_multi/Coronaviridae/MERS-CoV/isolate_1/rep4_2.fq,1,test
Coronaviridae__MERS-CoV__isolate1__rep5,Coronaviridae,0,MERS-CoV,2,1,5,data/reads_multi/Coronaviridae/MERS-CoV/isolate_1/rep5_1.fq,data/reads_multi/Coronaviridae/MERS-CoV/isolate_1/rep5_2.fq,1,test
Coronaviridae__MERS-CoV__isolate2__rep0,Coronaviridae,0,MERS-CoV,2,2,0,data/reads_multi/Coronaviridae/MERS-CoV/isolate_2/rep0_1.fq,data/reads_multi/Coronaviridae/MERS-CoV/isolate_2/rep0_2.fq,2,val
Coronaviridae__MERS-CoV__isolate2__rep1,Coronaviridae,0,MERS-CoV,2,2,1,data/reads_multi/Coronaviridae/MERS-CoV/isolate_2/rep1_1.fq,data/reads_multi/Coronaviridae/MERS-CoV/isolate_2/rep1_2.fq,2,val
Coronaviridae__MERS-CoV__isolate2__rep2,Coronaviridae,0,MERS-CoV,2,2,2,data/reads_multi/Coronaviridae/MERS-CoV/isolate_2/rep2_1.fq,data/reads_multi/Coronaviridae/MERS-CoV/isolate_2/rep2_2.fq,2,val
Coronaviridae__MERS-CoV__isolate2__rep3,Coronaviridae,0,MERS-CoV,2,2,3,data/reads_multi/Coronaviridae/MERS-CoV/isolate_2/rep3_1.fq,data/reads_multi/Coronaviridae/MERS-CoV/isolate_2/rep3_2.fq,2,val
Coronaviridae__MERS-CoV__isolate2__rep4,Coronaviridae,0,MERS-CoV,2,2,4,data/reads_multi/Coronaviridae/MERS-CoV/isolate_2/rep4_1.fq,data/reads_multi/Coronaviridae/MERS-CoV/isolate_2/rep4_2.fq,2,val
Coronaviridae__MERS-CoV__isolate2__rep5,Coronaviridae,0,MERS-CoV,2,2,5,data/reads_multi/Coronaviridae/MERS-CoV/isolate_2/rep5_1.fq,data/reads_multi/Coronaviridae/MERS-CoV/isolate_2/rep5_2.fq,2,val
Coronaviridae__MERS-CoV__isolate3__rep0,Coronaviridae,0,MERS-CoV,2,3,0,data/reads_multi/Coronaviridae/MERS-CoV/isolate_3/rep0_1.fq,data/reads_multi/Coronaviridae/MERS-CoV/isolate_3/rep0_2.fq,3,train
Coronaviridae__MERS-CoV__isolate3__rep1,Coronaviridae,0,MERS-CoV,2,3,1,data/reads_multi/Coronaviridae/MERS-CoV/isolate_3/rep1_1.fq,data/reads_multi/Coronaviridae/MERS-CoV/isolate_3/rep1_2.fq,3,train
Coronaviridae__MERS-CoV__isolate3__rep2,Coronaviridae,0,MERS-CoV,2,3,2,data/reads_multi/Coronaviridae/MERS-CoV/isolate_3/rep2_1.fq,data/reads_multi/Coronaviridae/MERS-CoV/isolate_3/rep2_2.fq,3,train
Coronaviridae__MERS-CoV__isolate3__rep3,Coronaviridae,0,MERS-CoV,2,3,3,data/reads_multi/Coronaviridae/MERS-CoV/isolate_3/rep3_1.fq,data/reads_multi/Coronaviridae/MERS-CoV/isolate_3/rep3_2.fq,3,train
Coronaviridae__MERS-CoV__isolate3__rep4,Coronaviridae,0,MERS-CoV,2,3,4,data/reads_multi/Coronaviridae/MERS-CoV/isolate_3/rep4_1.fq,data/reads_multi/Coronaviridae/MERS-CoV/isolate_3/rep4_2.fq,3,train
Coronaviridae__MERS-CoV__isolate3__rep5,Coronaviridae,0,MERS-CoV,2,3,5,data/reads_multi/Coronaviridae/MERS-CoV/isolate_3/rep5_1.fq,data/reads_multi/Coronaviridae/MERS-CoV/isolate_3/rep5_2.fq,3,train
Coronaviridae__MERS-CoV__isolate4__rep0,Coronaviridae,0,MERS-CoV,2,4,0,data/reads_multi/Coronaviridae/MERS-CoV/isolate_4/rep0_1.fq,data/reads_multi/Coronaviridae/MERS-CoV/isolate_4/rep0_2.fq,4,train
Coronaviridae__MERS-CoV__isolate4__rep1,Coronaviridae,0,MERS-CoV,2,4,1,data/reads_multi/Coronaviridae/MERS-CoV/isolate_4/rep1_1.fq,data/reads_multi/Coronaviridae/MERS-CoV/isolate_4/rep1_2.fq,4,train
Coronaviridae__MERS-CoV__isolate4__rep2,Coronaviridae,0,MERS-CoV,2,4,2,data/reads_multi/Coronaviridae/MERS-CoV/isolate_4/rep2_1.fq,data/reads_multi/Coronaviridae/MERS-CoV/isolate_4/rep2_2.fq,4,train
Coronaviridae__MERS-CoV__isolate4__rep3,Coronaviridae,0,MERS-CoV,2,4,3,data/reads_multi/Coronaviridae/MERS-CoV/isolate_4/rep3_1.fq,data/reads_multi/Coronaviridae/MERS-CoV/isolate_4/rep3_2.fq,4,train
Coronaviridae__MERS-CoV__isolate4__rep4,Coronaviridae,0,MERS-CoV,2,4,4,data/reads_multi/Coronaviridae/MERS-CoV/isolate_4/rep4_1.fq,data/reads_multi/Coronaviridae/MERS-CoV/isolate_4/rep4_2.fq,4,train
Coronaviridae__MERS-CoV__isolate4__rep5,Coronaviridae,0,MERS-CoV,2,4,5,data/reads_multi/Coronaviridae/MERS-CoV/isolate_4/rep5_1.fq,data/reads_multi/Coronaviridae/MERS-CoV/isolate_4/rep5_2.fq,4,train
Coronaviridae__MERS-CoV__isolate5__rep0,Coronaviridae,0,MERS-CoV,2,5,0,data/reads_multi/Coronaviridae/MERS-CoV/isolate_5/rep0_1.fq,data/reads_multi/Coronaviridae/MERS-CoV/isolate_5/rep0_2.fq,0,train
Coronaviridae__MERS-CoV__isolate5__rep1,Coronaviridae,0,MERS-CoV,2,5,1,data/reads_multi/Coronaviridae/MERS-CoV/isolate_5/rep1_1.fq,data/reads_multi/Coronaviridae/MERS-CoV/isolate_5/rep1_2.fq,0,train
Coronaviridae__MERS-CoV__isolate5__rep2,Coronaviridae,0,MERS-CoV,2,5,2,data/reads_multi/Coronaviridae/MERS-CoV/isolate_5/rep2_1.fq,data/reads_multi/Coronaviridae/MERS-CoV/isolate_5/rep2_2.fq,0,train
Coronaviridae__MERS-CoV__isolate5__rep3,Coronaviridae,0,MERS-CoV,2,5,3,data/reads_multi/Coronaviridae/MERS-CoV/isolate_5/rep3_1.fq,data/reads_multi/Coronaviridae/MERS-CoV/isolate_5/rep3_2.fq,0,train
Coronaviridae__MERS-CoV__isolate5__rep4,Coronaviridae,0,MERS-CoV,2,5,4,data/reads_multi/Coronaviridae/MERS-CoV/isolate_5/rep4_1.fq,data/reads_multi/Coronaviridae/MERS-CoV/isolate_5/rep4_2.fq,0,train
Coronaviridae__MERS-CoV__isolate5__rep5,Coronaviridae,0,MERS-CoV,2,5,5,data/reads_multi/Coronaviridae/MERS-CoV/isolate_5/rep5_1.fq,data/reads_multi/Coronaviridae/MERS-CoV/isolate_5/rep5_2.fq,0,train
Coronaviridae__MERS-CoV__isolate6__rep0,Coronaviridae,0,MERS-CoV,2,6,0,data/reads_multi/Coronaviridae/MERS-CoV/isolate_6/rep0_1.fq,data/reads_multi/Coronaviridae/MERS-CoV/isolate_6/rep0_2.fq,1,test
Coronaviridae__MERS-CoV__isolate6__rep1,Coronaviridae,0,MERS-CoV,2,6,1,data/reads_multi/Coronaviridae/MERS-CoV/isolate_6/rep1_1.fq,data/reads_multi/Coronaviridae/MERS-CoV/isolate_6/rep1_2.fq,1,test
Coronaviridae__MERS-CoV__isolate6__rep2,Coronaviridae,0,MERS-CoV,2,6,2,data/reads_multi/Coronaviridae/MERS-CoV/isolate_6/rep2_1.fq,data/reads_multi/Coronaviridae/MERS-CoV/isolate_6/rep2_2.fq,1,test
Coronaviridae__MERS-CoV__isolate6__rep3,Coronaviridae,0,MERS-CoV,2,6,3,data/reads_multi/Coronaviridae/MERS-CoV/isolate_6/rep3_1.fq,data/reads_multi/Coronaviridae/MERS-CoV/isolate_6/rep3_2.fq,1,test
Coronaviridae__MERS-CoV__isolate6__rep4,Coronaviridae,0,MERS-CoV,2,6,4,data/reads_multi/Coronaviridae/MERS-CoV/isolate_6/rep4_1.fq,data/reads_multi/Coronaviridae/MERS-CoV/isolate_6/rep4_2.fq,1,test
Coronaviridae__MERS-CoV__isolate6__rep5,Coronaviridae,0,MERS-CoV,2,6,5,data/reads_multi/Coronaviridae/MERS-CoV/isolate_6/rep5_1.fq,data/reads_multi/Coronaviridae/MERS-CoV/isolate_6/rep5_2.fq,1,test
Coronaviridae__MERS-CoV__isolate7__rep0,Coronaviridae,0,MERS-CoV,2,7,0,data/reads_multi/Coronaviridae/MERS-CoV/isolate_7/rep0_1.fq,data/reads_multi/Coronaviridae/MERS-CoV/isolate_7/rep0_2.fq,2,val
Coronaviridae__MERS-CoV__isolate7__rep1,Coronaviridae,0,MERS-CoV,2,7,1,data/reads_multi/Coronaviridae/MERS-CoV/isolate_7/rep1_1.fq,data/reads_multi/Coronaviridae/MERS-CoV/isolate_7/rep1_2.fq,2,val
Coronaviridae__MERS-CoV__isolate7__rep2,Coronaviridae,0,MERS-CoV,2,7,2,data/reads_multi/Coronaviridae/MERS-CoV/isolate_7/rep2_1.fq,data/reads_multi/Coronaviridae/MERS-CoV/isolate_7/rep2_2.fq,2,val
Coronaviridae__MERS-CoV__isolate7__rep3,Coronaviridae,0,MERS-CoV,2,7,3,data/reads_multi/Coronaviridae/MERS-CoV/isolate_7/rep3_1.fq,data/reads_multi/Coronaviridae/MERS-CoV/isolate_7/rep3_2.fq,2,val
Coronaviridae__MERS-CoV__isolate7__rep4,Coronaviridae,0,MERS-CoV,2,7,4,data/reads_multi/Coronaviridae/MERS-CoV/isolate_7/rep4_1.fq,data/reads_multi/Coronaviridae/MERS-CoV/isolate_7/rep4_2.fq,2,val
Coronaviridae__MERS-CoV__isolate7__rep5,Coronaviridae,0,MERS-CoV,2,7,5,data/reads_multi/Coronaviridae/MERS-CoV/isolate_7/rep5_1.fq,data/reads_multi/Coronaviridae/MERS-CoV/isolate_7/rep5_2.fq,2,val
Coronaviridae__MERS-CoV__isolate8__rep0,Coronaviridae,0,MERS-CoV,2,8,0,data/reads_multi/Coronaviridae/MERS-CoV/isolate_8/rep0_1.fq,data/reads_multi/Coronaviridae/MERS-CoV/isolate_8/rep0_2.fq,3,train
Coronaviridae__MERS-CoV__isolate8__rep1,Coronaviridae,0,MERS-CoV,2,8,1,data/reads_multi/Coronaviridae/MERS-CoV/isolate_8/rep1_1.fq,data/reads_multi/Coronaviridae/MERS-CoV/isolate_8/rep1_2.fq,3,train
Coronaviridae__MERS-CoV__isolate8__rep2,Coronaviridae,0,MERS-CoV,2,8,2,data/reads_multi/Coronaviridae/MERS-CoV/isolate_8/rep2_1.fq,data/reads_multi/Coronaviridae/MERS-CoV/isolate_8/rep2_2.fq,3,train
Coronaviridae__MERS-CoV__isolate8__rep3,Coronaviridae,0,MERS-CoV,2,8,3,data/reads_multi/Coronaviridae/MERS-CoV/isolate_8/rep3_1.fq,data/reads_multi/Coronaviridae/MERS-CoV/isolate_8/rep3_2.fq,3,train
Coronaviridae__MERS-CoV__isolate8__rep4,Coronaviridae,0,MERS-CoV,2,8,4,data/reads_multi/Coronaviridae/MERS-CoV/isolate_8/rep4_1.fq,data/reads_multi/Coronaviridae/MERS-CoV/isolate_8/rep4_2.fq,3,train
Coronaviridae__MERS-CoV__isolate8__rep5,Coronaviridae,0,MERS-CoV,2,8,5,data/reads_multi/Coronaviridae/MERS-CoV/isolate_8/rep5_1.fq,data/reads_multi/Coronaviridae/MERS-CoV/isolate_8/rep5_2.fq,3,train
Coronaviridae__MERS-CoV__isolate9__rep0,Coronaviridae,0,MERS-CoV,2,9,0,data/reads_multi/Coronaviridae/MERS-CoV/isolate_9/rep0_1.fq,data/reads_multi/Coronaviridae/MERS-CoV/isolate_9/rep0_2.fq,4,train
Coronaviridae__MERS-CoV__isolate9__rep1,Coronaviridae,0,MERS-CoV,2,9,1,data/reads_multi/Coronaviridae/MERS-CoV/isolate_9/rep1_1.fq,data/reads_multi/Coronaviridae/MERS-CoV/isolate_9/rep1_2.fq,4,train
Coronaviridae__MERS-CoV__isolate9__rep2,Coronaviridae,0,MERS-CoV,2,9,2,data/reads_multi/Coronaviridae/MERS-CoV/isolate_9/rep2_1.fq,data/reads_multi/Coronaviridae/MERS-CoV/isolate_9/rep2_2.fq,4,train
Coronaviridae__MERS-CoV__isolate9__rep3,Coronaviridae,0,MERS-CoV,2,9,3,data/reads_multi/Coronaviridae/MERS-CoV/isolate_9/rep3_1.fq,data/reads_multi/Coronaviridae/MERS-CoV/isolate_9/rep3_2.fq,4,train
Coronaviridae__MERS-CoV__isolate9__rep4,Coronaviridae,0,MERS-CoV,2,9,4,data/reads_multi/Coronaviridae/MERS-CoV/isolate_9/rep4_1.fq,data/reads_multi/Coronaviridae/MERS-CoV/isolate_9/rep4_2.fq,4,train
Coronaviridae__MERS-CoV__isolate9__rep5,Coronaviridae,0,MERS-CoV,2,9,5,data/reads_multi/Coronaviridae/MERS-CoV/isolate_9/rep5_1.fq,data/reads_multi/Coronaviridae/MERS-CoV/isolate_9/rep5_2.fq,4,train
Coronaviridae__HCoV-229E__isolate0__rep0,Coronaviridae,0,HCoV-229E,3,0,0,data/reads_multi/Coronaviridae/HCoV-229E/isolate_0/rep0_1.fq,data/reads_multi/Coronaviridae/HCoV-229E/isolate_0/rep0_2.fq,0,train
Coronaviridae__HCoV-229E__isolate0__rep1,Coronaviridae,0,HCoV-229E,3,0,1,data/reads_multi/Coronaviridae/HCoV-229E/isolate_0/rep1_1.fq,data/reads_multi/Coronaviridae/HCoV-229E/isolate_0/rep1_2.fq,0,train
Coronaviridae__HCoV-229E__isolate0__rep2,Coronaviridae,0,HCoV-229E,3,0,2,data/reads_multi/Coronaviridae/HCoV-229E/isolate_0/rep2_1.fq,data/reads_multi/Coronaviridae/HCoV-229E/isolate_0/rep2_2.fq,0,train
Coronaviridae__HCoV-229E__isolate0__rep3,Coronaviridae,0,HCoV-229E,3,0,3,data/reads_multi/Coronaviridae/HCoV-229E/isolate_0/rep3_1.fq,data/reads_multi/Coronaviridae/HCoV-229E/isolate_0/rep3_2.fq,0,train
Coronaviridae__HCoV-229E__isolate0__rep4,Coronaviridae,0,HCoV-229E,3,0,4,data/reads_multi/Coronaviridae/HCoV-229E/isolate_0/rep4_1.fq,data/reads_multi/Coronaviridae/HCoV-229E/isolate_0/rep4_2.fq,0,train
Coronaviridae__HCoV-229E__isolate0__rep5,Coronaviridae,0,HCoV-229E,3,0,5,data/reads_multi/Coronaviridae/HCoV-229E/isolate_0/rep5_1.fq,data/reads_multi/Coronaviridae/HCoV-229E/isolate_0/rep5_2.fq,0,train
Coronaviridae__HCoV-229E__isolate1__rep0,Coronaviridae,0,HCoV-229E,3,1,0,data/reads_multi/Coronaviridae/HCoV-229E/isolate_1/rep0_1.fq,data/reads_multi/Coronaviridae/HCoV-229E/isolate_1/rep0_2.fq,1,test
Coronaviridae__HCoV-229E__isolate1__rep1,Coronaviridae,0,HCoV-229E,3,1,1,data/reads_multi/Coronaviridae/HCoV-229E/isolate_1/rep1_1.fq,data/reads_multi/Coronaviridae/HCoV-229E/isolate_1/rep1_2.fq,1,test
Coronaviridae__HCoV-229E__isolate1__rep2,Coronaviridae,0,HCoV-229E,3,1,2,data/reads_multi/Coronaviridae/HCoV-229E/isolate_1/rep2_1.fq,data/reads_multi/Coronaviridae/HCoV-229E/isolate_1/rep2_2.fq,1,test
Coronaviridae__HCoV-229E__isolate1__rep3,Coronaviridae,0,HCoV-229E,3,1,3,data/reads_multi/Coronaviridae/HCoV-229E/isolate_1/rep3_1.fq,data/reads_multi/Coronaviridae/HCoV-229E/isolate_1/rep3_2.fq,1,test
Coronaviridae__HCoV-229E__isolate1__rep4,Coronaviridae,0,HCoV-229E,3,1,4,data/reads_multi/Coronaviridae/HCoV-229E/isolate_1/rep4_1.fq,data/reads_multi/Coronaviridae/HCoV-229E/isolate_1/rep4_2.fq,1,test
Coronaviridae__HCoV-229E__isolate1__rep5,Coronaviridae,0,HCoV-229E,3,1,5,data/reads_multi/Coronaviridae/HCoV-229E/isolate_1/rep5_1.fq,data/reads_multi/Coronaviridae/HCoV-229E/isolate_1/rep5_2.fq,1,test
Coronaviridae__HCoV-229E__isolate2__rep0,Coronaviridae,0,HCoV-229E,3,2,0,data/reads_multi/Coronaviridae/HCoV-229E/isolate_2/rep0_1.fq,data/reads_multi/Coronaviridae/HCoV-229E/isolate_2/rep0_2.fq,2,val
Coronaviridae__HCoV-229E__isolate2__rep1,Coronaviridae,0,HCoV-229E,3,2,1,data/reads_multi/Coronaviridae/HCoV-229E/isolate_2/rep1_1.fq,data/reads_multi/Coronaviridae/HCoV-229E/isolate_2/rep1_2.fq,2,val
Coronaviridae__HCoV-229E__isolate2__rep2,Coronaviridae,0,HCoV-229E,3,2,2,data/reads_multi/Coronaviridae/HCoV-229E/isolate_2/rep2_1.fq,data/reads_multi/Coronaviridae/HCoV-229E/isolate_2/rep2_2.fq,2,val
Coronaviridae__HCoV-229E__isolate2__rep3,Coronaviridae,0,HCoV-229E,3,2,3,data/reads_multi/Coronaviridae/HCoV-229E/isolate_2/rep3_1.fq,data/reads_multi/Coronaviridae/HCoV-229E/isolate_2/rep3_2.fq,2,val
Coronaviridae__HCoV-229E__isolate2__rep4,Coronaviridae,0,HCoV-229E,3,2,4,data/reads_multi/Coronaviridae/HCoV-229E/isolate_2/rep4_1.fq,data/reads_multi/Coronaviridae/HCoV-229E/isolate_2/rep4_2.fq,2,val
Coronaviridae__HCoV-229E__isolate2__rep5,Coronaviridae,0,HCoV-229E,3,2,5,data/reads_multi/Coronaviridae/HCoV-229E/isolate_2/rep5_1.fq,data/reads_multi/Coronaviridae/HCoV-229E/isolate_2/rep5_2.fq,2,val
Coronaviridae__HCoV-229E__isolate3__rep0,Coronaviridae,0,HCoV-229E,3,3,0,data/reads_multi/Coronaviridae/HCoV-229E/isolate_3/rep0_1.fq,data/reads_multi/Coronaviridae/HCoV-229E/isolate_3/rep0_2.fq,3,train
Coronaviridae__HCoV-229E__isolate3__rep1,Coronaviridae,0,HCoV-229E,3,3,1,data/reads_multi/Coronaviridae/HCoV-229E/isolate_3/rep1_1.fq,data/reads_multi/Coronaviridae/HCoV-229E/isolate_3/rep1_2.fq,3,train
Coronaviridae__HCoV-229E__isolate3__rep2,Coronaviridae,0,HCoV-229E,3,3,2,data/reads_multi/Coronaviridae/HCoV-229E/isolate_3/rep2_1.fq,data/reads_multi/Coronaviridae/HCoV-229E/isolate_3/rep2_2.fq,3,train
Coronaviridae__HCoV-229E__isolate3__rep3,Coronaviridae,0,HCoV-229E,3,3,3,data/reads_multi/Coronaviridae/HCoV-229E/isolate_3/rep3_1.fq,data/reads_multi/Coronaviridae/HCoV-229E/isolate_3/rep3_2.fq,3,train
Coronaviridae__HCoV-229E__isolate3__rep4,Coronaviridae,0,HCoV-229E,3,3,4,data/reads_multi/Coronaviridae/HCoV-229E/isolate_3/rep4_1.fq,data/reads_multi/Coronaviridae/HCoV-229E/isolate_3/rep4_2.fq,3,train
Coronaviridae__HCoV-229E__isolate3__rep5,Coronaviridae,0,HCoV-229E,3,3,5,data/reads_multi/Coronaviridae/HCoV-229E/isolate_3/rep5_1.fq,data/reads_multi/Coronaviridae/HCoV-229E/isolate_3/rep5_2.fq,3,train
Coronaviridae__HCoV-229E__isolate4__rep0,Coronaviridae,0,HCoV-229E,3,4,0,data/reads_multi/Coronaviridae/HCoV-229E/isolate_4/rep0_1.fq,data/reads_multi/Coronaviridae/HCoV-229E/isolate_4/rep0_2.fq,4,train
Coronaviridae__HCoV-229E__isolate4__rep1,Coronaviridae,0,HCoV-229E,3,4,1,data/reads_multi/Coronaviridae/HCoV-229E/isolate_4/rep1_1.fq,data/reads_multi/Coronaviridae/HCoV-229E/isolate_4/rep1_2.fq,4,train
Coronaviridae__HCoV-229E__isolate4__rep2,Coronaviridae,0,HCoV-229E,3,4,2,data/reads_multi/Coronaviridae/HCoV-229E/isolate_4/rep2_1.fq,data/reads_multi/Coronaviridae/HCoV-229E/isolate_4/rep2_2.fq,4,train
Coronaviridae__HCoV-229E__isolate4__rep3,Coronaviridae,0,HCoV-229E,3,4,3,data/reads_multi/Coronaviridae/HCoV-229E/isolate_4/rep3_1.fq,data/reads_multi/Coronaviridae/HCoV-229E/isolate_4/rep3_2.fq,4,train
Coronaviridae__HCoV-229E__isolate4__rep4,Coronaviridae,0,HCoV-229E,3,4,4,data/reads_multi/Coronaviridae/HCoV-229E/isolate_4/rep4_1.fq,data/reads_multi/Coronaviridae/HCoV-229E/isolate_4/rep4_2.fq,4,train
Coronaviridae__HCoV-229E__isolate4__rep5,Coronaviridae,0,HCoV-229E,3,4,5,data/reads_multi/Coronaviridae/HCoV-229E/isolate_4/rep5_1.fq,data/reads_multi/Coronaviridae/HCoV-229E/isolate_4/rep5_2.fq,4,train
Coronaviridae__HCoV-229E__isolate5__rep0,Coronaviridae,0,HCoV-229E,3,5,0,data/reads_multi/Coronaviridae/HCoV-229E/isolate_5/rep0_1.fq,data/reads_multi/Coronaviridae/HCoV-229E/isolate_5/rep0_2.fq,0,train
Coronaviridae__HCoV-229E__isolate5__rep1,Coronaviridae,0,HCoV-229E,3,5,1,data/reads_multi/Coronaviridae/HCoV-229E/isolate_5/rep1_1.fq,data/reads_multi/Coronaviridae/HCoV-229E/isolate_5/rep1_2.fq,0,train
Coronaviridae__HCoV-229E__isolate5__rep2,Coronaviridae,0,HCoV-229E,3,5,2,data/reads_multi/Coronaviridae/HCoV-229E/isolate_5/rep2_1.fq,data/reads_multi/Coronaviridae/HCoV-229E/isolate_5/rep2_2.fq,0,train
Coronaviridae__HCoV-229E__isolate5__rep3,Coronaviridae,0,HCoV-229E,3,5,3,data/reads_multi/Coronaviridae/HCoV-229E/isolate_5/rep3_1.fq,data/reads_multi/Coronaviridae/HCoV-229E/isolate_5/rep3_2.fq,0,train
Coronaviridae__HCoV-229E__isolate5__rep4,Coronaviridae,0,HCoV-229E,3,5,4,data/reads_multi/Coronaviridae/HCoV-229E/isolate_5/rep4_1.fq,data/reads_multi/Coronaviridae/HCoV-229E/isolate_5/rep4_2.fq,0,train
Coronaviridae__HCoV-229E__isolate5__rep5,Coronaviridae,0,HCoV-229E,3,5,5,data/reads_multi/Coronaviridae/HCoV-229E/isolate_5/rep5_1.fq,data/reads_multi/Coronaviridae/HCoV-229E/isolate_5/rep5_2.fq,0,train
Coronaviridae__HCoV-229E__isolate6__rep0,Coronaviridae,0,HCoV-229E,3,6,0,data/reads_multi/Coronaviridae/HCoV-229E/isolate_6/rep0_1.fq,data/reads_multi/Coronaviridae/HCoV-229E/isolate_6/rep0_2.fq,1,test
Coronaviridae__HCoV-229E__isolate6__rep1,Coronaviridae,0,HCoV-229E,3,6,1,data/reads_multi/Coronaviridae/HCoV-229E/isolate_6/rep1_1.fq,data/reads_multi/Coronaviridae/HCoV-229E/isolate_6/rep1_2.fq,1,test
Coronaviridae__HCoV-229E__isolate6__rep2,Coronaviridae,0,HCoV-229E,3,6,2,data/reads_multi/Coronaviridae/HCoV-229E/isolate_6/rep2_1.fq,data/reads_multi/Coronaviridae/HCoV-229E/isolate_6/rep2_2.fq,1,test
Coronaviridae__HCoV-229E__isolate6__rep3,Coronaviridae,0,HCoV-229E,3,6,3,data/reads_multi/Coronaviridae/HCoV-229E/isolate_6/rep3_1.fq,data/reads_multi/Coronaviridae/HCoV-229E/isolate_6/rep3_2.fq,1,test
Coronaviridae__HCoV-229E__isolate6__rep4,Coronaviridae,0,HCoV-229E,3,6,4,data/reads_multi/Coronaviridae/HCoV-229E/isolate_6/rep4_1.fq,data/reads_multi/Coronaviridae/HCoV-229E/isolate_6/rep4_2.fq,1,test
Coronaviridae__HCoV-229E__isolate6__rep5,Coronaviridae,0,HCoV-229E,3,6,5,data/reads_multi/Coronaviridae/HCoV-229E/isolate_6/rep5_1.fq,data/reads_multi/Coronaviridae/HCoV-229E/isolate_6/rep5_2.fq,1,test
Coronaviridae__HCoV-229E__isolate7__rep0,Coronaviridae,0,HCoV-229E,3,7,0,data/reads_multi/Coronaviridae/HCoV-229E/isolate_7/rep0_1.fq,data/reads_multi/Coronaviridae/HCoV-229E/isolate_7/rep0_2.fq,2,val
Coronaviridae__HCoV-229E__isolate7__rep1,Coronaviridae,0,HCoV-229E,3,7,1,data/reads_multi/Coronaviridae/HCoV-229E/isolate_7/rep1_1.fq,data/reads_multi/Coronaviridae/HCoV-229E/isolate_7/rep1_2.fq,2,val
Coronaviridae__HCoV-229E__isolate7__rep2,Coronaviridae,0,HCoV-229E,3,7,2,data/reads_multi/Coronaviridae/HCoV-229E/isolate_7/rep2_1.fq,data/reads_multi/Coronaviridae/HCoV-229E/isolate_7/rep2_2.fq,2,val
Coronaviridae__HCoV-229E__isolate7__rep3,Coronaviridae,0,HCoV-229E,3,7,3,data/reads_multi/Coronaviridae/HCoV-229E/isolate_7/rep3_1.fq,data/reads_multi/Coronaviridae/HCoV-229E/isolate_7/rep3_2.fq,2,val
Coronaviridae__HCoV-229E__isolate7__rep4,Coronaviridae,0,HCoV-229E,3,7,4,data/reads_multi/Coronaviridae/HCoV-229E/isolate_7/rep4_1.fq,data/reads_multi/Coronaviridae/HCoV-229E/isolate_7/rep4_2.fq,2,val
Coronaviridae__HCoV-229E__isolate7__rep5,Coronaviridae,0,HCoV-229E,3,7,5,data/reads_multi/Coronaviridae/HCoV-229E/isolate_7/rep5_1.fq,data/reads_multi/Coronaviridae/HCoV-229E/isolate_7/rep5_2.fq,2,val
Coronaviridae__HCoV-229E__isolate8__rep0,Coronaviridae,0,HCoV-229E,3,8,0,data/reads_multi/Coronaviridae/HCoV-229E/isolate_8/rep0_1.fq,data/reads_multi/Coronaviridae/HCoV-229E/isolate_8/rep0_2.fq,3,train
Coronaviridae__HCoV-229E__isolate8__rep1,Coronaviridae,0,HCoV-229E,3,8,1,data/reads_multi/Coronaviridae/HCoV-229E/isolate_8/rep1_1.fq,data/reads_multi/Coronaviridae/HCoV-229E/isolate_8/rep1_2.fq,3,train
Coronaviridae__HCoV-229E__isolate8__rep2,Coronaviridae,0,HCoV-229E,3,8,2,data/reads_multi/Coronaviridae/HCoV-229E/isolate_8/rep2_1.fq,data/reads_multi/Coronaviridae/HCoV-229E/isolate_8/rep2_2.fq,3,train
Coronaviridae__HCoV-229E__isolate8__rep3,Coronaviridae,0,HCoV-229E,3,8,3,data/reads_multi/Coronaviridae/HCoV-229E/isolate_8/rep3_1.fq,data/reads_multi/Coronaviridae/HCoV-229E/isolate_8/rep3_2.fq,3,train
Coronaviridae__HCoV-229E__isolate8__rep4,Coronaviridae,0,HCoV-229E,3,8,4,data/reads_multi/Coronaviridae/HCoV-229E/isolate_8/rep4_1.fq,data/reads_multi/Coronaviridae/HCoV-229E/isolate_8/rep4_2.fq,3,train
Coronaviridae__HCoV-229E__isolate8__rep5,Coronaviridae,0,HCoV-229E,3,8,5,data/reads_multi/Coronaviridae/HCoV-229E/isolate_8/rep5_1.fq,data/reads_multi/Coronaviridae/HCoV-229E/isolate_8/rep5_2.fq,3,train
Coronaviridae__HCoV-229E__isolate9__rep0,Coronaviridae,0,HCoV-229E,3,9,0,data/reads_multi/Coronaviridae/HCoV-229E/isolate_9/rep0_1.fq,data/reads_multi/Coronaviridae/HCoV-229E/isolate_9/rep0_2.fq,4,train
Coronaviridae__HCoV-229E__isolate9__rep1,Coronaviridae,0,HCoV-229E,3,9,1,data/reads_multi/Coronaviridae/HCoV-229E/isolate_9/rep1_1.fq,data/reads_multi/Coronaviridae/HCoV-229E/isolate_9/rep1_2.fq,4,train
Coronaviridae__HCoV-229E__isolate9__rep2,Coronaviridae,0,HCoV-229E,3,9,2,data/reads_multi/Coronaviridae/HCoV-229E/isolate_9/rep2_1.fq,data/reads_multi/Coronaviridae/HCoV-229E/isolate_9/rep2_2.fq,4,train
Coronaviridae__HCoV-229E__isolate9__rep3,Coronaviridae,0,HCoV-229E,3,9,3,data/reads_multi/Coronaviridae/HCoV-229E/isolate_9/rep3_1.fq,data/reads_multi/Coronaviridae/HCoV-229E/isolate_9/rep3_2.fq,4,train
Coronaviridae__HCoV-229E__isolate9__rep4,Coronaviridae,0,HCoV-229E,3,9,4,data/reads_multi/Coronaviridae/HCoV-229E/isolate_9/rep4_1.fq,data/reads_multi/Coronaviridae/HCoV-229E/isolate_9/rep4_2.fq,4,train
Coronaviridae__HCoV-229E__isolate9__rep5,Coronaviridae,0,HCoV-229E,3,9,5,data/reads_multi/Coronaviridae/HCoV-229E/isolate_9/rep5_1.fq,data/reads_multi/Coronaviridae/HCoV-229E/isolate_9/rep5_2.fq,4,train
Coronaviridae__HCoV-NL63__isolate0__rep0,Coronaviridae,0,HCoV-NL63,4,0,0,data/reads_multi/Coronaviridae/HCoV-NL63/isolate_0/rep0_1.fq,data/reads_multi/Coronaviridae/HCoV-NL63/isolate_0/rep0_2.fq,0,train
Coronaviridae__HCoV-NL63__isolate0__rep1,Coronaviridae,0,HCoV-NL63,4,0,1,data/reads_multi/Coronaviridae/HCoV-NL63/isolate_0/rep1_1.fq,data/reads_multi/Coronaviridae/HCoV-NL63/isolate_0/rep1_2.fq,0,train
Coronaviridae__HCoV-NL63__isolate0__rep2,Coronaviridae,0,HCoV-NL63,4,0,2,data/reads_multi/Coronaviridae/HCoV-NL63/isolate_0/rep2_1.fq,data/reads_multi/Coronaviridae/HCoV-NL63/isolate_0/rep2_2.fq,0,train
Coronaviridae__HCoV-NL63__isolate0__rep3,Coronaviridae,0,HCoV-NL63,4,0,3,data/reads_multi/Coronaviridae/HCoV-NL63/isolate_0/rep3_1.fq,data/reads_multi/Coronaviridae/HCoV-NL63/isolate_0/rep3_2.fq,0,train
Coronaviridae__HCoV-NL63__isolate0__rep4,Coronaviridae,0,HCoV-NL63,4,0,4,data/reads_multi/Coronaviridae/HCoV-NL63/isolate_0/rep4_1.fq,data/reads_multi/Coronaviridae/HCoV-NL63/isolate_0/rep4_2.fq,0,train
Coronaviridae__HCoV-NL63__isolate0__rep5,Coronaviridae,0,HCoV-NL63,4,0,5,data/reads_multi/Coronaviridae/HCoV-NL63/isolate_0/rep5_1.fq,data/reads_multi/Coronaviridae/HCoV-NL63/isolate_0/rep5_2.fq,0,train
Coronaviridae__HCoV-NL63__isolate1__rep0,Coronaviridae,0,HCoV-NL63,4,1,0,data/reads_multi/Coronaviridae/HCoV-NL63/isolate_1/rep0_1.fq,data/reads_multi/Coronaviridae/HCoV-NL63/isolate_1/rep0_2.fq,1,test
Coronaviridae__HCoV-NL63__isolate1__rep1,Coronaviridae,0,HCoV-NL63,4,1,1,data/reads_multi/Coronaviridae/HCoV-NL63/isolate_1/rep1_1.fq,data/reads_multi/Coronaviridae/HCoV-NL63/isolate_1/rep1_2.fq,1,test
Coronaviridae__HCoV-NL63__isolate1__rep2,Coronaviridae,0,HCoV-NL63,4,1,2,data/reads_multi/Coronaviridae/HCoV-NL63/isolate_1/rep2_1.fq,data/reads_multi/Coronaviridae/HCoV-NL63/isolate_1/rep2_2.fq,1,test
Coronaviridae__HCoV-NL63__isolate1__rep3,Coronaviridae,0,HCoV-NL63,4,1,3,data/reads_multi/Coronaviridae/HCoV-NL63/isolate_1/rep3_1.fq,data/reads_multi/Coronaviridae/HCoV-NL63/isolate_1/rep3_2.fq,1,test
Coronaviridae__HCoV-NL63__isolate1__rep4,Coronaviridae,0,HCoV-NL63,4,1,4,data/reads_multi/Coronaviridae/HCoV-NL63/isolate_1/rep4_1.fq,data/reads_multi/Coronaviridae/HCoV-NL63/isolate_1/rep4_2.fq,1,test
Coronaviridae__HCoV-NL63__isolate1__rep5,Coronaviridae,0,HCoV-NL63,4,1,5,data/reads_multi/Coronaviridae/HCoV-NL63/isolate_1/rep5_1.fq,data/reads_multi/Coronaviridae/HCoV-NL63/isolate_1/rep5_2.fq,1,test
Coronaviridae__HCoV-NL63__isolate2__rep0,Coronaviridae,0,HCoV-NL63,4,2,0,data/reads_multi/Coronaviridae/HCoV-NL63/isolate_2/rep0_1.fq,data/reads_multi/Coronaviridae/HCoV-NL63/isolate_2/rep0_2.fq,2,val
Coronaviridae__HCoV-NL63__isolate2__rep1,Coronaviridae,0,HCoV-NL63,4,2,1,data/reads_multi/Coronaviridae/HCoV-NL63/isolate_2/rep1_1.fq,data/reads_multi/Coronaviridae/HCoV-NL63/isolate_2/rep1_2.fq,2,val
Coronaviridae__HCoV-NL63__isolate2__rep2,Coronaviridae,0,HCoV-NL63,4,2,2,data/reads_multi/Coronaviridae/HCoV-NL63/isolate_2/rep2_1.fq,data/reads_multi/Coronaviridae/HCoV-NL63/isolate_2/rep2_2.fq,2,val
Coronaviridae__HCoV-NL63__isolate2__rep3,Coronaviridae,0,HCoV-NL63,4,2,3,data/reads_multi/Coronaviridae/HCoV-NL63/isolate_2/rep3_1.fq,data/reads_multi/Coronaviridae/HCoV-NL63/isolate_2/rep3_2.fq,2,val
Coronaviridae__HCoV-NL63__isolate2__rep4,Coronaviridae,0,HCoV-NL63,4,2,4,data/reads_multi/Coronaviridae/HCoV-NL63/isolate_2/rep4_1.fq,data/reads_multi/Coronaviridae/HCoV-NL63/isolate_2/rep4_2.fq,2,val
Coronaviridae__HCoV-NL63__isolate2__rep5,Coronaviridae,0,HCoV-NL63,4,2,5,data/reads_multi/Coronaviridae/HCoV-NL63/isolate_2/rep5_1.fq,data/reads_multi/Coronaviridae/HCoV-NL63/isolate_2/rep5_2.fq,2,val
Coronaviridae__HCoV-NL63__isolate3__rep0,Coronaviridae,0,HCoV-NL63,4,3,0,data/reads_multi/Coronaviridae/HCoV-NL63/isolate_3/rep0_1.fq,data/reads_multi/Coronaviridae/HCoV-NL63/isolate_3/rep0_2.fq,3,train
Coronaviridae__HCoV-NL63__isolate3__rep1,Coronaviridae,0,HCoV-NL63,4,3,1,data/reads_multi/Coronaviridae/HCoV-NL63/isolate_3/rep1_1.fq,data/reads_multi/Coronaviridae/HCoV-NL63/isolate_3/rep1_2.fq,3,train
Coronaviridae__HCoV-NL63__isolate3__rep2,Coronaviridae,0,HCoV-NL63,4,3,2,data/reads_multi/Coronaviridae/HCoV-NL63/isolate_3/rep2_1.fq,data/reads_multi/Coronaviridae/HCoV-NL63/isolate_3/rep2_2.fq,3,train
Coronaviridae__HCoV-NL63__isolate3__rep3,Coronaviridae,0,HCoV-NL63,4,3,3,data/reads_multi/Coronaviridae/HCoV-NL63/isolate_3/rep3_1.fq,data/reads_multi/Coronaviridae/HCoV-NL63/isolate_3/rep3_2.fq,3,train
Coronaviridae__HCoV-NL63__isolate3__rep4,Coronaviridae,0,HCoV-NL63,4,3,4,data/reads_multi/Coronaviridae/HCoV-NL63/isolate_3/rep4_1.fq,data/reads_multi/Coronaviridae/HCoV-NL63/isolate_3/rep4_2.fq,3,train
Coronaviridae__HCoV-NL63__isolate3__rep5,Coronaviridae,0,HCoV-NL63,4,3,5,data/reads_multi/Coronaviridae/HCoV-NL63/isolate_3/rep5_1.fq,data/reads_multi/Coronaviridae/HCoV-NL63/isolate_3/rep5_2.fq,3,train
Coronaviridae__HCoV-NL63__isolate4__rep0,Coronaviridae,0,HCoV-NL63,4,4,0,data/reads_multi/Coronaviridae/HCoV-NL63/isolate_4/rep0_1.fq,data/reads_multi/Coronaviridae/HCoV-NL63/isolate_4/rep0_2.fq,4,train
Coronaviridae__HCoV-NL63__isolate4__rep1,Coronaviridae,0,HCoV-NL63,4,4,1,data/reads_multi/Coronaviridae/HCoV-NL63/isolate_4/rep1_1.fq,data/reads_multi/Coronaviridae/HCoV-NL63/isolate_4/rep1_2.fq,4,train
Coronaviridae__HCoV-NL63__isolate4__rep2,Coronaviridae,0,HCoV-NL63,4,4,2,data/reads_multi/Coronaviridae/HCoV-NL63/isolate_4/rep2_1.fq,data/reads_multi/Coronaviridae/HCoV-NL63/isolate_4/rep2_2.fq,4,train
Coronaviridae__HCoV-NL63__isolate4__rep3,Coronaviridae,0,HCoV-NL63,4,4,3,data/reads_multi/Coronaviridae/HCoV-NL63/isolate_4/rep3_1.fq,data/reads_multi/Coronaviridae/HCoV-NL63/isolate_4/rep3_2.fq,4,train
Coronaviridae__HCoV-NL63__isolate4__rep4,Coronaviridae,0,HCoV-NL63,4,4,4,data/reads_multi/Coronaviridae/HCoV-NL63/isolate_4/rep4_1.fq,data/reads_multi/Coronaviridae/HCoV-NL63/isolate_4/rep4_2.fq,4,train
Coronaviridae__HCoV-NL63__isolate4__rep5,Coronaviridae,0,HCoV-NL63,4,4,5,data/reads_multi/Coronaviridae/HCoV-NL63/isolate_4/rep5_1.fq,data/reads_multi/Coronaviridae/HCoV-NL63/isolate_4/rep5_2.fq,4,train
Coronaviridae__HCoV-NL63__isolate5__rep0,Coronaviridae,0,HCoV-NL63,4,5,0,data/reads_multi/Coronaviridae/HCoV-NL63/isolate_5/rep0_1.fq,data/reads_multi/Coronaviridae/HCoV-NL63/isolate_5/rep0_2.fq,0,train
Coronaviridae__HCoV-NL63__isolate5__rep1,Coronaviridae,0,HCoV-NL63,4,5,1,data/reads_multi/Coronaviridae/HCoV-NL63/isolate_5/rep1_1.fq,data/reads_multi/Coronaviridae/HCoV-NL63/isolate_5/rep1_2.fq,0,train
Coronaviridae__HCoV-NL63__isolate5__rep2,Coronaviridae,0,HCoV-NL63,4,5,2,data/reads_multi/Coronaviridae/HCoV-NL63/isolate_5/rep2_1.fq,data/reads_multi/Coronaviridae/HCoV-NL63/isolate_5/rep2_2.fq,0,train
Coronaviridae__HCoV-NL63__isolate5__rep3,Coronaviridae,0,HCoV-NL63,4,5,3,data/reads_multi/Coronaviridae/HCoV-NL63/isolate_5/rep3_1.fq,data/reads_multi/Coronaviridae/HCoV-NL63/isolate_5/rep3_2.fq,0,train
Coronaviridae__HCoV-NL63__isolate5__rep4,Coronaviridae,0,HCoV-NL63,4,5,4,data/reads_multi/Coronaviridae/HCoV-NL63/isolate_5/rep4_1.fq,data/reads_multi/Coronaviridae/HCoV-NL63/isolate_5/rep4_2.fq,0,train
Coronaviridae__HCoV-NL63__isolate5__rep5,Coronaviridae,0,HCoV-NL63,4,5,5,data/reads_multi/Coronaviridae/HCoV-NL63/isolate_5/rep5_1.fq,data/reads_multi/Coronaviridae/HCoV-NL63/isolate_5/rep5_2.fq,0,train
Coronaviridae__HCoV-NL63__isolate6__rep0,Coronaviridae,0,HCoV-NL63,4,6,0,data/reads_multi/Coronaviridae/HCoV-NL63/isolate_6/rep0_1.fq,data/reads_multi/Coronaviridae/HCoV-NL63/isolate_6/rep0_2.fq,1,test
Coronaviridae__HCoV-NL63__isolate6__rep1,Coronaviridae,0,HCoV-NL63,4,6,1,data/reads_multi/Coronaviridae/HCoV-NL63/isolate_6/rep1_1.fq,data/reads_multi/Coronaviridae/HCoV-NL63/isolate_6/rep1_2.fq,1,test
Coronaviridae__HCoV-NL63__isolate6__rep2,Coronaviridae,0,HCoV-NL63,4,6,2,data/reads_multi/Coronaviridae/HCoV-NL63/isolate_6/rep2_1.fq,data/reads_multi/Coronaviridae/HCoV-NL63/isolate_6/rep2_2.fq,1,test
Coronaviridae__HCoV-NL63__isolate6__rep3,Coronaviridae,0,HCoV-NL63,4,6,3,data/reads_multi/Coronaviridae/HCoV-NL63/isolate_6/rep3_1.fq,data/reads_multi/Coronaviridae/HCoV-NL63/isolate_6/rep3_2.fq,1,test
Coronaviridae__HCoV-NL63__isolate6__rep4,Coronaviridae,0,HCoV-NL63,4,6,4,data/reads_multi/Coronaviridae/HCoV-NL63/isolate_6/rep4_1.fq,data/reads_multi/Coronaviridae/HCoV-NL63/isolate_6/rep4_2.fq,1,test
Coronaviridae__HCoV-NL63__isolate6__rep5,Coronaviridae,0,HCoV-NL63,4,6,5,data/reads_multi/Coronaviridae/HCoV-NL63/isolate_6/rep5_1.fq,data/reads_multi/Coronaviridae/HCoV-NL63/isolate_6/rep5_2.fq,1,test
Coronaviridae__HCoV-NL63__isolate7__rep0,Coronaviridae,0,HCoV-NL63,4,7,0,data/reads_multi/Coronaviridae/HCoV-NL63/isolate_7/rep0_1.fq,data/reads_multi/Coronaviridae/HCoV-NL63/isolate_7/rep0_2.fq,2,val
Coronaviridae__HCoV-NL63__isolate7__rep1,Coronaviridae,0,HCoV-NL63,4,7,1,data/reads_multi/Coronaviridae/HCoV-NL63/isolate_7/rep1_1.fq,data/reads_multi/Coronaviridae/HCoV-NL63/isolate_7/rep1_2.fq,2,val
Coronaviridae__HCoV-NL63__isolate7__rep2,Coronaviridae,0,HCoV-NL63,4,7,2,data/reads_multi/Coronaviridae/HCoV-NL63/isolate_7/rep2_1.fq,data/reads_multi/Coronaviridae/HCoV-NL63/isolate_7/rep2_2.fq,2,val
Coronaviridae__HCoV-NL63__isolate7__rep3,Coronaviridae,0,HCoV-NL63,4,7,3,data/reads_multi/Coronaviridae/HCoV-NL63/isolate_7/rep3_1.fq,data/reads_multi/Coronaviridae/HCoV-NL63/isolate_7/rep3_2.fq,2,val
Coronaviridae__HCoV-NL63__isolate7__rep4,Coronaviridae,0,HCoV-NL63,4,7,4,data/reads_multi/Coronaviridae/HCoV-NL63/isolate_7/rep4_1.fq,data/reads_multi/Coronaviridae/HCoV-NL63/isolate_7/rep4_2.fq,2,val
Coronaviridae__HCoV-NL63__isolate7__rep5,Coronaviridae,0,HCoV-NL63,4,7,5,data/reads_multi/Coronaviridae/HCoV-NL63/isolate_7/rep5_1.fq,data/reads_multi/Coronaviridae/HCoV-NL63/isolate_7/rep5_2.fq,2,val
Coronaviridae__HCoV-NL63__isolate8__rep0,Coronaviridae,0,HCoV-NL63,4,8,0,data/reads_multi/Coronaviridae/HCoV-NL63/isolate_8/rep0_1.fq,data/reads_multi/Coronaviridae/HCoV-NL63/isolate_8/rep0_2.fq,3,train
Coronaviridae__HCoV-NL63__isolate8__rep1,Coronaviridae,0,HCoV-NL63,4,8,1,data/reads_multi/Coronaviridae/HCoV-NL63/isolate_8/rep1_1.fq,data/reads_multi/Coronaviridae/HCoV-NL63/isolate_8/rep1_2.fq,3,train
Coronaviridae__HCoV-NL63__isolate8__rep2,Coronaviridae,0,HCoV-NL63,4,8,2,data/reads_multi/Coronaviridae/HCoV-NL63/isolate_8/rep2_1.fq,data/reads_multi/Coronaviridae/HCoV-NL63/isolate_8/rep2_2.fq,3,train
Coronaviridae__HCoV-NL63__isolate8__rep3,Coronaviridae,0,HCoV-NL63,4,8,3,data/reads_multi/Coronaviridae/HCoV-NL63/isolate_8/rep3_1.fq,data/reads_multi/Coronaviridae/HCoV-NL63/isolate_8/rep3_2.fq,3,train
Coronaviridae__HCoV-NL63__isolate8__rep4,Coronaviridae,0,HCoV-NL63,4,8,4,data/reads_multi/Coronaviridae/HCoV-NL63/isolate_8/rep4_1.fq,data/reads_multi/Coronaviridae/HCoV-NL63/isolate_8/rep4_2.fq,3,train
Coronaviridae__HCoV-NL63__isolate8__rep5,Coronaviridae,0,HCoV-NL63,4,8,5,data/reads_multi/Coronaviridae/HCoV-NL63/isolate_8/rep5_1.fq,data/reads_multi/Coronaviridae/HCoV-NL63/isolate_8/rep5_2.fq,3,train
Coronaviridae__HCoV-NL63__isolate9__rep0,Coronaviridae,0,HCoV-NL63,4,9,0,data/reads_multi/Coronaviridae/HCoV-NL63/isolate_9/rep0_1.fq,data/reads_multi/Coronaviridae/HCoV-NL63/isolate_9/rep0_2.fq,4,train
Coronaviridae__HCoV-NL63__isolate9__rep1,Coronaviridae,0,HCoV-NL63,4,9,1,data/reads_multi/Coronaviridae/HCoV-NL63/isolate_9/rep1_1.fq,data/reads_multi/Coronaviridae/HCoV-NL63/isolate_9/rep1_2.fq,4,train
Coronaviridae__HCoV-NL63__isolate9__rep2,Coronaviridae,0,HCoV-NL63,4,9,2,data/reads_multi/Coronaviridae/HCoV-NL63/isolate_9/rep2_1.fq,data/reads_multi/Coronaviridae/HCoV-NL63/isolate_9/rep2_2.fq,4,train
Coronaviridae__HCoV-NL63__isolate9__rep3,Coronaviridae,0,HCoV-NL63,4,9,3,data/reads_multi/Coronaviridae/HCoV-NL63/isolate_9/rep3_1.fq,data/reads_multi/Coronaviridae/HCoV-NL63/isolate_9/rep3_2.fq,4,train
Coronaviridae__HCoV-NL63__isolate9__rep4,Coronaviridae,0,HCoV-NL63,4,9,4,data/reads_multi/Coronaviridae/HCoV-NL63/isolate_9/rep4_1.fq,data/reads_multi/Coronaviridae/HCoV-NL63/isolate_9/rep4_2.fq,4,train
Coronaviridae__HCoV-NL63__isolate9__rep5,Coronaviridae,0,HCoV-NL63,4,9,5,data/reads_multi/Coronaviridae/HCoV-NL63/isolate_9/rep5_1.fq,data/reads_multi/Coronaviridae/HCoV-NL63/isolate_9/rep5_2.fq,4,train
Coronaviridae__HCoV-OC43__isolate0__rep0,Coronaviridae,0,HCoV-OC43,5,0,0,data/reads_multi/Coronaviridae/HCoV-OC43/isolate_0/rep0_1.fq,data/reads_multi/Coronaviridae/HCoV-OC43/isolate_0/rep0_2.fq,0,train
Coronaviridae__HCoV-OC43__isolate0__rep1,Coronaviridae,0,HCoV-OC43,5,0,1,data/reads_multi/Coronaviridae/HCoV-OC43/isolate_0/rep1_1.fq,data/reads_multi/Coronaviridae/HCoV-OC43/isolate_0/rep1_2.fq,0,train
Coronaviridae__HCoV-OC43__isolate0__rep2,Coronaviridae,0,HCoV-OC43,5,0,2,data/reads_multi/Coronaviridae/HCoV-OC43/isolate_0/rep2_1.fq,data/reads_multi/Coronaviridae/HCoV-OC43/isolate_0/rep2_2.fq,0,train
Coronaviridae__HCoV-OC43__isolate0__rep3,Coronaviridae,0,HCoV-OC43,5,0,3,data/reads_multi/Coronaviridae/HCoV-OC43/isolate_0/rep3_1.fq,data/reads_multi/Coronaviridae/HCoV-OC43/isolate_0/rep3_2.fq,0,train
Coronaviridae__HCoV-OC43__isolate0__rep4,Coronaviridae,0,HCoV-OC43,5,0,4,data/reads_multi/Coronaviridae/HCoV-OC43/isolate_0/rep4_1.fq,data/reads_multi/Coronaviridae/HCoV-OC43/isolate_0/rep4_2.fq,0,train
Coronaviridae__HCoV-OC43__isolate0__rep5,Coronaviridae,0,HCoV-OC43,5,0,5,data/reads_multi/Coronaviridae/HCoV-OC43/isolate_0/rep5_1.fq,data/reads_multi/Coronaviridae/HCoV-OC43/isolate_0/rep5_2.fq,0,train
Coronaviridae__HCoV-OC43__isolate1__rep0,Coronaviridae,0,HCoV-OC43,5,1,0,data/reads_multi/Coronaviridae/HCoV-OC43/isolate_1/rep0_1.fq,data/reads_multi/Coronaviridae/HCoV-OC43/isolate_1/rep0_2.fq,1,test
Coronaviridae__HCoV-OC43__isolate1__rep1,Coronaviridae,0,HCoV-OC43,5,1,1,data/reads_multi/Coronaviridae/HCoV-OC43/isolate_1/rep1_1.fq,data/reads_multi/Coronaviridae/HCoV-OC43/isolate_1/rep1_2.fq,1,test
Coronaviridae__HCoV-OC43__isolate1__rep2,Coronaviridae,0,HCoV-OC43,5,1,2,data/reads_multi/Coronaviridae/HCoV-OC43/isolate_1/rep2_1.fq,data/reads_multi/Coronaviridae/HCoV-OC43/isolate_1/rep2_2.fq,1,test
Coronaviridae__HCoV-OC43__isolate1__rep3,Coronaviridae,0,HCoV-OC43,5,1,3,data/reads_multi/Coronaviridae/HCoV-OC43/isolate_1/rep3_1.fq,data/reads_multi/Coronaviridae/HCoV-OC43/isolate_1/rep3_2.fq,1,test
Coronaviridae__HCoV-OC43__isolate1__rep4,Coronaviridae,0,HCoV-OC43,5,1,4,data/reads_multi/Coronaviridae/HCoV-OC43/isolate_1/rep4_1.fq,data/reads_multi/Coronaviridae/HCoV-OC43/isolate_1/rep4_2.fq,1,test
Coronaviridae__HCoV-OC43__isolate1__rep5,Coronaviridae,0,HCoV-OC43,5,1,5,data/reads_multi/Coronaviridae/HCoV-OC43/isolate_1/rep5_1.fq,data/reads_multi/Coronaviridae/HCoV-OC43/isolate_1/rep5_2.fq,1,test
Coronaviridae__HCoV-OC43__isolate2__rep0,Coronaviridae,0,HCoV-OC43,5,2,0,data/reads_multi/Coronaviridae/HCoV-OC43/isolate_2/rep0_1.fq,data/reads_multi/Coronaviridae/HCoV-OC43/isolate_2/rep0_2.fq,2,val
Coronaviridae__HCoV-OC43__isolate2__rep1,Coronaviridae,0,HCoV-OC43,5,2,1,data/reads_multi/Coronaviridae/HCoV-OC43/isolate_2/rep1_1.fq,data/reads_multi/Coronaviridae/HCoV-OC43/isolate_2/rep1_2.fq,2,val
Coronaviridae__HCoV-OC43__isolate2__rep2,Coronaviridae,0,HCoV-OC43,5,2,2,data/reads_multi/Coronaviridae/HCoV-OC43/isolate_2/rep2_1.fq,data/reads_multi/Coronaviridae/HCoV-OC43/isolate_2/rep2_2.fq,2,val
Coronaviridae__HCoV-OC43__isolate2__rep3,Coronaviridae,0,HCoV-OC43,5,2,3,data/reads_multi/Coronaviridae/HCoV-OC43/isolate_2/rep3_1.fq,data/reads_multi/Coronaviridae/HCoV-OC43/isolate_2/rep3_2.fq,2,val
Coronaviridae__HCoV-OC43__isolate2__rep4,Coronaviridae,0,HCoV-OC43,5,2,4,data/reads_multi/Coronaviridae/HCoV-OC43/isolate_2/rep4_1.fq,data/reads_multi/Coronaviridae/HCoV-OC43/isolate_2/rep4_2.fq,2,val
Coronaviridae__HCoV-OC43__isolate2__rep5,Coronaviridae,0,HCoV-OC43,5,2,5,data/reads_multi/Coronaviridae/HCoV-OC43/isolate_2/rep5_1.fq,data/reads_multi/Coronaviridae/HCoV-OC43/isolate_2/rep5_2.fq,2,val
Coronaviridae__HCoV-OC43__isolate3__rep0,Coronaviridae,0,HCoV-OC43,5,3,0,data/reads_multi/Coronaviridae/HCoV-OC43/isolate_3/rep0_1.fq,data/reads_multi/Coronaviridae/HCoV-OC43/isolate_3/rep0_2.fq,3,train
Coronaviridae__HCoV-OC43__isolate3__rep1,Coronaviridae,0,HCoV-OC43,5,3,1,data/reads_multi/Coronaviridae/HCoV-OC43/isolate_3/rep1_1.fq,data/reads_multi/Coronaviridae/HCoV-OC43/isolate_3/rep1_2.fq,3,train
Coronaviridae__HCoV-OC43__isolate3__rep2,Coronaviridae,0,HCoV-OC43,5,3,2,data/reads_multi/Coronaviridae/HCoV-OC43/isolate_3/rep2_1.fq,data/reads_multi/Coronaviridae/HCoV-OC43/isolate_3/rep2_2.fq,3,train
Coronaviridae__HCoV-OC43__isolate3__rep3,Coronaviridae,0,HCoV-OC43,5,3,3,data/reads_multi/Coronaviridae/HCoV-OC43/isolate_3/rep3_1.fq,data/reads_multi/Coronaviridae/HCoV-OC43/isolate_3/rep3_2.fq,3,train
Coronaviridae__HCoV-OC43__isolate3__rep4,Coronaviridae,0,HCoV-OC43,5,3,4,data/reads_multi/Coronaviridae/HCoV-OC43/isolate_3/rep4_1.fq,data/reads_multi/Coronaviridae/HCoV-OC43/isolate_3/rep4_2.fq,3,train
Coronaviridae__HCoV-OC43__isolate3__rep5,Coronaviridae,0,HCoV-OC43,5,3,5,data/reads_multi/Coronaviridae/HCoV-OC43/isolate_3/rep5_1.fq,data/reads_multi/Coronaviridae/HCoV-OC43/isolate_3/rep5_2.fq,3,train
Coronaviridae__HCoV-OC43__isolate4__rep0,Coronaviridae,0,HCoV-OC43,5,4,0,data/reads_multi/Coronaviridae/HCoV-OC43/isolate_4/rep0_1.fq,data/reads_multi/Coronaviridae/HCoV-OC43/isolate_4/rep0_2.fq,4,train
Coronaviridae__HCoV-OC43__isolate4__rep1,Coronaviridae,0,HCoV-OC43,5,4,1,data/reads_multi/Coronaviridae/HCoV-OC43/isolate_4/rep1_1.fq,data/reads_multi/Coronaviridae/HCoV-OC43/isolate_4/rep1_2.fq,4,train
Coronaviridae__HCoV-OC43__isolate4__rep2,Coronaviridae,0,HCoV-OC43,5,4,2,data/reads_multi/Coronaviridae/HCoV-OC43/isolate_4/rep2_1.fq,data/reads_multi/Coronaviridae/HCoV-OC43/isolate_4/rep2_2.fq,4,train
Coronaviridae__HCoV-OC43__isolate4__rep3,Coronaviridae,0,HCoV-OC43,5,4,3,data/reads_multi/Coronaviridae/HCoV-OC43/isolate_4/rep3_1.fq,data/reads_multi/Coronaviridae/HCoV-OC43/isolate_4/rep3_2.fq,4,train
Coronaviridae__HCoV-OC43__isolate4__rep4,Coronaviridae,0,HCoV-OC43,5,4,4,data/reads_multi/Coronaviridae/HCoV-OC43/isolate_4/rep4_1.fq,data/reads_multi/Coronaviridae/HCoV-OC43/isolate_4/rep4_2.fq,4,train
Coronaviridae__HCoV-OC43__isolate4__rep5,Coronaviridae,0,HCoV-OC43,5,4,5,data/reads_multi/Coronaviridae/HCoV-OC43/isolate_4/rep5_1.fq,data/reads_multi/Coronaviridae/HCoV-OC43/isolate_4/rep5_2.fq,4,train
Coronaviridae__HCoV-OC43__isolate5__rep0,Coronaviridae,0,HCoV-OC43,5,5,0,data/reads_multi/Coronaviridae/HCoV-OC43/isolate_5/rep0_1.fq,data/reads_multi/Coronaviridae/HCoV-OC43/isolate_5/rep0_2.fq,0,train
Coronaviridae__HCoV-OC43__isolate5__rep1,Coronaviridae,0,HCoV-OC43,5,5,1,data/reads_multi/Coronaviridae/HCoV-OC43/isolate_5/rep1_1.fq,data/reads_multi/Coronaviridae/HCoV-OC43/isolate_5/rep1_2.fq,0,train
Coronaviridae__HCoV-OC43__isolate5__rep2,Coronaviridae,0,HCoV-OC43,5,5,2,data/reads_multi/Coronaviridae/HCoV-OC43/isolate_5/rep2_1.fq,data/reads_multi/Coronaviridae/HCoV-OC43/isolate_5/rep2_2.fq,0,train
Coronaviridae__HCoV-OC43__isolate5__rep3,Coronaviridae,0,HCoV-OC43,5,5,3,data/reads_multi/Coronaviridae/HCoV-OC43/isolate_5/rep3_1.fq,data/reads_multi/Coronaviridae/HCoV-OC43/isolate_5/rep3_2.fq,0,train
Coronaviridae__HCoV-OC43__isolate5__rep4,Coronaviridae,0,HCoV-OC43,5,5,4,data/reads_multi/Coronaviridae/HCoV-OC43/isolate_5/rep4_1.fq,data/reads_multi/Coronaviridae/HCoV-OC43/isolate_5/rep4_2.fq,0,train
Coronaviridae__HCoV-OC43__isolate5__rep5,Coronaviridae,0,HCoV-OC43,5,5,5,data/reads_multi/Coronaviridae/HCoV-OC43/isolate_5/rep5_1.fq,data/reads_multi/Coronaviridae/HCoV-OC43/isolate_5/rep5_2.fq,0,train
Coronaviridae__HCoV-OC43__isolate6__rep0,Coronaviridae,0,HCoV-OC43,5,6,0,data/reads_multi/Coronaviridae/HCoV-OC43/isolate_6/rep0_1.fq,data/reads_multi/Coronaviridae/HCoV-OC43/isolate_6/rep0_2.fq,1,test
Coronaviridae__HCoV-OC43__isolate6__rep1,Coronaviridae,0,HCoV-OC43,5,6,1,data/reads_multi/Coronaviridae/HCoV-OC43/isolate_6/rep1_1.fq,data/reads_multi/Coronaviridae/HCoV-OC43/isolate_6/rep1_2.fq,1,test
Coronaviridae__HCoV-OC43__isolate6__rep2,Coronaviridae,0,HCoV-OC43,5,6,2,data/reads_multi/Coronaviridae/HCoV-OC43/isolate_6/rep2_1.fq,data/reads_multi/Coronaviridae/HCoV-OC43/isolate_6/rep2_2.fq,1,test
Coronaviridae__HCoV-OC43__isolate6__rep3,Coronaviridae,0,HCoV-OC43,5,6,3,data/reads_multi/Coronaviridae/HCoV-OC43/isolate_6/rep3_1.fq,data/reads_multi/Coronaviridae/HCoV-OC43/isolate_6/rep3_2.fq,1,test
Coronaviridae__HCoV-OC43__isolate6__rep4,Coronaviridae,0,HCoV-OC43,5,6,4,data/reads_multi/Coronaviridae/HCoV-OC43/isolate_6/rep4_1.fq,data/reads_multi/Coronaviridae/HCoV-OC43/isolate_6/rep4_2.fq,1,test
Coronaviridae__HCoV-OC43__isolate6__rep5,Coronaviridae,0,HCoV-OC43,5,6,5,data/reads_multi/Coronaviridae/HCoV-OC43/isolate_6/rep5_1.fq,data/reads_multi/Coronaviridae/HCoV-OC43/isolate_6/rep5_2.fq,1,test
Coronaviridae__HCoV-OC43__isolate7__rep0,Coronaviridae,0,HCoV-OC43,5,7,0,data/reads_multi/Coronaviridae/HCoV-OC43/isolate_7/rep0_1.fq,data/reads_multi/Coronaviridae/HCoV-OC43/isolate_7/rep0_2.fq,2,val
Coronaviridae__HCoV-OC43__isolate7__rep1,Coronaviridae,0,HCoV-OC43,5,7,1,data/reads_multi/Coronaviridae/HCoV-OC43/isolate_7/rep1_1.fq,data/reads_multi/Coronaviridae/HCoV-OC43/isolate_7/rep1_2.fq,2,val
Coronaviridae__HCoV-OC43__isolate7__rep2,Coronaviridae,0,HCoV-OC43,5,7,2,data/reads_multi/Coronaviridae/HCoV-OC43/isolate_7/rep2_1.fq,data/reads_multi/Coronaviridae/HCoV-OC43/isolate_7/rep2_2.fq,2,val
Coronaviridae__HCoV-OC43__isolate7__rep3,Coronaviridae,0,HCoV-OC43,5,7,3,data/reads_multi/Coronaviridae/HCoV-OC43/isolate_7/rep3_1.fq,data/reads_multi/Coronaviridae/HCoV-OC43/isolate_7/rep3_2.fq,2,val
Coronaviridae__HCoV-OC43__isolate7__rep4,Coronaviridae,0,HCoV-OC43,5,7,4,data/reads_multi/Coronaviridae/HCoV-OC43/isolate_7/rep4_1.fq,data/reads_multi/Coronaviridae/HCoV-OC43/isolate_7/rep4_2.fq,2,val
Coronaviridae__HCoV-OC43__isolate7__rep5,Coronaviridae,0,HCoV-OC43,5,7,5,data/reads_multi/Coronaviridae/HCoV-OC43/isolate_7/rep5_1.fq,data/reads_multi/Coronaviridae/HCoV-OC43/isolate_7/rep5_2.fq,2,val
Coronaviridae__HCoV-OC43__isolate8__rep0,Coronaviridae,0,HCoV-OC43,5,8,0,data/reads_multi/Coronaviridae/HCoV-OC43/isolate_8/rep0_1.fq,data/reads_multi/Coronaviridae/HCoV-OC43/isolate_8/rep0_2.fq,3,train
Coronaviridae__HCoV-OC43__isolate8__rep1,Coronaviridae,0,HCoV-OC43,5,8,1,data/reads_multi/Coronaviridae/HCoV-OC43/isolate_8/rep1_1.fq,data/reads_multi/Coronaviridae/HCoV-OC43/isolate_8/rep1_2.fq,3,train
Coronaviridae__HCoV-OC43__isolate8__rep2,Coronaviridae,0,HCoV-OC43,5,8,2,data/reads_multi/Coronaviridae/HCoV-OC43/isolate_8/rep2_1.fq,data/reads_multi/Coronaviridae/HCoV-OC43/isolate_8/rep2_2.fq,3,train
Coronaviridae__HCoV-OC43__isolate8__rep3,Coronaviridae,0,HCoV-OC43,5,8,3,data/reads_multi/Coronaviridae/HCoV-OC43/isolate_8/rep3_1.fq,data/reads_multi/Coronaviridae/HCoV-OC43/isolate_8/rep3_2.fq,3,train
Coronaviridae__HCoV-OC43__isolate8__rep4,Coronaviridae,0,HCoV-OC43,5,8,4,data/reads_multi/Coronaviridae/HCoV-OC43/isolate_8/rep4_1.fq,data/reads_multi/Coronaviridae/HCoV-OC43/isolate_8/rep4_2.fq,3,train
Coronaviridae__HCoV-OC43__isolate8__rep5,Coronaviridae,0,HCoV-OC43,5,8,5,data/reads_multi/Coronaviridae/HCoV-OC43/isolate_8/rep5_1.fq,data/reads_multi/Coronaviridae/HCoV-OC43/isolate_8/rep5_2.fq,3,train
Coronaviridae__HCoV-OC43__isolate9__rep0,Coronaviridae,0,HCoV-OC43,5,9,0,data/reads_multi/Coronaviridae/HCoV-OC43/isolate_9/rep0_1.fq,data/reads_multi/Coronaviridae/HCoV-OC43/isolate_9/rep0_2.fq,4,train
Coronaviridae__HCoV-OC43__isolate9__rep1,Coronaviridae,0,HCoV-OC43,5,9,1,data/reads_multi/Coronaviridae/HCoV-OC43/isolate_9/rep1_1.fq,data/reads_multi/Coronaviridae/HCoV-OC43/isolate_9/rep1_2.fq,4,train
Coronaviridae__HCoV-OC43__isolate9__rep2,Coronaviridae,0,HCoV-OC43,5,9,2,data/reads_multi/Coronaviridae/HCoV-OC43/isolate_9/rep2_1.fq,data/reads_multi/Coronaviridae/HCoV-OC43/isolate_9/rep2_2.fq,4,train
Coronaviridae__HCoV-OC43__isolate9__rep3,Coronaviridae,0,HCoV-OC43,5,9,3,data/reads_multi/Coronaviridae/HCoV-OC43/isolate_9/rep3_1.fq,data/reads_multi/Coronaviridae/HCoV-OC43/isolate_9/rep3_2.fq,4,train
Coronaviridae__HCoV-OC43__isolate9__rep4,Coronaviridae,0,HCoV-OC43,5,9,4,data/reads_multi/Coronaviridae/HCoV-OC43/isolate_9/rep4_1.fq,data/reads_multi/Coronaviridae/HCoV-OC43/isolate_9/rep4_2.fq,4,train
Coronaviridae__HCoV-OC43__isolate9__rep5,Coronaviridae,0,HCoV-OC43,5,9,5,data/reads_multi/Coronaviridae/HCoV-OC43/isolate_9/rep5_1.fq,data/reads_multi/Coronaviridae/HCoV-OC43/isolate_9/rep5_2.fq,4,train
Coronaviridae__HCoV-HKU1__isolate0__rep0,Coronaviridae,0,HCoV-HKU1,6,0,0,data/reads_multi/Coronaviridae/HCoV-HKU1/isolate_0/rep0_1.fq,data/reads_multi/Coronaviridae/HCoV-HKU1/isolate_0/rep0_2.fq,0,train
Coronaviridae__HCoV-HKU1__isolate0__rep1,Coronaviridae,0,HCoV-HKU1,6,0,1,data/reads_multi/Coronaviridae/HCoV-HKU1/isolate_0/rep1_1.fq,data/reads_multi/Coronaviridae/HCoV-HKU1/isolate_0/rep1_2.fq,0,train
Coronaviridae__HCoV-HKU1__isolate0__rep2,Coronaviridae,0,HCoV-HKU1,6,0,2,data/reads_multi/Coronaviridae/HCoV-HKU1/isolate_0/rep2_1.fq,data/reads_multi/Coronaviridae/HCoV-HKU1/isolate_0/rep2_2.fq,0,train
Coronaviridae__HCoV-HKU1__isolate0__rep3,Coronaviridae,0,HCoV-HKU1,6,0,3,data/reads_multi/Coronaviridae/HCoV-HKU1/isolate_0/rep3_1.fq,data/reads_multi/Coronaviridae/HCoV-HKU1/isolate_0/rep3_2.fq,0,train
Coronaviridae__HCoV-HKU1__isolate0__rep4,Coronaviridae,0,HCoV-HKU1,6,0,4,data/reads_multi/Coronaviridae/HCoV-HKU1/isolate_0/rep4_1.fq,data/reads_multi/Coronaviridae/HCoV-HKU1/isolate_0/rep4_2.fq,0,train
Coronaviridae__HCoV-HKU1__isolate0__rep5,Coronaviridae,0,HCoV-HKU1,6,0,5,data/reads_multi/Coronaviridae/HCoV-HKU1/isolate_0/rep5_1.fq,data/reads_multi/Coronaviridae/HCoV-HKU1/isolate_0/rep5_2.fq,0,train
Coronaviridae__HCoV-HKU1__isolate1__rep0,Coronaviridae,0,HCoV-HKU1,6,1,0,data/reads_multi/Coronaviridae/HCoV-HKU1/isolate_1/rep0_1.fq,data/reads_multi/Coronaviridae/HCoV-HKU1/isolate_1/rep0_2.fq,1,test
Coronaviridae__HCoV-HKU1__isolate1__rep1,Coronaviridae,0,HCoV-HKU1,6,1,1,data/reads_multi/Coronaviridae/HCoV-HKU1/isolate_1/rep1_1.fq,data/reads_multi/Coronaviridae/HCoV-HKU1/isolate_1/rep1_2.fq,1,test
Coronaviridae__HCoV-HKU1__isolate1__rep2,Coronaviridae,0,HCoV-HKU1,6,1,2,data/reads_multi/Coronaviridae/HCoV-HKU1/isolate_1/rep2_1.fq,data/reads_multi/Coronaviridae/HCoV-HKU1/isolate_1/rep2_2.fq,1,test
Coronaviridae__HCoV-HKU1__isolate1__rep3,Coronaviridae,0,HCoV-HKU1,6,1,3,data/reads_multi/Coronaviridae/HCoV-HKU1/isolate_1/rep3_1.fq,data/reads_multi/Coronaviridae/HCoV-HKU1/isolate_1/rep3_2.fq,1,test
Coronaviridae__HCoV-HKU1__isolate1__rep4,Coronaviridae,0,HCoV-HKU1,6,1,4,data/reads_multi/Coronaviridae/HCoV-HKU1/isolate_1/rep4_1.fq,data/reads_multi/Coronaviridae/HCoV-HKU1/isolate_1/rep4_2.fq,1,test
Coronaviridae__HCoV-HKU1__isolate1__rep5,Coronaviridae,0,HCoV-HKU1,6,1,5,data/reads_multi/Coronaviridae/HCoV-HKU1/isolate_1/rep5_1.fq,data/reads_multi/Coronaviridae/HCoV-HKU1/isolate_1/rep5_2.fq,1,test
Coronaviridae__HCoV-HKU1__isolate2__rep0,Coronaviridae,0,HCoV-HKU1,6,2,0,data/reads_multi/Coronaviridae/HCoV-HKU1/isolate_2/rep0_1.fq,data/reads_multi/Coronaviridae/HCoV-HKU1/isolate_2/rep0_2.fq,2,val
Coronaviridae__HCoV-HKU1__isolate2__rep1,Coronaviridae,0,HCoV-HKU1,6,2,1,data/reads_multi/Coronaviridae/HCoV-HKU1/isolate_2/rep1_1.fq,data/reads_multi/Coronaviridae/HCoV-HKU1/isolate_2/rep1_2.fq,2,val
Coronaviridae__HCoV-HKU1__isolate2__rep2,Coronaviridae,0,HCoV-HKU1,6,2,2,data/reads_multi/Coronaviridae/HCoV-HKU1/isolate_2/rep2_1.fq,data/reads_multi/Coronaviridae/HCoV-HKU1/isolate_2/rep2_2.fq,2,val
Coronaviridae__HCoV-HKU1__isolate2__rep3,Coronaviridae,0,HCoV-HKU1,6,2,3,data/reads_multi/Coronaviridae/HCoV-HKU1/isolate_2/rep3_1.fq,data/reads_multi/Coronaviridae/HCoV-HKU1/isolate_2/rep3_2.fq,2,val
Coronaviridae__HCoV-HKU1__isolate2__rep4,Coronaviridae,0,HCoV-HKU1,6,2,4,data/reads_multi/Coronaviridae/HCoV-HKU1/isolate_2/rep4_1.fq,data/reads_multi/Coronaviridae/HCoV-HKU1/isolate_2/rep4_2.fq,2,val
Coronaviridae__HCoV-HKU1__isolate2__rep5,Coronaviridae,0,HCoV-HKU1,6,2,5,data/reads_multi/Coronaviridae/HCoV-HKU1/isolate_2/rep5_1.fq,data/reads_multi/Coronaviridae/HCoV-HKU1/isolate_2/rep5_2.fq,2,val
Coronaviridae__HCoV-HKU1__isolate3__rep0,Coronaviridae,0,HCoV-HKU1,6,3,0,data/reads_multi/Coronaviridae/HCoV-HKU1/isolate_3/rep0_1.fq,data/reads_multi/Coronaviridae/HCoV-HKU1/isolate_3/rep0_2.fq,3,train
Coronaviridae__HCoV-HKU1__isolate3__rep1,Coronaviridae,0,HCoV-HKU1,6,3,1,data/reads_multi/Coronaviridae/HCoV-HKU1/isolate_3/rep1_1.fq,data/reads_multi/Coronaviridae/HCoV-HKU1/isolate_3/rep1_2.fq,3,train
Coronaviridae__HCoV-HKU1__isolate3__rep2,Coronaviridae,0,HCoV-HKU1,6,3,2,data/reads_multi/Coronaviridae/HCoV-HKU1/isolate_3/rep2_1.fq,data/reads_multi/Coronaviridae/HCoV-HKU1/isolate_3/rep2_2.fq,3,train
Coronaviridae__HCoV-HKU1__isolate3__rep3,Coronaviridae,0,HCoV-HKU1,6,3,3,data/reads_multi/Coronaviridae/HCoV-HKU1/isolate_3/rep3_1.fq,data/reads_multi/Coronaviridae/HCoV-HKU1/isolate_3/rep3_2.fq,3,train
Coronaviridae__HCoV-HKU1__isolate3__rep4,Coronaviridae,0,HCoV-HKU1,6,3,4,data/reads_multi/Coronaviridae/HCoV-HKU1/isolate_3/rep4_1.fq,data/reads_multi/Coronaviridae/HCoV-HKU1/isolate_3/rep4_2.fq,3,train
Coronaviridae__HCoV-HKU1__isolate3__rep5,Coronaviridae,0,HCoV-HKU1,6,3,5,data/reads_multi/Coronaviridae/HCoV-HKU1/isolate_3/rep5_1.fq,data/reads_multi/Coronaviridae/HCoV-HKU1/isolate_3/rep5_2.fq,3,train
Coronaviridae__HCoV-HKU1__isolate4__rep0,Coronaviridae,0,HCoV-HKU1,6,4,0,data/reads_multi/Coronaviridae/HCoV-HKU1/isolate_4/rep0_1.fq,data/reads_multi/Coronaviridae/HCoV-HKU1/isolate_4/rep0_2.fq,4,train
Coronaviridae__HCoV-HKU1__isolate4__rep1,Coronaviridae,0,HCoV-HKU1,6,4,1,data/reads_multi/Coronaviridae/HCoV-HKU1/isolate_4/rep1_1.fq,data/reads_multi/Coronaviridae/HCoV-HKU1/isolate_4/rep1_2.fq,4,train
Coronaviridae__HCoV-HKU1__isolate4__rep2,Coronaviridae,0,HCoV-HKU1,6,4,2,data/reads_multi/Coronaviridae/HCoV-HKU1/isolate_4/rep2_1.fq,data/reads_multi/Coronaviridae/HCoV-HKU1/isolate_4/rep2_2.fq,4,train
Coronaviridae__HCoV-HKU1__isolate4__rep3,Coronaviridae,0,HCoV-HKU1,6,4,3,data/reads_multi/Coronaviridae/HCoV-HKU1/isolate_4/rep3_1.fq,data/reads_multi/Coronaviridae/HCoV-HKU1/isolate_4/rep3_2.fq,4,train
Coronaviridae__HCoV-HKU1__isolate4__rep4,Coronaviridae,0,HCoV-HKU1,6,4,4,data/reads_multi/Coronaviridae/HCoV-HKU1/isolate_4/rep4_1.fq,data/reads_multi/Coronaviridae/HCoV-HKU1/isolate_4/rep4_2.fq,4,train
Coronaviridae__HCoV-HKU1__isolate4__rep5,Coronaviridae,0,HCoV-HKU1,6,4,5,data/reads_multi/Coronaviridae/HCoV-HKU1/isolate_4/rep5_1.fq,data/reads_multi/Coronaviridae/HCoV-HKU1/isolate_4/rep5_2.fq,4,train
Coronaviridae__HCoV-HKU1__isolate5__rep0,Coronaviridae,0,HCoV-HKU1,6,5,0,data/reads_multi/Coronaviridae/HCoV-HKU1/isolate_5/rep0_1.fq,data/reads_multi/Coronaviridae/HCoV-HKU1/isolate_5/rep0_2.fq,0,train
Coronaviridae__HCoV-HKU1__isolate5__rep1,Coronaviridae,0,HCoV-HKU1,6,5,1,data/reads_multi/Coronaviridae/HCoV-HKU1/isolate_5/rep1_1.fq,data/reads_multi/Coronaviridae/HCoV-HKU1/isolate_5/rep1_2.fq,0,train
Coronaviridae__HCoV-HKU1__isolate5__rep2,Coronaviridae,0,HCoV-HKU1,6,5,2,data/reads_multi/Coronaviridae/HCoV-HKU1/isolate_5/rep2_1.fq,data/reads_multi/Coronaviridae/HCoV-HKU1/isolate_5/rep2_2.fq,0,train
Coronaviridae__HCoV-HKU1__isolate5__rep3,Coronaviridae,0,HCoV-HKU1,6,5,3,data/reads_multi/Coronaviridae/HCoV-HKU1/isolate_5/rep3_1.fq,data/reads_multi/Coronaviridae/HCoV-HKU1/isolate_5/rep3_2.fq,0,train
Coronaviridae__HCoV-HKU1__isolate5__rep4,Coronaviridae,0,HCoV-HKU1,6,5,4,data/reads_multi/Coronaviridae/HCoV-HKU1/isolate_5/rep4_1.fq,data/reads_multi/Coronaviridae/HCoV-HKU1/isolate_5/rep4_2.fq,0,train
Coronaviridae__HCoV-HKU1__isolate5__rep5,Coronaviridae,0,HCoV-HKU1,6,5,5,data/reads_multi/Coronaviridae/HCoV-HKU1/isolate_5/rep5_1.fq,data/reads_multi/Coronaviridae/HCoV-HKU1/isolate_5/rep5_2.fq,0,train
Coronaviridae__HCoV-HKU1__isolate6__rep0,Coronaviridae,0,HCoV-HKU1,6,6,0,data/reads_multi/Coronaviridae/HCoV-HKU1/isolate_6/rep0_1.fq,data/reads_multi/Coronaviridae/HCoV-HKU1/isolate_6/rep0_2.fq,1,test
Coronaviridae__HCoV-HKU1__isolate6__rep1,Coronaviridae,0,HCoV-HKU1,6,6,1,data/reads_multi/Coronaviridae/HCoV-HKU1/isolate_6/rep1_1.fq,data/reads_multi/Coronaviridae/HCoV-HKU1/isolate_6/rep1_2.fq,1,test
Coronaviridae__HCoV-HKU1__isolate6__rep2,Coronaviridae,0,HCoV-HKU1,6,6,2,data/reads_multi/Coronaviridae/HCoV-HKU1/isolate_6/rep2_1.fq,data/reads_multi/Coronaviridae/HCoV-HKU1/isolate_6/rep2_2.fq,1,test
Coronaviridae__HCoV-HKU1__isolate6__rep3,Coronaviridae,0,HCoV-HKU1,6,6,3,data/reads_multi/Coronaviridae/HCoV-HKU1/isolate_6/rep3_1.fq,data/reads_multi/Coronaviridae/HCoV-HKU1/isolate_6/rep3_2.fq,1,test
Coronaviridae__HCoV-HKU1__isolate6__rep4,Coronaviridae,0,HCoV-HKU1,6,6,4,data/reads_multi/Coronaviridae/HCoV-HKU1/isolate_6/rep4_1.fq,data/reads_multi/Coronaviridae/HCoV-HKU1/isolate_6/rep4_2.fq,1,test
Coronaviridae__HCoV-HKU1__isolate6__rep5,Coronaviridae,0,HCoV-HKU1,6,6,5,data/reads_multi/Coronaviridae/HCoV-HKU1/isolate_6/rep5_1.fq,data/reads_multi/Coronaviridae/HCoV-HKU1/isolate_6/rep5_2.fq,1,test
Coronaviridae__HCoV-HKU1__isolate7__rep0,Coronaviridae,0,HCoV-HKU1,6,7,0,data/reads_multi/Coronaviridae/HCoV-HKU1/isolate_7/rep0_1.fq,data/reads_multi/Coronaviridae/HCoV-HKU1/isolate_7/rep0_2.fq,2,val
Coronaviridae__HCoV-HKU1__isolate7__rep1,Coronaviridae,0,HCoV-HKU1,6,7,1,data/reads_multi/Coronaviridae/HCoV-HKU1/isolate_7/rep1_1.fq,data/reads_multi/Coronaviridae/HCoV-HKU1/isolate_7/rep1_2.fq,2,val
Coronaviridae__HCoV-HKU1__isolate7__rep2,Coronaviridae,0,HCoV-HKU1,6,7,2,data/reads_multi/Coronaviridae/HCoV-HKU1/isolate_7/rep2_1.fq,data/reads_multi/Coronaviridae/HCoV-HKU1/isolate_7/rep2_2.fq,2,val
Coronaviridae__HCoV-HKU1__isolate7__rep3,Coronaviridae,0,HCoV-HKU1,6,7,3,data/reads_multi/Coronaviridae/HCoV-HKU1/isolate_7/rep3_1.fq,data/reads_multi/Coronaviridae/HCoV-HKU1/isolate_7/rep3_2.fq,2,val
Coronaviridae__HCoV-HKU1__isolate7__rep4,Coronaviridae,0,HCoV-HKU1,6,7,4,data/reads_multi/Coronaviridae/HCoV-HKU1/isolate_7/rep4_1.fq,data/reads_multi/Coronaviridae/HCoV-HKU1/isolate_7/rep4_2.fq,2,val
Coronaviridae__HCoV-HKU1__isolate7__rep5,Coronaviridae,0,HCoV-HKU1,6,7,5,data/reads_multi/Coronaviridae/HCoV-HKU1/isolate_7/rep5_1.fq,data/reads_multi/Coronaviridae/HCoV-HKU1/isolate_7/rep5_2.fq,2,val
Coronaviridae__HCoV-HKU1__isolate8__rep0,Coronaviridae,0,HCoV-HKU1,6,8,0,data/reads_multi/Coronaviridae/HCoV-HKU1/isolate_8/rep0_1.fq,data/reads_multi/Coronaviridae/HCoV-HKU1/isolate_8/rep0_2.fq,3,train
Coronaviridae__HCoV-HKU1__isolate8__rep1,Coronaviridae,0,HCoV-HKU1,6,8,1,data/reads_multi/Coronaviridae/HCoV-HKU1/isolate_8/rep1_1.fq,data/reads_multi/Coronaviridae/HCoV-HKU1/isolate_8/rep1_2.fq,3,train
Coronaviridae__HCoV-HKU1__isolate8__rep2,Coronaviridae,0,HCoV-HKU1,6,8,2,data/reads_multi/Coronaviridae/HCoV-HKU1/isolate_8/rep2_1.fq,data/reads_multi/Coronaviridae/HCoV-HKU1/isolate_8/rep2_2.fq,3,train
Coronaviridae__HCoV-HKU1__isolate8__rep3,Coronaviridae,0,HCoV-HKU1,6,8,3,data/reads_multi/Coronaviridae/HCoV-HKU1/isolate_8/rep3_1.fq,data/reads_multi/Coronaviridae/HCoV-HKU1/isolate_8/rep3_2.fq,3,train
Coronaviridae__HCoV-HKU1__isolate8__rep4,Coronaviridae,0,HCoV-HKU1,6,8,4,data/reads_multi/Coronaviridae/HCoV-HKU1/isolate_8/rep4_1.fq,data/reads_multi/Coronaviridae/HCoV-HKU1/isolate_8/rep4_2.fq,3,train
Coronaviridae__HCoV-HKU1__isolate8__rep5,Coronaviridae,0,HCoV-HKU1,6,8,5,data/reads_multi/Coronaviridae/HCoV-HKU1/isolate_8/rep5_1.fq,data/reads_multi/Coronaviridae/HCoV-HKU1/isolate_8/rep5_2.fq,3,train
Coronaviridae__HCoV-HKU1__isolate9__rep0,Coronaviridae,0,HCoV-HKU1,6,9,0,data/reads_multi/Coronaviridae/HCoV-HKU1/isolate_9/rep0_1.fq,data/reads_multi/Coronaviridae/HCoV-HKU1/isolate_9/rep0_2.fq,4,train
Coronaviridae__HCoV-HKU1__isolate9__rep1,Coronaviridae,0,HCoV-HKU1,6,9,1,data/reads_multi/Coronaviridae/HCoV-HKU1/isolate_9/rep1_1.fq,data/reads_multi/Coronaviridae/HCoV-HKU1/isolate_9/rep1_2.fq,4,train
Coronaviridae__HCoV-HKU1__isolate9__rep2,Coronaviridae,0,HCoV-HKU1,6,9,2,data/reads_multi/Coronaviridae/HCoV-HKU1/isolate_9/rep2_1.fq,data/reads_multi/Coronaviridae/HCoV-HKU1/isolate_9/rep2_2.fq,4,train
Coronaviridae__HCoV-HKU1__isolate9__rep3,Coronaviridae,0,HCoV-HKU1,6,9,3,data/reads_multi/Coronaviridae/HCoV-HKU1/isolate_9/rep3_1.fq,data/reads_multi/Coronaviridae/HCoV-HKU1/isolate_9/rep3_2.fq,4,train
Coronaviridae__HCoV-HKU1__isolate9__rep4,Coronaviridae,0,HCoV-HKU1,6,9,4,data/reads_multi/Coronaviridae/HCoV-HKU1/isolate_9/rep4_1.fq,data/reads_multi/Coronaviridae/HCoV-HKU1/isolate_9/rep4_2.fq,4,train
Coronaviridae__HCoV-HKU1__isolate9__rep5,Coronaviridae,0,HCoV-HKU1,6,9,5,data/reads_multi/Coronaviridae/HCoV-HKU1/isolate_9/rep5_1.fq,data/reads_multi/Coronaviridae/HCoV-HKU1/isolate_9/rep5_2.fq,4,train
Flaviviridae__Dengue-1__isolate0__rep0,Flaviviridae,1,Dengue-1,0,0,0,data/reads_multi/Flaviviridae/Dengue-1/isolate_0/rep0_1.fq,data/reads_multi/Flaviviridae/Dengue-1/isolate_0/rep0_2.fq,0,train
Flaviviridae__Dengue-1__isolate0__rep1,Flaviviridae,1,Dengue-1,0,0,1,data/reads_multi/Flaviviridae/Dengue-1/isolate_0/rep1_1.fq,data/reads_multi/Flaviviridae/Dengue-1/isolate_0/rep1_2.fq,0,train
Flaviviridae__Dengue-1__isolate0__rep2,Flaviviridae,1,Dengue-1,0,0,2,data/reads_multi/Flaviviridae/Dengue-1/isolate_0/rep2_1.fq,data/reads_multi/Flaviviridae/Dengue-1/isolate_0/rep2_2.fq,0,train
Flaviviridae__Dengue-1__isolate0__rep3,Flaviviridae,1,Dengue-1,0,0,3,data/reads_multi/Flaviviridae/Dengue-1/isolate_0/rep3_1.fq,data/reads_multi/Flaviviridae/Dengue-1/isolate_0/rep3_2.fq,0,train
Flaviviridae__Dengue-1__isolate0__rep4,Flaviviridae,1,Dengue-1,0,0,4,data/reads_multi/Flaviviridae/Dengue-1/isolate_0/rep4_1.fq,data/reads_multi/Flaviviridae/Dengue-1/isolate_0/rep4_2.fq,0,train
Flaviviridae__Dengue-1__isolate0__rep5,Flaviviridae,1,Dengue-1,0,0,5,data/reads_multi/Flaviviridae/Dengue-1/isolate_0/rep5_1.fq,data/reads_multi/Flaviviridae/Dengue-1/isolate_0/rep5_2.fq,0,train
Flaviviridae__Dengue-1__isolate1__rep0,Flaviviridae,1,Dengue-1,0,1,0,data/reads_multi/Flaviviridae/Dengue-1/isolate_1/rep0_1.fq,data/reads_multi/Flaviviridae/Dengue-1/isolate_1/rep0_2.fq,1,test
Flaviviridae__Dengue-1__isolate1__rep1,Flaviviridae,1,Dengue-1,0,1,1,data/reads_multi/Flaviviridae/Dengue-1/isolate_1/rep1_1.fq,data/reads_multi/Flaviviridae/Dengue-1/isolate_1/rep1_2.fq,1,test
Flaviviridae__Dengue-1__isolate1__rep2,Flaviviridae,1,Dengue-1,0,1,2,data/reads_multi/Flaviviridae/Dengue-1/isolate_1/rep2_1.fq,data/reads_multi/Flaviviridae/Dengue-1/isolate_1/rep2_2.fq,1,test
Flaviviridae__Dengue-1__isolate1__rep3,Flaviviridae,1,Dengue-1,0,1,3,data/reads_multi/Flaviviridae/Dengue-1/isolate_1/rep3_1.fq,data/reads_multi/Flaviviridae/Dengue-1/isolate_1/rep3_2.fq,1,test
Flaviviridae__Dengue-1__isolate1__rep4,Flaviviridae,1,Dengue-1,0,1,4,data/reads_multi/Flaviviridae/Dengue-1/isolate_1/rep4_1.fq,data/reads_multi/Flaviviridae/Dengue-1/isolate_1/rep4_2.fq,1,test
Flaviviridae__Dengue-1__isolate1__rep5,Flaviviridae,1,Dengue-1,0,1,5,data/reads_multi/Flaviviridae/Dengue-1/isolate_1/rep5_1.fq,data/reads_multi/Flaviviridae/Dengue-1/isolate_1/rep5_2.fq,1,test
Flaviviridae__Dengue-1__isolate2__rep0,Flaviviridae,1,Dengue-1,0,2,0,data/reads_multi/Flaviviridae/Dengue-1/isolate_2/rep0_1.fq,data/reads_multi/Flaviviridae/Dengue-1/isolate_2/rep0_2.fq,2,val
Flaviviridae__Dengue-1__isolate2__rep1,Flaviviridae,1,Dengue-1,0,2,1,data/reads_multi/Flaviviridae/Dengue-1/isolate_2/rep1_1.fq,data/reads_multi/Flaviviridae/Dengue-1/isolate_2/rep1_2.fq,2,val
Flaviviridae__Dengue-1__isolate2__rep2,Flaviviridae,1,Dengue-1,0,2,2,data/reads_multi/Flaviviridae/Dengue-1/isolate_2/rep2_1.fq,data/reads_multi/Flaviviridae/Dengue-1/isolate_2/rep2_2.fq,2,val
Flaviviridae__Dengue-1__isolate2__rep3,Flaviviridae,1,Dengue-1,0,2,3,data/reads_multi/Flaviviridae/Dengue-1/isolate_2/rep3_1.fq,data/reads_multi/Flaviviridae/Dengue-1/isolate_2/rep3_2.fq,2,val
Flaviviridae__Dengue-1__isolate2__rep4,Flaviviridae,1,Dengue-1,0,2,4,data/reads_multi/Flaviviridae/Dengue-1/isolate_2/rep4_1.fq,data/reads_multi/Flaviviridae/Dengue-1/isolate_2/rep4_2.fq,2,val
Flaviviridae__Dengue-1__isolate2__rep5,Flaviviridae,1,Dengue-1,0,2,5,data/reads_multi/Flaviviridae/Dengue-1/isolate_2/rep5_1.fq,data/reads_multi/Flaviviridae/Dengue-1/isolate_2/rep5_2.fq,2,val
Flaviviridae__Dengue-1__isolate3__rep0,Flaviviridae,1,Dengue-1,0,3,0,data/reads_multi/Flaviviridae/Dengue-1/isolate_3/rep0_1.fq,data/reads_multi/Flaviviridae/Dengue-1/isolate_3/rep0_2.fq,3,train
Flaviviridae__Dengue-1__isolate3__rep1,Flaviviridae,1,Dengue-1,0,3,1,data/reads_multi/Flaviviridae/Dengue-1/isolate_3/rep1_1.fq,data/reads_multi/Flaviviridae/Dengue-1/isolate_3/rep1_2.fq,3,train
Flaviviridae__Dengue-1__isolate3__rep2,Flaviviridae,1,Dengue-1,0,3,2,data/reads_multi/Flaviviridae/Dengue-1/isolate_3/rep2_1.fq,data/reads_multi/Flaviviridae/Dengue-1/isolate_3/rep2_2.fq,3,train
Flaviviridae__Dengue-1__isolate3__rep3,Flaviviridae,1,Dengue-1,0,3,3,data/reads_multi/Flaviviridae/Dengue-1/isolate_3/rep3_1.fq,data/reads_multi/Flaviviridae/Dengue-1/isolate_3/rep3_2.fq,3,train
Flaviviridae__Dengue-1__isolate3__rep4,Flaviviridae,1,Dengue-1,0,3,4,data/reads_multi/Flaviviridae/Dengue-1/isolate_3/rep4_1.fq,data/reads_multi/Flaviviridae/Dengue-1/isolate_3/rep4_2.fq,3,train
Flaviviridae__Dengue-1__isolate3__rep5,Flaviviridae,1,Dengue-1,0,3,5,data/reads_multi/Flaviviridae/Dengue-1/isolate_3/rep5_1.fq,data/reads_multi/Flaviviridae/Dengue-1/isolate_3/rep5_2.fq,3,train
Flaviviridae__Dengue-1__isolate4__rep0,Flaviviridae,1,Dengue-1,0,4,0,data/reads_multi/Flaviviridae/Dengue-1/isolate_4/rep0_1.fq,data/reads_multi/Flaviviridae/Dengue-1/isolate_4/rep0_2.fq,4,train
Flaviviridae__Dengue-1__isolate4__rep1,Flaviviridae,1,Dengue-1,0,4,1,data/reads_multi/Flaviviridae/Dengue-1/isolate_4/rep1_1.fq,data/reads_multi/Flaviviridae/Dengue-1/isolate_4/rep1_2.fq,4,train
Flaviviridae__Dengue-1__isolate4__rep2,Flaviviridae,1,Dengue-1,0,4,2,data/reads_multi/Flaviviridae/Dengue-1/isolate_4/rep2_1.fq,data/reads_multi/Flaviviridae/Dengue-1/isolate_4/rep2_2.fq,4,train
Flaviviridae__Dengue-1__isolate4__rep3,Flaviviridae,1,Dengue-1,0,4,3,data/reads_multi/Flaviviridae/Dengue-1/isolate_4/rep3_1.fq,data/reads_multi/Flaviviridae/Dengue-1/isolate_4/rep3_2.fq,4,train
Flaviviridae__Dengue-1__isolate4__rep4,Flaviviridae,1,Dengue-1,0,4,4,data/reads_multi/Flaviviridae/Dengue-1/isolate_4/rep4_1.fq,data/reads_multi/Flaviviridae/Dengue-1/isolate_4/rep4_2.fq,4,train
Flaviviridae__Dengue-1__isolate4__rep5,Flaviviridae,1,Dengue-1,0,4,5,data/reads_multi/Flaviviridae/Dengue-1/isolate_4/rep5_1.fq,data/reads_multi/Flaviviridae/Dengue-1/isolate_4/rep5_2.fq,4,train
Flaviviridae__Dengue-1__isolate5__rep0,Flaviviridae,1,Dengue-1,0,5,0,data/reads_multi/Flaviviridae/Dengue-1/isolate_5/rep0_1.fq,data/reads_multi/Flaviviridae/Dengue-1/isolate_5/rep0_2.fq,0,train
Flaviviridae__Dengue-1__isolate5__rep1,Flaviviridae,1,Dengue-1,0,5,1,data/reads_multi/Flaviviridae/Dengue-1/isolate_5/rep1_1.fq,data/reads_multi/Flaviviridae/Dengue-1/isolate_5/rep1_2.fq,0,train
Flaviviridae__Dengue-1__isolate5__rep2,Flaviviridae,1,Dengue-1,0,5,2,data/reads_multi/Flaviviridae/Dengue-1/isolate_5/rep2_1.fq,data/reads_multi/Flaviviridae/Dengue-1/isolate_5/rep2_2.fq,0,train
Flaviviridae__Dengue-1__isolate5__rep3,Flaviviridae,1,Dengue-1,0,5,3,data/reads_multi/Flaviviridae/Dengue-1/isolate_5/rep3_1.fq,data/reads_multi/Flaviviridae/Dengue-1/isolate_5/rep3_2.fq,0,train
Flaviviridae__Dengue-1__isolate5__rep4,Flaviviridae,1,Dengue-1,0,5,4,data/reads_multi/Flaviviridae/Dengue-1/isolate_5/rep4_1.fq,data/reads_multi/Flaviviridae/Dengue-1/isolate_5/rep4_2.fq,0,train
Flaviviridae__Dengue-1__isolate5__rep5,Flaviviridae,1,Dengue-1,0,5,5,data/reads_multi/Flaviviridae/Dengue-1/isolate_5/rep5_1.fq,data/reads_multi/Flaviviridae/Dengue-1/isolate_5/rep5_2.fq,0,train
Flaviviridae__Dengue-1__isolate6__rep0,Flaviviridae,1,Dengue-1,0,6,0,data/reads_multi/Flaviviridae/Dengue-1/isolate_6/rep0_1.fq,data/reads_multi/Flaviviridae/Dengue-1/isolate_6/rep0_2.fq,1,test
Flaviviridae__Dengue-1__isolate6__rep1,Flaviviridae,1,Dengue-1,0,6,1,data/reads_multi/Flaviviridae/Dengue-1/isolate_6/rep1_1.fq,data/reads_multi/Flaviviridae/Dengue-1/isolate_6/rep1_2.fq,1,test
Flaviviridae__Dengue-1__isolate6__rep2,Flaviviridae,1,Dengue-1,0,6,2,data/reads_multi/Flaviviridae/Dengue-1/isolate_6/rep2_1.fq,data/reads_multi/Flaviviridae/Dengue-1/isolate_6/rep2_2.fq,1,test
Flaviviridae__Dengue-1__isolate6__rep3,Flaviviridae,1,Dengue-1,0,6,3,data/reads_multi/Flaviviridae/Dengue-1/isolate_6/rep3_1.fq,data/reads_multi/Flaviviridae/Dengue-1/isolate_6/rep3_2.fq,1,test
Flaviviridae__Dengue-1__isolate6__rep4,Flaviviridae,1,Dengue-1,0,6,4,data/reads_multi/Flaviviridae/Dengue-1/isolate_6/rep4_1.fq,data/reads_multi/Flaviviridae/Dengue-1/isolate_6/rep4_2.fq,1,test
Flaviviridae__Dengue-1__isolate6__rep5,Flaviviridae,1,Dengue-1,0,6,5,data/reads_multi/Flaviviridae/Dengue-1/isolate_6/rep5_1.fq,data/reads_multi/Flaviviridae/Dengue-1/isolate_6/rep5_2.fq,1,test
Flaviviridae__Dengue-1__isolate7__rep0,Flaviviridae,1,Dengue-1,0,7,0,data/reads_multi/Flaviviridae/Dengue-1/isolate_7/rep0_1.fq,data/reads_multi/Flaviviridae/Dengue-1/isolate_7/rep0_2.fq,2,val
Flaviviridae__Dengue-1__isolate7__rep1,Flaviviridae,1,Dengue-1,0,7,1,data/reads_multi/Flaviviridae/Dengue-1/isolate_7/rep1_1.fq,data/reads_multi/Flaviviridae/Dengue-1/isolate_7/rep1_2.fq,2,val
Flaviviridae__Dengue-1__isolate7__rep2,Flaviviridae,1,Dengue-1,0,7,2,data/reads_multi/Flaviviridae/Dengue-1/isolate_7/rep2_1.fq,data/reads_multi/Flaviviridae/Dengue-1/isolate_7/rep2_2.fq,2,val
Flaviviridae__Dengue-1__isolate7__rep3,Flaviviridae,1,Dengue-1,0,7,3,data/reads_multi/Flaviviridae/Dengue-1/isolate_7/rep3_1.fq,data/reads_multi/Flaviviridae/Dengue-1/isolate_7/rep3_2.fq,2,val
Flaviviridae__Dengue-1__isolate7__rep4,Flaviviridae,1,Dengue-1,0,7,4,data/reads_multi/Flaviviridae/Dengue-1/isolate_7/rep4_1.fq,data/reads_multi/Flaviviridae/Dengue-1/isolate_7/rep4_2.fq,2,val
Flaviviridae__Dengue-1__isolate7__rep5,Flaviviridae,1,Dengue-1,0,7,5,data/reads_multi/Flaviviridae/Dengue-1/isolate_7/rep5_1.fq,data/reads_multi/Flaviviridae/Dengue-1/isolate_7/rep5_2.fq,2,val
Flaviviridae__Dengue-1__isolate8__rep0,Flaviviridae,1,Dengue-1,0,8,0,data/reads_multi/Flaviviridae/Dengue-1/isolate_8/rep0_1.fq,data/reads_multi/Flaviviridae/Dengue-1/isolate_8/rep0_2.fq,3,train
Flaviviridae__Dengue-1__isolate8__rep1,Flaviviridae,1,Dengue-1,0,8,1,data/reads_multi/Flaviviridae/Dengue-1/isolate_8/rep1_1.fq,data/reads_multi/Flaviviridae/Dengue-1/isolate_8/rep1_2.fq,3,train
Flaviviridae__Dengue-1__isolate8__rep2,Flaviviridae,1,Dengue-1,0,8,2,data/reads_multi/Flaviviridae/Dengue-1/isolate_8/rep2_1.fq,data/reads_multi/Flaviviridae/Dengue-1/isolate_8/rep2_2.fq,3,train
Flaviviridae__Dengue-1__isolate8__rep3,Flaviviridae,1,Dengue-1,0,8,3,data/reads_multi/Flaviviridae/Dengue-1/isolate_8/rep3_1.fq,data/reads_multi/Flaviviridae/Dengue-1/isolate_8/rep3_2.fq,3,train
Flaviviridae__Dengue-1__isolate8__rep4,Flaviviridae,1,Dengue-1,0,8,4,data/reads_multi/Flaviviridae/Dengue-1/isolate_8/rep4_1.fq,data/reads_multi/Flaviviridae/Dengue-1/isolate_8/rep4_2.fq,3,train
Flaviviridae__Dengue-1__isolate8__rep5,Flaviviridae,1,Dengue-1,0,8,5,data/reads_multi/Flaviviridae/Dengue-1/isolate_8/rep5_1.fq,data/reads_multi/Flaviviridae/Dengue-1/isolate_8/rep5_2.fq,3,train
Flaviviridae__Dengue-1__isolate9__rep0,Flaviviridae,1,Dengue-1,0,9,0,data/reads_multi/Flaviviridae/Dengue-1/isolate_9/rep0_1.fq,data/reads_multi/Flaviviridae/Dengue-1/isolate_9/rep0_2.fq,4,train
Flaviviridae__Dengue-1__isolate9__rep1,Flaviviridae,1,Dengue-1,0,9,1,data/reads_multi/Flaviviridae/Dengue-1/isolate_9/rep1_1.fq,data/reads_multi/Flaviviridae/Dengue-1/isolate_9/rep1_2.fq,4,train
Flaviviridae__Dengue-1__isolate9__rep2,Flaviviridae,1,Dengue-1,0,9,2,data/reads_multi/Flaviviridae/Dengue-1/isolate_9/rep2_1.fq,data/reads_multi/Flaviviridae/Dengue-1/isolate_9/rep2_2.fq,4,train
Flaviviridae__Dengue-1__isolate9__rep3,Flaviviridae,1,Dengue-1,0,9,3,data/reads_multi/Flaviviridae/Dengue-1/isolate_9/rep3_1.fq,data/reads_multi/Flaviviridae/Dengue-1/isolate_9/rep3_2.fq,4,train
Flaviviridae__Dengue-1__isolate9__rep4,Flaviviridae,1,Dengue-1,0,9,4,data/reads_multi/Flaviviridae/Dengue-1/isolate_9/rep4_1.fq,data/reads_multi/Flaviviridae/Dengue-1/isolate_9/rep4_2.fq,4,train
Flaviviridae__Dengue-1__isolate9__rep5,Flaviviridae,1,Dengue-1,0,9,5,data/reads_multi/Flaviviridae/Dengue-1/isolate_9/rep5_1.fq,data/reads_multi/Flaviviridae/Dengue-1/isolate_9/rep5_2.fq,4,train
Flaviviridae__Dengue-2__isolate0__rep0,Flaviviridae,1,Dengue-2,1,0,0,data/reads_multi/Flaviviridae/Dengue-2/isolate_0/rep0_1.fq,data/reads_multi/Flaviviridae/Dengue-2/isolate_0/rep0_2.fq,0,train
Flaviviridae__Dengue-2__isolate0__rep1,Flaviviridae,1,Dengue-2,1,0,1,data/reads_multi/Flaviviridae/Dengue-2/isolate_0/rep1_1.fq,data/reads_multi/Flaviviridae/Dengue-2/isolate_0/rep1_2.fq,0,train
Flaviviridae__Dengue-2__isolate0__rep2,Flaviviridae,1,Dengue-2,1,0,2,data/reads_multi/Flaviviridae/Dengue-2/isolate_0/rep2_1.fq,data/reads_multi/Flaviviridae/Dengue-2/isolate_0/rep2_2.fq,0,train
Flaviviridae__Dengue-2__isolate0__rep3,Flaviviridae,1,Dengue-2,1,0,3,data/reads_multi/Flaviviridae/Dengue-2/isolate_0/rep3_1.fq,data/reads_multi/Flaviviridae/Dengue-2/isolate_0/rep3_2.fq,0,train
Flaviviridae__Dengue-2__isolate0__rep4,Flaviviridae,1,Dengue-2,1,0,4,data/reads_multi/Flaviviridae/Dengue-2/isolate_0/rep4_1.fq,data/reads_multi/Flaviviridae/Dengue-2/isolate_0/rep4_2.fq,0,train
Flaviviridae__Dengue-2__isolate0__rep5,Flaviviridae,1,Dengue-2,1,0,5,data/reads_multi/Flaviviridae/Dengue-2/isolate_0/rep5_1.fq,data/reads_multi/Flaviviridae/Dengue-2/isolate_0/rep5_2.fq,0,train
Flaviviridae__Dengue-2__isolate1__rep0,Flaviviridae,1,Dengue-2,1,1,0,data/reads_multi/Flaviviridae/Dengue-2/isolate_1/rep0_1.fq,data/reads_multi/Flaviviridae/Dengue-2/isolate_1/rep0_2.fq,1,test
Flaviviridae__Dengue-2__isolate1__rep1,Flaviviridae,1,Dengue-2,1,1,1,data/reads_multi/Flaviviridae/Dengue-2/isolate_1/rep1_1.fq,data/reads_multi/Flaviviridae/Dengue-2/isolate_1/rep1_2.fq,1,test
Flaviviridae__Dengue-2__isolate1__rep2,Flaviviridae,1,Dengue-2,1,1,2,data/reads_multi/Flaviviridae/Dengue-2/isolate_1/rep2_1.fq,data/reads_multi/Flaviviridae/Dengue-2/isolate_1/rep2_2.fq,1,test
Flaviviridae__Dengue-2__isolate1__rep3,Flaviviridae,1,Dengue-2,1,1,3,data/reads_multi/Flaviviridae/Dengue-2/isolate_1/rep3_1.fq,data/reads_multi/Flaviviridae/Dengue-2/isolate_1/rep3_2.fq,1,test
Flaviviridae__Dengue-2__isolate1__rep4,Flaviviridae,1,Dengue-2,1,1,4,data/reads_multi/Flaviviridae/Dengue-2/isolate_1/rep4_1.fq,data/reads_multi/Flaviviridae/Dengue-2/isolate_1/rep4_2.fq,1,test
Flaviviridae__Dengue-2__isolate1__rep5,Flaviviridae,1,Dengue-2,1,1,5,data/reads_multi/Flaviviridae/Dengue-2/isolate_1/rep5_1.fq,data/reads_multi/Flaviviridae/Dengue-2/isolate_1/rep5_2.fq,1,test
Flaviviridae__Dengue-2__isolate2__rep0,Flaviviridae,1,Dengue-2,1,2,0,data/reads_multi/Flaviviridae/Dengue-2/isolate_2/rep0_1.fq,data/reads_multi/Flaviviridae/Dengue-2/isolate_2/rep0_2.fq,2,val
Flaviviridae__Dengue-2__isolate2__rep1,Flaviviridae,1,Dengue-2,1,2,1,data/reads_multi/Flaviviridae/Dengue-2/isolate_2/rep1_1.fq,data/reads_multi/Flaviviridae/Dengue-2/isolate_2/rep1_2.fq,2,val
Flaviviridae__Dengue-2__isolate2__rep2,Flaviviridae,1,Dengue-2,1,2,2,data/reads_multi/Flaviviridae/Dengue-2/isolate_2/rep2_1.fq,data/reads_multi/Flaviviridae/Dengue-2/isolate_2/rep2_2.fq,2,val
Flaviviridae__Dengue-2__isolate2__rep3,Flaviviridae,1,Dengue-2,1,2,3,data/reads_multi/Flaviviridae/Dengue-2/isolate_2/rep3_1.fq,data/reads_multi/Flaviviridae/Dengue-2/isolate_2/rep3_2.fq,2,val
Flaviviridae__Dengue-2__isolate2__rep4,Flaviviridae,1,Dengue-2,1,2,4,data/reads_multi/Flaviviridae/Dengue-2/isolate_2/rep4_1.fq,data/reads_multi/Flaviviridae/Dengue-2/isolate_2/rep4_2.fq,2,val
Flaviviridae__Dengue-2__isolate2__rep5,Flaviviridae,1,Dengue-2,1,2,5,data/reads_multi/Flaviviridae/Dengue-2/isolate_2/rep5_1.fq,data/reads_multi/Flaviviridae/Dengue-2/isolate_2/rep5_2.fq,2,val
Flaviviridae__Dengue-2__isolate3__rep0,Flaviviridae,1,Dengue-2,1,3,0,data/reads_multi/Flaviviridae/Dengue-2/isolate_3/rep0_1.fq,data/reads_multi/Flaviviridae/Dengue-2/isolate_3/rep0_2.fq,3,train
Flaviviridae__Dengue-2__isolate3__rep1,Flaviviridae,1,Dengue-2,1,3,1,data/reads_multi/Flaviviridae/Dengue-2/isolate_3/rep1_1.fq,data/reads_multi/Flaviviridae/Dengue-2/isolate_3/rep1_2.fq,3,train
Flaviviridae__Dengue-2__isolate3__rep2,Flaviviridae,1,Dengue-2,1,3,2,data/reads_multi/Flaviviridae/Dengue-2/isolate_3/rep2_1.fq,data/reads_multi/Flaviviridae/Dengue-2/isolate_3/rep2_2.fq,3,train
Flaviviridae__Dengue-2__isolate3__rep3,Flaviviridae,1,Dengue-2,1,3,3,data/reads_multi/Flaviviridae/Dengue-2/isolate_3/rep3_1.fq,data/reads_multi/Flaviviridae/Dengue-2/isolate_3/rep3_2.fq,3,train
Flaviviridae__Dengue-2__isolate3__rep4,Flaviviridae,1,Dengue-2,1,3,4,data/reads_multi/Flaviviridae/Dengue-2/isolate_3/rep4_1.fq,data/reads_multi/Flaviviridae/Dengue-2/isolate_3/rep4_2.fq,3,train
Flaviviridae__Dengue-2__isolate3__rep5,Flaviviridae,1,Dengue-2,1,3,5,data/reads_multi/Flaviviridae/Dengue-2/isolate_3/rep5_1.fq,data/reads_multi/Flaviviridae/Dengue-2/isolate_3/rep5_2.fq,3,train
Flaviviridae__Dengue-2__isolate4__rep0,Flaviviridae,1,Dengue-2,1,4,0,data/reads_multi/Flaviviridae/Dengue-2/isolate_4/rep0_1.fq,data/reads_multi/Flaviviridae/Dengue-2/isolate_4/rep0_2.fq,4,train
Flaviviridae__Dengue-2__isolate4__rep1,Flaviviridae,1,Dengue-2,1,4,1,data/reads_multi/Flaviviridae/Dengue-2/isolate_4/rep1_1.fq,data/reads_multi/Flaviviridae/Dengue-2/isolate_4/rep1_2.fq,4,train
Flaviviridae__Dengue-2__isolate4__rep2,Flaviviridae,1,Dengue-2,1,4,2,data/reads_multi/Flaviviridae/Dengue-2/isolate_4/rep2_1.fq,data/reads_multi/Flaviviridae/Dengue-2/isolate_4/rep2_2.fq,4,train
Flaviviridae__Dengue-2__isolate4__rep3,Flaviviridae,1,Dengue-2,1,4,3,data/reads_multi/Flaviviridae/Dengue-2/isolate_4/rep3_1.fq,data/reads_multi/Flaviviridae/Dengue-2/isolate_4/rep3_2.fq,4,train
Flaviviridae__Dengue-2__isolate4__rep4,Flaviviridae,1,Dengue-2,1,4,4,data/reads_multi/Flaviviridae/Dengue-2/isolate_4/rep4_1.fq,data/reads_multi/Flaviviridae/Dengue-2/isolate_4/rep4_2.fq,4,train
Flaviviridae__Dengue-2__isolate4__rep5,Flaviviridae,1,Dengue-2,1,4,5,data/reads_multi/Flaviviridae/Dengue-2/isolate_4/rep5_1.fq,data/reads_multi/Flaviviridae/Dengue-2/isolate_4/rep5_2.fq,4,train
Flaviviridae__Dengue-2__isolate5__rep0,Flaviviridae,1,Dengue-2,1,5,0,data/reads_multi/Flaviviridae/Dengue-2/isolate_5/rep0_1.fq,data/reads_multi/Flaviviridae/Dengue-2/isolate_5/rep0_2.fq,0,train
Flaviviridae__Dengue-2__isolate5__rep1,Flaviviridae,1,Dengue-2,1,5,1,data/reads_multi/Flaviviridae/Dengue-2/isolate_5/rep1_1.fq,data/reads_multi/Flaviviridae/Dengue-2/isolate_5/rep1_2.fq,0,train
Flaviviridae__Dengue-2__isolate5__rep2,Flaviviridae,1,Dengue-2,1,5,2,data/reads_multi/Flaviviridae/Dengue-2/isolate_5/rep2_1.fq,data/reads_multi/Flaviviridae/Dengue-2/isolate_5/rep2_2.fq,0,train
Flaviviridae__Dengue-2__isolate5__rep3,Flaviviridae,1,Dengue-2,1,5,3,data/reads_multi/Flaviviridae/Dengue-2/isolate_5/rep3_1.fq,data/reads_multi/Flaviviridae/Dengue-2/isolate_5/rep3_2.fq,0,train
Flaviviridae__Dengue-2__isolate5__rep4,Flaviviridae,1,Dengue-2,1,5,4,data/reads_multi/Flaviviridae/Dengue-2/isolate_5/rep4_1.fq,data/reads_multi/Flaviviridae/Dengue-2/isolate_5/rep4_2.fq,0,train
Flaviviridae__Dengue-2__isolate5__rep5,Flaviviridae,1,Dengue-2,1,5,5,data/reads_multi/Flaviviridae/Dengue-2/isolate_5/rep5_1.fq,data/reads_multi/Flaviviridae/Dengue-2/isolate_5/rep5_2.fq,0,train
Flaviviridae__Dengue-2__isolate6__rep0,Flaviviridae,1,Dengue-2,1,6,0,data/reads_multi/Flaviviridae/Dengue-2/isolate_6/rep0_1.fq,data/reads_multi/Flaviviridae/Dengue-2/isolate_6/rep0_2.fq,1,test
Flaviviridae__Dengue-2__isolate6__rep1,Flaviviridae,1,Dengue-2,1,6,1,data/reads_multi/Flaviviridae/Dengue-2/isolate_6/rep1_1.fq,data/reads_multi/Flaviviridae/Dengue-2/isolate_6/rep1_2.fq,1,test
Flaviviridae__Dengue-2__isolate6__rep2,Flaviviridae,1,Dengue-2,1,6,2,data/reads_multi/Flaviviridae/Dengue-2/isolate_6/rep2_1.fq,data/reads_multi/Flaviviridae/Dengue-2/isolate_6/rep2_2.fq,1,test
Flaviviridae__Dengue-2__isolate6__rep3,Flaviviridae,1,Dengue-2,1,6,3,data/reads_multi/Flaviviridae/Dengue-2/isolate_6/rep3_1.fq,data/reads_multi/Flaviviridae/Dengue-2/isolate_6/rep3_2.fq,1,test
Flaviviridae__Dengue-2__isolate6__rep4,Flaviviridae,1,Dengue-2,1,6,4,data/reads_multi/Flaviviridae/Dengue-2/isolate_6/rep4_1.fq,data/reads_multi/Flaviviridae/Dengue-2/isolate_6/rep4_2.fq,1,test
Flaviviridae__Dengue-2__isolate6__rep5,Flaviviridae,1,Dengue-2,1,6,5,data/reads_multi/Flaviviridae/Dengue-2/isolate_6/rep5_1.fq,data/reads_multi/Flaviviridae/Dengue-2/isolate_6/rep5_2.fq,1,test
Flaviviridae__Dengue-2__isolate7__rep0,Flaviviridae,1,Dengue-2,1,7,0,data/reads_multi/Flaviviridae/Dengue-2/isolate_7/rep0_1.fq,data/reads_multi/Flaviviridae/Dengue-2/isolate_7/rep0_2.fq,2,val
Flaviviridae__Dengue-2__isolate7__rep1,Flaviviridae,1,Dengue-2,1,7,1,data/reads_multi/Flaviviridae/Dengue-2/isolate_7/rep1_1.fq,data/reads_multi/Flaviviridae/Dengue-2/isolate_7/rep1_2.fq,2,val
Flaviviridae__Dengue-2__isolate7__rep2,Flaviviridae,1,Dengue-2,1,7,2,data/reads_multi/Flaviviridae/Dengue-2/isolate_7/rep2_1.fq,data/reads_multi/Flaviviridae/Dengue-2/isolate_7/rep2_2.fq,2,val
Flaviviridae__Dengue-2__isolate7__rep3,Flaviviridae,1,Dengue-2,1,7,3,data/reads_multi/Flaviviridae/Dengue-2/isolate_7/rep3_1.fq,data/reads_multi/Flaviviridae/Dengue-2/isolate_7/rep3_2.fq,2,val
Flaviviridae__Dengue-2__isolate7__rep4,Flaviviridae,1,Dengue-2,1,7,4,data/reads_multi/Flaviviridae/Dengue-2/isolate_7/rep4_1.fq,data/reads_multi/Flaviviridae/Dengue-2/isolate_7/rep4_2.fq,2,val
Flaviviridae__Dengue-2__isolate7__rep5,Flaviviridae,1,Dengue-2,1,7,5,data/reads_multi/Flaviviridae/Dengue-2/isolate_7/rep5_1.fq,data/reads_multi/Flaviviridae/Dengue-2/isolate_7/rep5_2.fq,2,val
Flaviviridae__Dengue-2__isolate8__rep0,Flaviviridae,1,Dengue-2,1,8,0,data/reads_multi/Flaviviridae/Dengue-2/isolate_8/rep0_1.fq,data/reads_multi/Flaviviridae/Dengue-2/isolate_8/rep0_2.fq,3,train
Flaviviridae__Dengue-2__isolate8__rep1,Flaviviridae,1,Dengue-2,1,8,1,data/reads_multi/Flaviviridae/Dengue-2/isolate_8/rep1_1.fq,data/reads_multi/Flaviviridae/Dengue-2/isolate_8/rep1_2.fq,3,train
Flaviviridae__Dengue-2__isolate8__rep2,Flaviviridae,1,Dengue-2,1,8,2,data/reads_multi/Flaviviridae/Dengue-2/isolate_8/rep2_1.fq,data/reads_multi/Flaviviridae/Dengue-2/isolate_8/rep2_2.fq,3,train
Flaviviridae__Dengue-2__isolate8__rep3,Flaviviridae,1,Dengue-2,1,8,3,data/reads_multi/Flaviviridae/Dengue-2/isolate_8/rep3_1.fq,data/reads_multi/Flaviviridae/Dengue-2/isolate_8/rep3_2.fq,3,train
Flaviviridae__Dengue-2__isolate8__rep4,Flaviviridae,1,Dengue-2,1,8,4,data/reads_multi/Flaviviridae/Dengue-2/isolate_8/rep4_1.fq,data/reads_multi/Flaviviridae/Dengue-2/isolate_8/rep4_2.fq,3,train
Flaviviridae__Dengue-2__isolate8__rep5,Flaviviridae,1,Dengue-2,1,8,5,data/reads_multi/Flaviviridae/Dengue-2/isolate_8/rep5_1.fq,data/reads_multi/Flaviviridae/Dengue-2/isolate_8/rep5_2.fq,3,train
Flaviviridae__Dengue-2__isolate9__rep0,Flaviviridae,1,Dengue-2,1,9,0,data/reads_multi/Flaviviridae/Dengue-2/isolate_9/rep0_1.fq,data/reads_multi/Flaviviridae/Dengue-2/isolate_9/rep0_2.fq,4,train
Flaviviridae__Dengue-2__isolate9__rep1,Flaviviridae,1,Dengue-2,1,9,1,data/reads_multi/Flaviviridae/Dengue-2/isolate_9/rep1_1.fq,data/reads_multi/Flaviviridae/Dengue-2/isolate_9/rep1_2.fq,4,train
Flaviviridae__Dengue-2__isolate9__rep2,Flaviviridae,1,Dengue-2,1,9,2,data/reads_multi/Flaviviridae/Dengue-2/isolate_9/rep2_1.fq,data/reads_multi/Flaviviridae/Dengue-2/isolate_9/rep2_2.fq,4,train
Flaviviridae__Dengue-2__isolate9__rep3,Flaviviridae,1,Dengue-2,1,9,3,data/reads_multi/Flaviviridae/Dengue-2/isolate_9/rep3_1.fq,data/reads_multi/Flaviviridae/Dengue-2/isolate_9/rep3_2.fq,4,train
Flaviviridae__Dengue-2__isolate9__rep4,Flaviviridae,1,Dengue-2,1,9,4,data/reads_multi/Flaviviridae/Dengue-2/isolate_9/rep4_1.fq,data/reads_multi/Flaviviridae/Dengue-2/isolate_9/rep4_2.fq,4,train
Flaviviridae__Dengue-2__isolate9__rep5,Flaviviridae,1,Dengue-2,1,9,5,data/reads_multi/Flaviviridae/Dengue-2/isolate_9/rep5_1.fq,data/reads_multi/Flaviviridae/Dengue-2/isolate_9/rep5_2.fq,4,train
Flaviviridae__Dengue-3__isolate0__rep0,Flaviviridae,1,Dengue-3,2,0,0,data/reads_multi/Flaviviridae/Dengue-3/isolate_0/rep0_1.fq,data/reads_multi/Flaviviridae/Dengue-3/isolate_0/rep0_2.fq,0,train
Flaviviridae__Dengue-3__isolate0__rep1,Flaviviridae,1,Dengue-3,2,0,1,data/reads_multi/Flaviviridae/Dengue-3/isolate_0/rep1_1.fq,data/reads_multi/Flaviviridae/Dengue-3/isolate_0/rep1_2.fq,0,train
Flaviviridae__Dengue-3__isolate0__rep2,Flaviviridae,1,Dengue-3,2,0,2,data/reads_multi/Flaviviridae/Dengue-3/isolate_0/rep2_1.fq,data/reads_multi/Flaviviridae/Dengue-3/isolate_0/rep2_2.fq,0,train
Flaviviridae__Dengue-3__isolate0__rep3,Flaviviridae,1,Dengue-3,2,0,3,data/reads_multi/Flaviviridae/Dengue-3/isolate_0/rep3_1.fq,data/reads_multi/Flaviviridae/Dengue-3/isolate_0/rep3_2.fq,0,train
Flaviviridae__Dengue-3__isolate0__rep4,Flaviviridae,1,Dengue-3,2,0,4,data/reads_multi/Flaviviridae/Dengue-3/isolate_0/rep4_1.fq,data/reads_multi/Flaviviridae/Dengue-3/isolate_0/rep4_2.fq,0,train
Flaviviridae__Dengue-3__isolate0__rep5,Flaviviridae,1,Dengue-3,2,0,5,data/reads_multi/Flaviviridae/Dengue-3/isolate_0/rep5_1.fq,data/reads_multi/Flaviviridae/Dengue-3/isolate_0/rep5_2.fq,0,train
Flaviviridae__Dengue-3__isolate1__rep0,Flaviviridae,1,Dengue-3,2,1,0,data/reads_multi/Flaviviridae/Dengue-3/isolate_1/rep0_1.fq,data/reads_multi/Flaviviridae/Dengue-3/isolate_1/rep0_2.fq,1,test
Flaviviridae__Dengue-3__isolate1__rep1,Flaviviridae,1,Dengue-3,2,1,1,data/reads_multi/Flaviviridae/Dengue-3/isolate_1/rep1_1.fq,data/reads_multi/Flaviviridae/Dengue-3/isolate_1/rep1_2.fq,1,test
Flaviviridae__Dengue-3__isolate1__rep2,Flaviviridae,1,Dengue-3,2,1,2,data/reads_multi/Flaviviridae/Dengue-3/isolate_1/rep2_1.fq,data/reads_multi/Flaviviridae/Dengue-3/isolate_1/rep2_2.fq,1,test
Flaviviridae__Dengue-3__isolate1__rep3,Flaviviridae,1,Dengue-3,2,1,3,data/reads_multi/Flaviviridae/Dengue-3/isolate_1/rep3_1.fq,data/reads_multi/Flaviviridae/Dengue-3/isolate_1/rep3_2.fq,1,test
Flaviviridae__Dengue-3__isolate1__rep4,Flaviviridae,1,Dengue-3,2,1,4,data/reads_multi/Flaviviridae/Dengue-3/isolate_1/rep4_1.fq,data/reads_multi/Flaviviridae/Dengue-3/isolate_1/rep4_2.fq,1,test
Flaviviridae__Dengue-3__isolate1__rep5,Flaviviridae,1,Dengue-3,2,1,5,data/reads_multi/Flaviviridae/Dengue-3/isolate_1/rep5_1.fq,data/reads_multi/Flaviviridae/Dengue-3/isolate_1/rep5_2.fq,1,test
Flaviviridae__Dengue-3__isolate2__rep0,Flaviviridae,1,Dengue-3,2,2,0,data/reads_multi/Flaviviridae/Dengue-3/isolate_2/rep0_1.fq,data/reads_multi/Flaviviridae/Dengue-3/isolate_2/rep0_2.fq,2,val
Flaviviridae__Dengue-3__isolate2__rep1,Flaviviridae,1,Dengue-3,2,2,1,data/reads_multi/Flaviviridae/Dengue-3/isolate_2/rep1_1.fq,data/reads_multi/Flaviviridae/Dengue-3/isolate_2/rep1_2.fq,2,val
Flaviviridae__Dengue-3__isolate2__rep2,Flaviviridae,1,Dengue-3,2,2,2,data/reads_multi/Flaviviridae/Dengue-3/isolate_2/rep2_1.fq,data/reads_multi/Flaviviridae/Dengue-3/isolate_2/rep2_2.fq,2,val
Flaviviridae__Dengue-3__isolate2__rep3,Flaviviridae,1,Dengue-3,2,2,3,data/reads_multi/Flaviviridae/Dengue-3/isolate_2/rep3_1.fq,data/reads_multi/Flaviviridae/Dengue-3/isolate_2/rep3_2.fq,2,val
Flaviviridae__Dengue-3__isolate2__rep4,Flaviviridae,1,Dengue-3,2,2,4,data/reads_multi/Flaviviridae/Dengue-3/isolate_2/rep4_1.fq,data/reads_multi/Flaviviridae/Dengue-3/isolate_2/rep4_2.fq,2,val
Flaviviridae__Dengue-3__isolate2__rep5,Flaviviridae,1,Dengue-3,2,2,5,data/reads_multi/Flaviviridae/Dengue-3/isolate_2/rep5_1.fq,data/reads_multi/Flaviviridae/Dengue-3/isolate_2/rep5_2.fq,2,val
Flaviviridae__Dengue-3__isolate3__rep0,Flaviviridae,1,Dengue-3,2,3,0,data/reads_multi/Flaviviridae/Dengue-3/isolate_3/rep0_1.fq,data/reads_multi/Flaviviridae/Dengue-3/isolate_3/rep0_2.fq,3,train
Flaviviridae__Dengue-3__isolate3__rep1,Flaviviridae,1,Dengue-3,2,3,1,data/reads_multi/Flaviviridae/Dengue-3/isolate_3/rep1_1.fq,data/reads_multi/Flaviviridae/Dengue-3/isolate_3/rep1_2.fq,3,train
Flaviviridae__Dengue-3__isolate3__rep2,Flaviviridae,1,Dengue-3,2,3,2,data/reads_multi/Flaviviridae/Dengue-3/isolate_3/rep2_1.fq,data/reads_multi/Flaviviridae/Dengue-3/isolate_3/rep2_2.fq,3,train
Flaviviridae__Dengue-3__isolate3__rep3,Flaviviridae,1,Dengue-3,2,3,3,data/reads_multi/Flaviviridae/Dengue-3/isolate_3/rep3_1.fq,data/reads_multi/Flaviviridae/Dengue-3/isolate_3/rep3_2.fq,3,train
Flaviviridae__Dengue-3__isolate3__rep4,Flaviviridae,1,Dengue-3,2,3,4,data/reads_multi/Flaviviridae/Dengue-3/isolate_3/rep4_1.fq,data/reads_multi/Flaviviridae/Dengue-3/isolate_3/rep4_2.fq,3,train
Flaviviridae__Dengue-3__isolate3__rep5,Flaviviridae,1,Dengue-3,2,3,5,data/reads_multi/Flaviviridae/Dengue-3/isolate_3/rep5_1.fq,data/reads_multi/Flaviviridae/Dengue-3/isolate_3/rep5_2.fq,3,train
Flaviviridae__Dengue-3__isolate4__rep0,Flaviviridae,1,Dengue-3,2,4,0,data/reads_multi/Flaviviridae/Dengue-3/isolate_4/rep0_1.fq,data/reads_multi/Flaviviridae/Dengue-3/isolate_4/rep0_2.fq,4,train
Flaviviridae__Dengue-3__isolate4__rep1,Flaviviridae,1,Dengue-3,2,4,1,data/reads_multi/Flaviviridae/Dengue-3/isolate_4/rep1_1.fq,data/reads_multi/Flaviviridae/Dengue-3/isolate_4/rep1_2.fq,4,train
Flaviviridae__Dengue-3__isolate4__rep2,Flaviviridae,1,Dengue-3,2,4,2,data/reads_multi/Flaviviridae/Dengue-3/isolate_4/rep2_1.fq,data/reads_multi/Flaviviridae/Dengue-3/isolate_4/rep2_2.fq,4,train
Flaviviridae__Dengue-3__isolate4__rep3,Flaviviridae,1,Dengue-3,2,4,3,data/reads_multi/Flaviviridae/Dengue-3/isolate_4/rep3_1.fq,data/reads_multi/Flaviviridae/Dengue-3/isolate_4/rep3_2.fq,4,train
Flaviviridae__Dengue-3__isolate4__rep4,Flaviviridae,1,Dengue-3,2,4,4,data/reads_multi/Flaviviridae/Dengue-3/isolate_4/rep4_1.fq,data/reads_multi/Flaviviridae/Dengue-3/isolate_4/rep4_2.fq,4,train
Flaviviridae__Dengue-3__isolate4__rep5,Flaviviridae,1,Dengue-3,2,4,5,data/reads_multi/Flaviviridae/Dengue-3/isolate_4/rep5_1.fq,data/reads_multi/Flaviviridae/Dengue-3/isolate_4/rep5_2.fq,4,train
Flaviviridae__Dengue-3__isolate5__rep0,Flaviviridae,1,Dengue-3,2,5,0,data/reads_multi/Flaviviridae/Dengue-3/isolate_5/rep0_1.fq,data/reads_multi/Flaviviridae/Dengue-3/isolate_5/rep0_2.fq,0,train
Flaviviridae__Dengue-3__isolate5__rep1,Flaviviridae,1,Dengue-3,2,5,1,data/reads_multi/Flaviviridae/Dengue-3/isolate_5/rep1_1.fq,data/reads_multi/Flaviviridae/Dengue-3/isolate_5/rep1_2.fq,0,train
Flaviviridae__Dengue-3__isolate5__rep2,Flaviviridae,1,Dengue-3,2,5,2,data/reads_multi/Flaviviridae/Dengue-3/isolate_5/rep2_1.fq,data/reads_multi/Flaviviridae/Dengue-3/isolate_5/rep2_2.fq,0,train
Flaviviridae__Dengue-3__isolate5__rep3,Flaviviridae,1,Dengue-3,2,5,3,data/reads_multi/Flaviviridae/Dengue-3/isolate_5/rep3_1.fq,data/reads_multi/Flaviviridae/Dengue-3/isolate_5/rep3_2.fq,0,train
Flaviviridae__Dengue-3__isolate5__rep4,Flaviviridae,1,Dengue-3,2,5,4,data/reads_multi/Flaviviridae/Dengue-3/isolate_5/rep4_1.fq,data/reads_multi/Flaviviridae/Dengue-3/isolate_5/rep4_2.fq,0,train
Flaviviridae__Dengue-3__isolate5__rep5,Flaviviridae,1,Dengue-3,2,5,5,data/reads_multi/Flaviviridae/Dengue-3/isolate_5/rep5_1.fq,data/reads_multi/Flaviviridae/Dengue-3/isolate_5/rep5_2.fq,0,train
Flaviviridae__Dengue-3__isolate6__rep0,Flaviviridae,1,Dengue-3,2,6,0,data/reads_multi/Flaviviridae/Dengue-3/isolate_6/rep0_1.fq,data/reads_multi/Flaviviridae/Dengue-3/isolate_6/rep0_2.fq,1,test
Flaviviridae__Dengue-3__isolate6__rep1,Flaviviridae,1,Dengue-3,2,6,1,data/reads_multi/Flaviviridae/Dengue-3/isolate_6/rep1_1.fq,data/reads_multi/Flaviviridae/Dengue-3/isolate_6/rep1_2.fq,1,test
Flaviviridae__Dengue-3__isolate6__rep2,Flaviviridae,1,Dengue-3,2,6,2,data/reads_multi/Flaviviridae/Dengue-3/isolate_6/rep2_1.fq,data/reads_multi/Flaviviridae/Dengue-3/isolate_6/rep2_2.fq,1,test
Flaviviridae__Dengue-3__isolate6__rep3,Flaviviridae,1,Dengue-3,2,6,3,data/reads_multi/Flaviviridae/Dengue-3/isolate_6/rep3_1.fq,data/reads_multi/Flaviviridae/Dengue-3/isolate_6/rep3_2.fq,1,test
Flaviviridae__Dengue-3__isolate6__rep4,Flaviviridae,1,Dengue-3,2,6,4,data/reads_multi/Flaviviridae/Dengue-3/isolate_6/rep4_1.fq,data/reads_multi/Flaviviridae/Dengue-3/isolate_6/rep4_2.fq,1,test
Flaviviridae__Dengue-3__isolate6__rep5,Flaviviridae,1,Dengue-3,2,6,5,data/reads_multi/Flaviviridae/Dengue-3/isolate_6/rep5_1.fq,data/reads_multi/Flaviviridae/Dengue-3/isolate_6/rep5_2.fq,1,test
Flaviviridae__Dengue-3__isolate7__rep0,Flaviviridae,1,Dengue-3,2,7,0,data/reads_multi/Flaviviridae/Dengue-3/isolate_7/rep0_1.fq,data/reads_multi/Flaviviridae/Dengue-3/isolate_7/rep0_2.fq,2,val
Flaviviridae__Dengue-3__isolate7__rep1,Flaviviridae,1,Dengue-3,2,7,1,data/reads_multi/Flaviviridae/Dengue-3/isolate_7/rep1_1.fq,data/reads_multi/Flaviviridae/Dengue-3/isolate_7/rep1_2.fq,2,val
Flaviviridae__Dengue-3__isolate7__rep2,Flaviviridae,1,Dengue-3,2,7,2,data/reads_multi/Flaviviridae/Dengue-3/isolate_7/rep2_1.fq,data/reads_multi/Flaviviridae/Dengue-3/isolate_7/rep2_2.fq,2,val
Flaviviridae__Dengue-3__isolate7__rep3,Flaviviridae,1,Dengue-3,2,7,3,data/reads_multi/Flaviviridae/Dengue-3/isolate_7/rep3_1.fq,data/reads_multi/Flaviviridae/Dengue-3/isolate_7/rep3_2.fq,2,val
Flaviviridae__Dengue-3__isolate7__rep4,Flaviviridae,1,Dengue-3,2,7,4,data/reads_multi/Flaviviridae/Dengue-3/isolate_7/rep4_1.fq,data/reads_multi/Flaviviridae/Dengue-3/isolate_7/rep4_2.fq,2,val
Flaviviridae__Dengue-3__isolate7__rep5,Flaviviridae,1,Dengue-3,2,7,5,data/reads_multi/Flaviviridae/Dengue-3/isolate_7/rep5_1.fq,data/reads_multi/Flaviviridae/Dengue-3/isolate_7/rep5_2.fq,2,val
Flaviviridae__Dengue-3__isolate8__rep0,Flaviviridae,1,Dengue-3,2,8,0,data/reads_multi/Flaviviridae/Dengue-3/isolate_8/rep0_1.fq,data/reads_multi/Flaviviridae/Dengue-3/isolate_8/rep0_2.fq,3,train
Flaviviridae__Dengue-3__isolate8__rep1,Flaviviridae,1,Dengue-3,2,8,1,data/reads_multi/Flaviviridae/Dengue-3/isolate_8/rep1_1.fq,data/reads_multi/Flaviviridae/Dengue-3/isolate_8/rep1_2.fq,3,train
Flaviviridae__Dengue-3__isolate8__rep2,Flaviviridae,1,Dengue-3,2,8,2,data/reads_multi/Flaviviridae/Dengue-3/isolate_8/rep2_1.fq,data/reads_multi/Flaviviridae/Dengue-3/isolate_8/rep2_2.fq,3,train
Flaviviridae__Dengue-3__isolate8__rep3,Flaviviridae,1,Dengue-3,2,8,3,data/reads_multi/Flaviviridae/Dengue-3/isolate_8/rep3_1.fq,data/reads_multi/Flaviviridae/Dengue-3/isolate_8/rep3_2.fq,3,train
Flaviviridae__Dengue-3__isolate8__rep4,Flaviviridae,1,Dengue-3,2,8,4,data/reads_multi/Flaviviridae/Dengue-3/isolate_8/rep4_1.fq,data/reads_multi/Flaviviridae/Dengue-3/isolate_8/rep4_2.fq,3,train
Flaviviridae__Dengue-3__isolate8__rep5,Flaviviridae,1,Dengue-3,2,8,5,data/reads_multi/Flaviviridae/Dengue-3/isolate_8/rep5_1.fq,data/reads_multi/Flaviviridae/Dengue-3/isolate_8/rep5_2.fq,3,train
Flaviviridae__Dengue-3__isolate9__rep0,Flaviviridae,1,Dengue-3,2,9,0,data/reads_multi/Flaviviridae/Dengue-3/isolate_9/rep0_1.fq,data/reads_multi/Flaviviridae/Dengue-3/isolate_9/rep0_2.fq,4,train
Flaviviridae__Dengue-3__isolate9__rep1,Flaviviridae,1,Dengue-3,2,9,1,data/reads_multi/Flaviviridae/Dengue-3/isolate_9/rep1_1.fq,data/reads_multi/Flaviviridae/Dengue-3/isolate_9/rep1_2.fq,4,train
Flaviviridae__Dengue-3__isolate9__rep2,Flaviviridae,1,Dengue-3,2,9,2,data/reads_multi/Flaviviridae/Dengue-3/isolate_9/rep2_1.fq,data/reads_multi/Flaviviridae/Dengue-3/isolate_9/rep2_2.fq,4,train
Flaviviridae__Dengue-3__isolate9__rep3,Flaviviridae,1,Dengue-3,2,9,3,data/reads_multi/Flaviviridae/Dengue-3/isolate_9/rep3_1.fq,data/reads_multi/Flaviviridae/Dengue-3/isolate_9/rep3_2.fq,4,train
Flaviviridae__Dengue-3__isolate9__rep4,Flaviviridae,1,Dengue-3,2,9,4,data/reads_multi/Flaviviridae/Dengue-3/isolate_9/rep4_1.fq,data/reads_multi/Flaviviridae/Dengue-3/isolate_9/rep4_2.fq,4,train
Flaviviridae__Dengue-3__isolate9__rep5,Flaviviridae,1,Dengue-3,2,9,5,data/reads_multi/Flaviviridae/Dengue-3/isolate_9/rep5_1.fq,data/reads_multi/Flaviviridae/Dengue-3/isolate_9/rep5_2.fq,4,train
Flaviviridae__Dengue-4__isolate0__rep0,Flaviviridae,1,Dengue-4,3,0,0,data/reads_multi/Flaviviridae/Dengue-4/isolate_0/rep0_1.fq,data/reads_multi/Flaviviridae/Dengue-4/isolate_0/rep0_2.fq,0,train
Flaviviridae__Dengue-4__isolate0__rep1,Flaviviridae,1,Dengue-4,3,0,1,data/reads_multi/Flaviviridae/Dengue-4/isolate_0/rep1_1.fq,data/reads_multi/Flaviviridae/Dengue-4/isolate_0/rep1_2.fq,0,train
Flaviviridae__Dengue-4__isolate0__rep2,Flaviviridae,1,Dengue-4,3,0,2,data/reads_multi/Flaviviridae/Dengue-4/isolate_0/rep2_1.fq,data/reads_multi/Flaviviridae/Dengue-4/isolate_0/rep2_2.fq,0,train
Flaviviridae__Dengue-4__isolate0__rep3,Flaviviridae,1,Dengue-4,3,0,3,data/reads_multi/Flaviviridae/Dengue-4/isolate_0/rep3_1.fq,data/reads_multi/Flaviviridae/Dengue-4/isolate_0/rep3_2.fq,0,train
Flaviviridae__Dengue-4__isolate0__rep4,Flaviviridae,1,Dengue-4,3,0,4,data/reads_multi/Flaviviridae/Dengue-4/isolate_0/rep4_1.fq,data/reads_multi/Flaviviridae/Dengue-4/isolate_0/rep4_2.fq,0,train
Flaviviridae__Dengue-4__isolate0__rep5,Flaviviridae,1,Dengue-4,3,0,5,data/reads_multi/Flaviviridae/Dengue-4/isolate_0/rep5_1.fq,data/reads_multi/Flaviviridae/Dengue-4/isolate_0/rep5_2.fq,0,train
Flaviviridae__Dengue-4__isolate1__rep0,Flaviviridae,1,Dengue-4,3,1,0,data/reads_multi/Flaviviridae/Dengue-4/isolate_1/rep0_1.fq,data/reads_multi/Flaviviridae/Dengue-4/isolate_1/rep0_2.fq,1,test
Flaviviridae__Dengue-4__isolate1__rep1,Flaviviridae,1,Dengue-4,3,1,1,data/reads_multi/Flaviviridae/Dengue-4/isolate_1/rep1_1.fq,data/reads_multi/Flaviviridae/Dengue-4/isolate_1/rep1_2.fq,1,test
Flaviviridae__Dengue-4__isolate1__rep2,Flaviviridae,1,Dengue-4,3,1,2,data/reads_multi/Flaviviridae/Dengue-4/isolate_1/rep2_1.fq,data/reads_multi/Flaviviridae/Dengue-4/isolate_1/rep2_2.fq,1,test
Flaviviridae__Dengue-4__isolate1__rep3,Flaviviridae,1,Dengue-4,3,1,3,data/reads_multi/Flaviviridae/Dengue-4/isolate_1/rep3_1.fq,data/reads_multi/Flaviviridae/Dengue-4/isolate_1/rep3_2.fq,1,test
Flaviviridae__Dengue-4__isolate1__rep4,Flaviviridae,1,Dengue-4,3,1,4,data/reads_multi/Flaviviridae/Dengue-4/isolate_1/rep4_1.fq,data/reads_multi/Flaviviridae/Dengue-4/isolate_1/rep4_2.fq,1,test
Flaviviridae__Dengue-4__isolate1__rep5,Flaviviridae,1,Dengue-4,3,1,5,data/reads_multi/Flaviviridae/Dengue-4/isolate_1/rep5_1.fq,data/reads_multi/Flaviviridae/Dengue-4/isolate_1/rep5_2.fq,1,test
Flaviviridae__Dengue-4__isolate2__rep0,Flaviviridae,1,Dengue-4,3,2,0,data/reads_multi/Flaviviridae/Dengue-4/isolate_2/rep0_1.fq,data/reads_multi/Flaviviridae/Dengue-4/isolate_2/rep0_2.fq,2,val
Flaviviridae__Dengue-4__isolate2__rep1,Flaviviridae,1,Dengue-4,3,2,1,data/reads_multi/Flaviviridae/Dengue-4/isolate_2/rep1_1.fq,data/reads_multi/Flaviviridae/Dengue-4/isolate_2/rep1_2.fq,2,val
Flaviviridae__Dengue-4__isolate2__rep2,Flaviviridae,1,Dengue-4,3,2,2,data/reads_multi/Flaviviridae/Dengue-4/isolate_2/rep2_1.fq,data/reads_multi/Flaviviridae/Dengue-4/isolate_2/rep2_2.fq,2,val
Flaviviridae__Dengue-4__isolate2__rep3,Flaviviridae,1,Dengue-4,3,2,3,data/reads_multi/Flaviviridae/Dengue-4/isolate_2/rep3_1.fq,data/reads_multi/Flaviviridae/Dengue-4/isolate_2/rep3_2.fq,2,val
Flaviviridae__Dengue-4__isolate2__rep4,Flaviviridae,1,Dengue-4,3,2,4,data/reads_multi/Flaviviridae/Dengue-4/isolate_2/rep4_1.fq,data/reads_multi/Flaviviridae/Dengue-4/isolate_2/rep4_2.fq,2,val
Flaviviridae__Dengue-4__isolate2__rep5,Flaviviridae,1,Dengue-4,3,2,5,data/reads_multi/Flaviviridae/Dengue-4/isolate_2/rep5_1.fq,data/reads_multi/Flaviviridae/Dengue-4/isolate_2/rep5_2.fq,2,val
Flaviviridae__Dengue-4__isolate3__rep0,Flaviviridae,1,Dengue-4,3,3,0,data/reads_multi/Flaviviridae/Dengue-4/isolate_3/rep0_1.fq,data/reads_multi/Flaviviridae/Dengue-4/isolate_3/rep0_2.fq,3,train
Flaviviridae__Dengue-4__isolate3__rep1,Flaviviridae,1,Dengue-4,3,3,1,data/reads_multi/Flaviviridae/Dengue-4/isolate_3/rep1_1.fq,data/reads_multi/Flaviviridae/Dengue-4/isolate_3/rep1_2.fq,3,train
Flaviviridae__Dengue-4__isolate3__rep2,Flaviviridae,1,Dengue-4,3,3,2,data/reads_multi/Flaviviridae/Dengue-4/isolate_3/rep2_1.fq,data/reads_multi/Flaviviridae/Dengue-4/isolate_3/rep2_2.fq,3,train
Flaviviridae__Dengue-4__isolate3__rep3,Flaviviridae,1,Dengue-4,3,3,3,data/reads_multi/Flaviviridae/Dengue-4/isolate_3/rep3_1.fq,data/reads_multi/Flaviviridae/Dengue-4/isolate_3/rep3_2.fq,3,train
Flaviviridae__Dengue-4__isolate3__rep4,Flaviviridae,1,Dengue-4,3,3,4,data/reads_multi/Flaviviridae/Dengue-4/isolate_3/rep4_1.fq,data/reads_multi/Flaviviridae/Dengue-4/isolate_3/rep4_2.fq,3,train
Flaviviridae__Dengue-4__isolate3__rep5,Flaviviridae,1,Dengue-4,3,3,5,data/reads_multi/Flaviviridae/Dengue-4/isolate_3/rep5_1.fq,data/reads_multi/Flaviviridae/Dengue-4/isolate_3/rep5_2.fq,3,train
Flaviviridae__Dengue-4__isolate4__rep0,Flaviviridae,1,Dengue-4,3,4,0,data/reads_multi/Flaviviridae/Dengue-4/isolate_4/rep0_1.fq,data/reads_multi/Flaviviridae/Dengue-4/isolate_4/rep0_2.fq,4,train
Flaviviridae__Dengue-4__isolate4__rep1,Flaviviridae,1,Dengue-4,3,4,1,data/reads_multi/Flaviviridae/Dengue-4/isolate_4/rep1_1.fq,data/reads_multi/Flaviviridae/Dengue-4/isolate_4/rep1_2.fq,4,train
Flaviviridae__Dengue-4__isolate4__rep2,Flaviviridae,1,Dengue-4,3,4,2,data/reads_multi/Flaviviridae/Dengue-4/isolate_4/rep2_1.fq,data/reads_multi/Flaviviridae/Dengue-4/isolate_4/rep2_2.fq,4,train
Flaviviridae__Dengue-4__isolate4__rep3,Flaviviridae,1,Dengue-4,3,4,3,data/reads_multi/Flaviviridae/Dengue-4/isolate_4/rep3_1.fq,data/reads_multi/Flaviviridae/Dengue-4/isolate_4/rep3_2.fq,4,train
Flaviviridae__Dengue-4__isolate4__rep4,Flaviviridae,1,Dengue-4,3,4,4,data/reads_multi/Flaviviridae/Dengue-4/isolate_4/rep4_1.fq,data/reads_multi/Flaviviridae/Dengue-4/isolate_4/rep4_2.fq,4,train
Flaviviridae__Dengue-4__isolate4__rep5,Flaviviridae,1,Dengue-4,3,4,5,data/reads_multi/Flaviviridae/Dengue-4/isolate_4/rep5_1.fq,data/reads_multi/Flaviviridae/Dengue-4/isolate_4/rep5_2.fq,4,train
Flaviviridae__Zika__isolate0__rep0,Flaviviridae,1,Zika,4,0,0,data/reads_multi/Flaviviridae/Zika/isolate_0/rep0_1.fq,data/reads_multi/Flaviviridae/Zika/isolate_0/rep0_2.fq,0,train
Flaviviridae__Zika__isolate0__rep1,Flaviviridae,1,Zika,4,0,1,data/reads_multi/Flaviviridae/Zika/isolate_0/rep1_1.fq,data/reads_multi/Flaviviridae/Zika/isolate_0/rep1_2.fq,0,train
Flaviviridae__Zika__isolate0__rep2,Flaviviridae,1,Zika,4,0,2,data/reads_multi/Flaviviridae/Zika/isolate_0/rep2_1.fq,data/reads_multi/Flaviviridae/Zika/isolate_0/rep2_2.fq,0,train
Flaviviridae__Zika__isolate0__rep3,Flaviviridae,1,Zika,4,0,3,data/reads_multi/Flaviviridae/Zika/isolate_0/rep3_1.fq,data/reads_multi/Flaviviridae/Zika/isolate_0/rep3_2.fq,0,train
Flaviviridae__Zika__isolate0__rep4,Flaviviridae,1,Zika,4,0,4,data/reads_multi/Flaviviridae/Zika/isolate_0/rep4_1.fq,data/reads_multi/Flaviviridae/Zika/isolate_0/rep4_2.fq,0,train
Flaviviridae__Zika__isolate0__rep5,Flaviviridae,1,Zika,4,0,5,data/reads_multi/Flaviviridae/Zika/isolate_0/rep5_1.fq,data/reads_multi/Flaviviridae/Zika/isolate_0/rep5_2.fq,0,train
Flaviviridae__Zika__isolate1__rep0,Flaviviridae,1,Zika,4,1,0,data/reads_multi/Flaviviridae/Zika/isolate_1/rep0_1.fq,data/reads_multi/Flaviviridae/Zika/isolate_1/rep0_2.fq,1,test
Flaviviridae__Zika__isolate1__rep1,Flaviviridae,1,Zika,4,1,1,data/reads_multi/Flaviviridae/Zika/isolate_1/rep1_1.fq,data/reads_multi/Flaviviridae/Zika/isolate_1/rep1_2.fq,1,test
Flaviviridae__Zika__isolate1__rep2,Flaviviridae,1,Zika,4,1,2,data/reads_multi/Flaviviridae/Zika/isolate_1/rep2_1.fq,data/reads_multi/Flaviviridae/Zika/isolate_1/rep2_2.fq,1,test
Flaviviridae__Zika__isolate1__rep3,Flaviviridae,1,Zika,4,1,3,data/reads_multi/Flaviviridae/Zika/isolate_1/rep3_1.fq,data/reads_multi/Flaviviridae/Zika/isolate_1/rep3_2.fq,1,test
Flaviviridae__Zika__isolate1__rep4,Flaviviridae,1,Zika,4,1,4,data/reads_multi/Flaviviridae/Zika/isolate_1/rep4_1.fq,data/reads_multi/Flaviviridae/Zika/isolate_1/rep4_2.fq,1,test
Flaviviridae__Zika__isolate1__rep5,Flaviviridae,1,Zika,4,1,5,data/reads_multi/Flaviviridae/Zika/isolate_1/rep5_1.fq,data/reads_multi/Flaviviridae/Zika/isolate_1/rep5_2.fq,1,test
Flaviviridae__Zika__isolate2__rep0,Flaviviridae,1,Zika,4,2,0,data/reads_multi/Flaviviridae/Zika/isolate_2/rep0_1.fq,data/reads_multi/Flaviviridae/Zika/isolate_2/rep0_2.fq,2,val
Flaviviridae__Zika__isolate2__rep1,Flaviviridae,1,Zika,4,2,1,data/reads_multi/Flaviviridae/Zika/isolate_2/rep1_1.fq,data/reads_multi/Flaviviridae/Zika/isolate_2/rep1_2.fq,2,val
Flaviviridae__Zika__isolate2__rep2,Flaviviridae,1,Zika,4,2,2,data/reads_multi/Flaviviridae/Zika/isolate_2/rep2_1.fq,data/reads_multi/Flaviviridae/Zika/isolate_2/rep2_2.fq,2,val
Flaviviridae__Zika__isolate2__rep3,Flaviviridae,1,Zika,4,2,3,data/reads_multi/Flaviviridae/Zika/isolate_2/rep3_1.fq,data/reads_multi/Flaviviridae/Zika/isolate_2/rep3_2.fq,2,val
Flaviviridae__Zika__isolate2__rep4,Flaviviridae,1,Zika,4,2,4,data/reads_multi/Flaviviridae/Zika/isolate_2/rep4_1.fq,data/reads_multi/Flaviviridae/Zika/isolate_2/rep4_2.fq,2,val
Flaviviridae__Zika__isolate2__rep5,Flaviviridae,1,Zika,4,2,5,data/reads_multi/Flaviviridae/Zika/isolate_2/rep5_1.fq,data/reads_multi/Flaviviridae/Zika/isolate_2/rep5_2.fq,2,val
Flaviviridae__Zika__isolate3__rep0,Flaviviridae,1,Zika,4,3,0,data/reads_multi/Flaviviridae/Zika/isolate_3/rep0_1.fq,data/reads_multi/Flaviviridae/Zika/isolate_3/rep0_2.fq,3,train
Flaviviridae__Zika__isolate3__rep1,Flaviviridae,1,Zika,4,3,1,data/reads_multi/Flaviviridae/Zika/isolate_3/rep1_1.fq,data/reads_multi/Flaviviridae/Zika/isolate_3/rep1_2.fq,3,train
Flaviviridae__Zika__isolate3__rep2,Flaviviridae,1,Zika,4,3,2,data/reads_multi/Flaviviridae/Zika/isolate_3/rep2_1.fq,data/reads_multi/Flaviviridae/Zika/isolate_3/rep2_2.fq,3,train
Flaviviridae__Zika__isolate3__rep3,Flaviviridae,1,Zika,4,3,3,data/reads_multi/Flaviviridae/Zika/isolate_3/rep3_1.fq,data/reads_multi/Flaviviridae/Zika/isolate_3/rep3_2.fq,3,train
Flaviviridae__Zika__isolate3__rep4,Flaviviridae,1,Zika,4,3,4,data/reads_multi/Flaviviridae/Zika/isolate_3/rep4_1.fq,data/reads_multi/Flaviviridae/Zika/isolate_3/rep4_2.fq,3,train
Flaviviridae__Zika__isolate3__rep5,Flaviviridae,1,Zika,4,3,5,data/reads_multi/Flaviviridae/Zika/isolate_3/rep5_1.fq,data/reads_multi/Flaviviridae/Zika/isolate_3/rep5_2.fq,3,train
Flaviviridae__Zika__isolate4__rep0,Flaviviridae,1,Zika,4,4,0,data/reads_multi/Flaviviridae/Zika/isolate_4/rep0_1.fq,data/reads_multi/Flaviviridae/Zika/isolate_4/rep0_2.fq,4,train
Flaviviridae__Zika__isolate4__rep1,Flaviviridae,1,Zika,4,4,1,data/reads_multi/Flaviviridae/Zika/isolate_4/rep1_1.fq,data/reads_multi/Flaviviridae/Zika/isolate_4/rep1_2.fq,4,train
Flaviviridae__Zika__isolate4__rep2,Flaviviridae,1,Zika,4,4,2,data/reads_multi/Flaviviridae/Zika/isolate_4/rep2_1.fq,data/reads_multi/Flaviviridae/Zika/isolate_4/rep2_2.fq,4,train
Flaviviridae__Zika__isolate4__rep3,Flaviviridae,1,Zika,4,4,3,data/reads_multi/Flaviviridae/Zika/isolate_4/rep3_1.fq,data/reads_multi/Flaviviridae/Zika/isolate_4/rep3_2.fq,4,train
Flaviviridae__Zika__isolate4__rep4,Flaviviridae,1,Zika,4,4,4,data/reads_multi/Flaviviridae/Zika/isolate_4/rep4_1.fq,data/reads_multi/Flaviviridae/Zika/isolate_4/rep4_2.fq,4,train
Flaviviridae__Zika__isolate4__rep5,Flaviviridae,1,Zika,4,4,5,data/reads_multi/Flaviviridae/Zika/isolate_4/rep5_1.fq,data/reads_multi/Flaviviridae/Zika/isolate_4/rep5_2.fq,4,train
Flaviviridae__Zika__isolate5__rep0,Flaviviridae,1,Zika,4,5,0,data/reads_multi/Flaviviridae/Zika/isolate_5/rep0_1.fq,data/reads_multi/Flaviviridae/Zika/isolate_5/rep0_2.fq,0,train
Flaviviridae__Zika__isolate5__rep1,Flaviviridae,1,Zika,4,5,1,data/reads_multi/Flaviviridae/Zika/isolate_5/rep1_1.fq,data/reads_multi/Flaviviridae/Zika/isolate_5/rep1_2.fq,0,train
Flaviviridae__Zika__isolate5__rep2,Flaviviridae,1,Zika,4,5,2,data/reads_multi/Flaviviridae/Zika/isolate_5/rep2_1.fq,data/reads_multi/Flaviviridae/Zika/isolate_5/rep2_2.fq,0,train
Flaviviridae__Zika__isolate5__rep3,Flaviviridae,1,Zika,4,5,3,data/reads_multi/Flaviviridae/Zika/isolate_5/rep3_1.fq,data/reads_multi/Flaviviridae/Zika/isolate_5/rep3_2.fq,0,train
Flaviviridae__Zika__isolate5__rep4,Flaviviridae,1,Zika,4,5,4,data/reads_multi/Flaviviridae/Zika/isolate_5/rep4_1.fq,data/reads_multi/Flaviviridae/Zika/isolate_5/rep4_2.fq,0,train
Flaviviridae__Zika__isolate5__rep5,Flaviviridae,1,Zika,4,5,5,data/reads_multi/Flaviviridae/Zika/isolate_5/rep5_1.fq,data/reads_multi/Flaviviridae/Zika/isolate_5/rep5_2.fq,0,train
Flaviviridae__Zika__isolate6__rep0,Flaviviridae,1,Zika,4,6,0,data/reads_multi/Flaviviridae/Zika/isolate_6/rep0_1.fq,data/reads_multi/Flaviviridae/Zika/isolate_6/rep0_2.fq,1,test
Flaviviridae__Zika__isolate6__rep1,Flaviviridae,1,Zika,4,6,1,data/reads_multi/Flaviviridae/Zika/isolate_6/rep1_1.fq,data/reads_multi/Flaviviridae/Zika/isolate_6/rep1_2.fq,1,test
Flaviviridae__Zika__isolate6__rep2,Flaviviridae,1,Zika,4,6,2,data/reads_multi/Flaviviridae/Zika/isolate_6/rep2_1.fq,data/reads_multi/Flaviviridae/Zika/isolate_6/rep2_2.fq,1,test
Flaviviridae__Zika__isolate6__rep3,Flaviviridae,1,Zika,4,6,3,data/reads_multi/Flaviviridae/Zika/isolate_6/rep3_1.fq,data/reads_multi/Flaviviridae/Zika/isolate_6/rep3_2.fq,1,test
Flaviviridae__Zika__isolate6__rep4,Flaviviridae,1,Zika,4,6,4,data/reads_multi/Flaviviridae/Zika/isolate_6/rep4_1.fq,data/reads_multi/Flaviviridae/Zika/isolate_6/rep4_2.fq,1,test
Flaviviridae__Zika__isolate6__rep5,Flaviviridae,1,Zika,4,6,5,data/reads_multi/Flaviviridae/Zika/isolate_6/rep5_1.fq,data/reads_multi/Flaviviridae/Zika/isolate_6/rep5_2.fq,1,test
Flaviviridae__Zika__isolate7__rep0,Flaviviridae,1,Zika,4,7,0,data/reads_multi/Flaviviridae/Zika/isolate_7/rep0_1.fq,data/reads_multi/Flaviviridae/Zika/isolate_7/rep0_2.fq,2,val
Flaviviridae__Zika__isolate7__rep1,Flaviviridae,1,Zika,4,7,1,data/reads_multi/Flaviviridae/Zika/isolate_7/rep1_1.fq,data/reads_multi/Flaviviridae/Zika/isolate_7/rep1_2.fq,2,val
Flaviviridae__Zika__isolate7__rep2,Flaviviridae,1,Zika,4,7,2,data/reads_multi/Flaviviridae/Zika/isolate_7/rep2_1.fq,data/reads_multi/Flaviviridae/Zika/isolate_7/rep2_2.fq,2,val
Flaviviridae__Zika__isolate7__rep3,Flaviviridae,1,Zika,4,7,3,data/reads_multi/Flaviviridae/Zika/isolate_7/rep3_1.fq,data/reads_multi/Flaviviridae/Zika/isolate_7/rep3_2.fq,2,val
Flaviviridae__Zika__isolate7__rep4,Flaviviridae,1,Zika,4,7,4,data/reads_multi/Flaviviridae/Zika/isolate_7/rep4_1.fq,data/reads_multi/Flaviviridae/Zika/isolate_7/rep4_2.fq,2,val
Flaviviridae__Zika__isolate7__rep5,Flaviviridae,1,Zika,4,7,5,data/reads_multi/Flaviviridae/Zika/isolate_7/rep5_1.fq,data/reads_multi/Flaviviridae/Zika/isolate_7/rep5_2.fq,2,val
Flaviviridae__Zika__isolate8__rep0,Flaviviridae,1,Zika,4,8,0,data/reads_multi/Flaviviridae/Zika/isolate_8/rep0_1.fq,data/reads_multi/Flaviviridae/Zika/isolate_8/rep0_2.fq,3,train
Flaviviridae__Zika__isolate8__rep1,Flaviviridae,1,Zika,4,8,1,data/reads_multi/Flaviviridae/Zika/isolate_8/rep1_1.fq,data/reads_multi/Flaviviridae/Zika/isolate_8/rep1_2.fq,3,train
Flaviviridae__Zika__isolate8__rep2,Flaviviridae,1,Zika,4,8,2,data/reads_multi/Flaviviridae/Zika/isolate_8/rep2_1.fq,data/reads_multi/Flaviviridae/Zika/isolate_8/rep2_2.fq,3,train
Flaviviridae__Zika__isolate8__rep3,Flaviviridae,1,Zika,4,8,3,data/reads_multi/Flaviviridae/Zika/isolate_8/rep3_1.fq,data/reads_multi/Flaviviridae/Zika/isolate_8/rep3_2.fq,3,train
Flaviviridae__Zika__isolate8__rep4,Flaviviridae,1,Zika,4,8,4,data/reads_multi/Flaviviridae/Zika/isolate_8/rep4_1.fq,data/reads_multi/Flaviviridae/Zika/isolate_8/rep4_2.fq,3,train
Flaviviridae__Zika__isolate8__rep5,Flaviviridae,1,Zika,4,8,5,data/reads_multi/Flaviviridae/Zika/isolate_8/rep5_1.fq,data/reads_multi/Flaviviridae/Zika/isolate_8/rep5_2.fq,3,train
Flaviviridae__Zika__isolate9__rep0,Flaviviridae,1,Zika,4,9,0,data/reads_multi/Flaviviridae/Zika/isolate_9/rep0_1.fq,data/reads_multi/Flaviviridae/Zika/isolate_9/rep0_2.fq,4,train
Flaviviridae__Zika__isolate9__rep1,Flaviviridae,1,Zika,4,9,1,data/reads_multi/Flaviviridae/Zika/isolate_9/rep1_1.fq,data/reads_multi/Flaviviridae/Zika/isolate_9/rep1_2.fq,4,train
Flaviviridae__Zika__isolate9__rep2,Flaviviridae,1,Zika,4,9,2,data/reads_multi/Flaviviridae/Zika/isolate_9/rep2_1.fq,data/reads_multi/Flaviviridae/Zika/isolate_9/rep2_2.fq,4,train
Flaviviridae__Zika__isolate9__rep3,Flaviviridae,1,Zika,4,9,3,data/reads_multi/Flaviviridae/Zika/isolate_9/rep3_1.fq,data/reads_multi/Flaviviridae/Zika/isolate_9/rep3_2.fq,4,train
Flaviviridae__Zika__isolate9__rep4,Flaviviridae,1,Zika,4,9,4,data/reads_multi/Flaviviridae/Zika/isolate_9/rep4_1.fq,data/reads_multi/Flaviviridae/Zika/isolate_9/rep4_2.fq,4,train
Flaviviridae__Zika__isolate9__rep5,Flaviviridae,1,Zika,4,9,5,data/reads_multi/Flaviviridae/Zika/isolate_9/rep5_1.fq,data/reads_multi/Flaviviridae/Zika/isolate_9/rep5_2.fq,4,train
Flaviviridae__West-Nile__isolate0__rep0,Flaviviridae,1,West-Nile,5,0,0,data/reads_multi/Flaviviridae/West-Nile/isolate_0/rep0_1.fq,data/reads_multi/Flaviviridae/West-Nile/isolate_0/rep0_2.fq,0,train
Flaviviridae__West-Nile__isolate0__rep1,Flaviviridae,1,West-Nile,5,0,1,data/reads_multi/Flaviviridae/West-Nile/isolate_0/rep1_1.fq,data/reads_multi/Flaviviridae/West-Nile/isolate_0/rep1_2.fq,0,train
Flaviviridae__West-Nile__isolate0__rep2,Flaviviridae,1,West-Nile,5,0,2,data/reads_multi/Flaviviridae/West-Nile/isolate_0/rep2_1.fq,data/reads_multi/Flaviviridae/West-Nile/isolate_0/rep2_2.fq,0,train
Flaviviridae__West-Nile__isolate0__rep3,Flaviviridae,1,West-Nile,5,0,3,data/reads_multi/Flaviviridae/West-Nile/isolate_0/rep3_1.fq,data/reads_multi/Flaviviridae/West-Nile/isolate_0/rep3_2.fq,0,train
Flaviviridae__West-Nile__isolate0__rep4,Flaviviridae,1,West-Nile,5,0,4,data/reads_multi/Flaviviridae/West-Nile/isolate_0/rep4_1.fq,data/reads_multi/Flaviviridae/West-Nile/isolate_0/rep4_2.fq,0,train
Flaviviridae__West-Nile__isolate0__rep5,Flaviviridae,1,West-Nile,5,0,5,data/reads_multi/Flaviviridae/West-Nile/isolate_0/rep5_1.fq,data/reads_multi/Flaviviridae/West-Nile/isolate_0/rep5_2.fq,0,train
Flaviviridae__West-Nile__isolate1__rep0,Flaviviridae,1,West-Nile,5,1,0,data/reads_multi/Flaviviridae/West-Nile/isolate_1/rep0_1.fq,data/reads_multi/Flaviviridae/West-Nile/isolate_1/rep0_2.fq,1,test
Flaviviridae__West-Nile__isolate1__rep1,Flaviviridae,1,West-Nile,5,1,1,data/reads_multi/Flaviviridae/West-Nile/isolate_1/rep1_1.fq,data/reads_multi/Flaviviridae/West-Nile/isolate_1/rep1_2.fq,1,test
Flaviviridae__West-Nile__isolate1__rep2,Flaviviridae,1,West-Nile,5,1,2,data/reads_multi/Flaviviridae/West-Nile/isolate_1/rep2_1.fq,data/reads_multi/Flaviviridae/West-Nile/isolate_1/rep2_2.fq,1,test
Flaviviridae__West-Nile__isolate1__rep3,Flaviviridae,1,West-Nile,5,1,3,data/reads_multi/Flaviviridae/West-Nile/isolate_1/rep3_1.fq,data/reads_multi/Flaviviridae/West-Nile/isolate_1/rep3_2.fq,1,test
Flaviviridae__West-Nile__isolate1__rep4,Flaviviridae,1,West-Nile,5,1,4,data/reads_multi/Flaviviridae/West-Nile/isolate_1/rep4_1.fq,data/reads_multi/Flaviviridae/West-Nile/isolate_1/rep4_2.fq,1,test
Flaviviridae__West-Nile__isolate1__rep5,Flaviviridae,1,West-Nile,5,1,5,data/reads_multi/Flaviviridae/West-Nile/isolate_1/rep5_1.fq,data/reads_multi/Flaviviridae/West-Nile/isolate_1/rep5_2.fq,1,test
Flaviviridae__West-Nile__isolate2__rep0,Flaviviridae,1,West-Nile,5,2,0,data/reads_multi/Flaviviridae/West-Nile/isolate_2/rep0_1.fq,data/reads_multi/Flaviviridae/West-Nile/isolate_2/rep0_2.fq,2,val
Flaviviridae__West-Nile__isolate2__rep1,Flaviviridae,1,West-Nile,5,2,1,data/reads_multi/Flaviviridae/West-Nile/isolate_2/rep1_1.fq,data/reads_multi/Flaviviridae/West-Nile/isolate_2/rep1_2.fq,2,val
Flaviviridae__West-Nile__isolate2__rep2,Flaviviridae,1,West-Nile,5,2,2,data/reads_multi/Flaviviridae/West-Nile/isolate_2/rep2_1.fq,data/reads_multi/Flaviviridae/West-Nile/isolate_2/rep2_2.fq,2,val
Flaviviridae__West-Nile__isolate2__rep3,Flaviviridae,1,West-Nile,5,2,3,data/reads_multi/Flaviviridae/West-Nile/isolate_2/rep3_1.fq,data/reads_multi/Flaviviridae/West-Nile/isolate_2/rep3_2.fq,2,val
Flaviviridae__West-Nile__isolate2__rep4,Flaviviridae,1,West-Nile,5,2,4,data/reads_multi/Flaviviridae/West-Nile/isolate_2/rep4_1.fq,data/reads_multi/Flaviviridae/West-Nile/isolate_2/rep4_2.fq,2,val
Flaviviridae__West-Nile__isolate2__rep5,Flaviviridae,1,West-Nile,5,2,5,data/reads_multi/Flaviviridae/West-Nile/isolate_2/rep5_1.fq,data/reads_multi/Flaviviridae/West-Nile/isolate_2/rep5_2.fq,2,val
Flaviviridae__West-Nile__isolate3__rep0,Flaviviridae,1,West-Nile,5,3,0,data/reads_multi/Flaviviridae/West-Nile/isolate_3/rep0_1.fq,data/reads_multi/Flaviviridae/West-Nile/isolate_3/rep0_2.fq,3,train
Flaviviridae__West-Nile__isolate3__rep1,Flaviviridae,1,West-Nile,5,3,1,data/reads_multi/Flaviviridae/West-Nile/isolate_3/rep1_1.fq,data/reads_multi/Flaviviridae/West-Nile/isolate_3/rep1_2.fq,3,train
Flaviviridae__West-Nile__isolate3__rep2,Flaviviridae,1,West-Nile,5,3,2,data/reads_multi/Flaviviridae/West-Nile/isolate_3/rep2_1.fq,data/reads_multi/Flaviviridae/West-Nile/isolate_3/rep2_2.fq,3,train
Flaviviridae__West-Nile__isolate3__rep3,Flaviviridae,1,West-Nile,5,3,3,data/reads_multi/Flaviviridae/West-Nile/isolate_3/rep3_1.fq,data/reads_multi/Flaviviridae/West-Nile/isolate_3/rep3_2.fq,3,train
Flaviviridae__West-Nile__isolate3__rep4,Flaviviridae,1,West-Nile,5,3,4,data/reads_multi/Flaviviridae/West-Nile/isolate_3/rep4_1.fq,data/reads_multi/Flaviviridae/West-Nile/isolate_3/rep4_2.fq,3,train
Flaviviridae__West-Nile__isolate3__rep5,Flaviviridae,1,West-Nile,5,3,5,data/reads_multi/Flaviviridae/West-Nile/isolate_3/rep5_1.fq,data/reads_multi/Flaviviridae/West-Nile/isolate_3/rep5_2.fq,3,train
Flaviviridae__West-Nile__isolate4__rep0,Flaviviridae,1,West-Nile,5,4,0,data/reads_multi/Flaviviridae/West-Nile/isolate_4/rep0_1.fq,data/reads_multi/Flaviviridae/West-Nile/isolate_4/rep0_2.fq,4,train
Flaviviridae__West-Nile__isolate4__rep1,Flaviviridae,1,West-Nile,5,4,1,data/reads_multi/Flaviviridae/West-Nile/isolate_4/rep1_1.fq,data/reads_multi/Flaviviridae/West-Nile/isolate_4/rep1_2.fq,4,train
Flaviviridae__West-Nile__isolate4__rep2,Flaviviridae,1,West-Nile,5,4,2,data/reads_multi/Flaviviridae/West-Nile/isolate_4/rep2_1.fq,data/reads_multi/Flaviviridae/West-Nile/isolate_4/rep2_2.fq,4,train
Flaviviridae__West-Nile__isolate4__rep3,Flaviviridae,1,West-Nile,5,4,3,data/reads_multi/Flaviviridae/West-Nile/isolate_4/rep3_1.fq,data/reads_multi/Flaviviridae/West-Nile/isolate_4/rep3_2.fq,4,train
Flaviviridae__West-Nile__isolate4__rep4,Flaviviridae,1,West-Nile,5,4,4,data/reads_multi/Flaviviridae/West-Nile/isolate_4/rep4_1.fq,data/reads_multi/Flaviviridae/West-Nile/isolate_4/rep4_2.fq,4,train
Flaviviridae__West-Nile__isolate4__rep5,Flaviviridae,1,West-Nile,5,4,5,data/reads_multi/Flaviviridae/West-Nile/isolate_4/rep5_1.fq,data/reads_multi/Flaviviridae/West-Nile/isolate_4/rep5_2.fq,4,train
Flaviviridae__West-Nile__isolate5__rep0,Flaviviridae,1,West-Nile,5,5,0,data/reads_multi/Flaviviridae/West-Nile/isolate_5/rep0_1.fq,data/reads_multi/Flaviviridae/West-Nile/isolate_5/rep0_2.fq,0,train
Flaviviridae__West-Nile__isolate5__rep1,Flaviviridae,1,West-Nile,5,5,1,data/reads_multi/Flaviviridae/West-Nile/isolate_5/rep1_1.fq,data/reads_multi/Flaviviridae/West-Nile/isolate_5/rep1_2.fq,0,train
Flaviviridae__West-Nile__isolate5__rep2,Flaviviridae,1,West-Nile,5,5,2,data/reads_multi/Flaviviridae/West-Nile/isolate_5/rep2_1.fq,data/reads_multi/Flaviviridae/West-Nile/isolate_5/rep2_2.fq,0,train
Flaviviridae__West-Nile__isolate5__rep3,Flaviviridae,1,West-Nile,5,5,3,data/reads_multi/Flaviviridae/West-Nile/isolate_5/rep3_1.fq,data/reads_multi/Flaviviridae/West-Nile/isolate_5/rep3_2.fq,0,train
Flaviviridae__West-Nile__isolate5__rep4,Flaviviridae,1,West-Nile,5,5,4,data/reads_multi/Flaviviridae/West-Nile/isolate_5/rep4_1.fq,data/reads_multi/Flaviviridae/West-Nile/isolate_5/rep4_2.fq,0,train
Flaviviridae__West-Nile__isolate5__rep5,Flaviviridae,1,West-Nile,5,5,5,data/reads_multi/Flaviviridae/West-Nile/isolate_5/rep5_1.fq,data/reads_multi/Flaviviridae/West-Nile/isolate_5/rep5_2.fq,0,train
Flaviviridae__West-Nile__isolate6__rep0,Flaviviridae,1,West-Nile,5,6,0,data/reads_multi/Flaviviridae/West-Nile/isolate_6/rep0_1.fq,data/reads_multi/Flaviviridae/West-Nile/isolate_6/rep0_2.fq,1,test
Flaviviridae__West-Nile__isolate6__rep1,Flaviviridae,1,West-Nile,5,6,1,data/reads_multi/Flaviviridae/West-Nile/isolate_6/rep1_1.fq,data/reads_multi/Flaviviridae/West-Nile/isolate_6/rep1_2.fq,1,test
Flaviviridae__West-Nile__isolate6__rep2,Flaviviridae,1,West-Nile,5,6,2,data/reads_multi/Flaviviridae/West-Nile/isolate_6/rep2_1.fq,data/reads_multi/Flaviviridae/West-Nile/isolate_6/rep2_2.fq,1,test
Flaviviridae__West-Nile__isolate6__rep3,Flaviviridae,1,West-Nile,5,6,3,data/reads_multi/Flaviviridae/West-Nile/isolate_6/rep3_1.fq,data/reads_multi/Flaviviridae/West-Nile/isolate_6/rep3_2.fq,1,test
Flaviviridae__West-Nile__isolate6__rep4,Flaviviridae,1,West-Nile,5,6,4,data/reads_multi/Flaviviridae/West-Nile/isolate_6/rep4_1.fq,data/reads_multi/Flaviviridae/West-Nile/isolate_6/rep4_2.fq,1,test
Flaviviridae__West-Nile__isolate6__rep5,Flaviviridae,1,West-Nile,5,6,5,data/reads_multi/Flaviviridae/West-Nile/isolate_6/rep5_1.fq,data/reads_multi/Flaviviridae/West-Nile/isolate_6/rep5_2.fq,1,test
Flaviviridae__West-Nile__isolate7__rep0,Flaviviridae,1,West-Nile,5,7,0,data/reads_multi/Flaviviridae/West-Nile/isolate_7/rep0_1.fq,data/reads_multi/Flaviviridae/West-Nile/isolate_7/rep0_2.fq,2,val
Flaviviridae__West-Nile__isolate7__rep1,Flaviviridae,1,West-Nile,5,7,1,data/reads_multi/Flaviviridae/West-Nile/isolate_7/rep1_1.fq,data/reads_multi/Flaviviridae/West-Nile/isolate_7/rep1_2.fq,2,val
Flaviviridae__West-Nile__isolate7__rep2,Flaviviridae,1,West-Nile,5,7,2,data/reads_multi/Flaviviridae/West-Nile/isolate_7/rep2_1.fq,data/reads_multi/Flaviviridae/West-Nile/isolate_7/rep2_2.fq,2,val
Flaviviridae__West-Nile__isolate7__rep3,Flaviviridae,1,West-Nile,5,7,3,data/reads_multi/Flaviviridae/West-Nile/isolate_7/rep3_1.fq,data/reads_multi/Flaviviridae/West-Nile/isolate_7/rep3_2.fq,2,val
Flaviviridae__West-Nile__isolate7__rep4,Flaviviridae,1,West-Nile,5,7,4,data/reads_multi/Flaviviridae/West-Nile/isolate_7/rep4_1.fq,data/reads_multi/Flaviviridae/West-Nile/isolate_7/rep4_2.fq,2,val
Flaviviridae__West-Nile__isolate7__rep5,Flaviviridae,1,West-Nile,5,7,5,data/reads_multi/Flaviviridae/West-Nile/isolate_7/rep5_1.fq,data/reads_multi/Flaviviridae/West-Nile/isolate_7/rep5_2.fq,2,val
Flaviviridae__West-Nile__isolate8__rep0,Flaviviridae,1,West-Nile,5,8,0,data/reads_multi/Flaviviridae/West-Nile/isolate_8/rep0_1.fq,data/reads_multi/Flaviviridae/West-Nile/isolate_8/rep0_2.fq,3,train
Flaviviridae__West-Nile__isolate8__rep1,Flaviviridae,1,West-Nile,5,8,1,data/reads_multi/Flaviviridae/West-Nile/isolate_8/rep1_1.fq,data/reads_multi/Flaviviridae/West-Nile/isolate_8/rep1_2.fq,3,train
Flaviviridae__West-Nile__isolate8__rep2,Flaviviridae,1,West-Nile,5,8,2,data/reads_multi/Flaviviridae/West-Nile/isolate_8/rep2_1.fq,data/reads_multi/Flaviviridae/West-Nile/isolate_8/rep2_2.fq,3,train
Flaviviridae__West-Nile__isolate8__rep3,Flaviviridae,1,West-Nile,5,8,3,data/reads_multi/Flaviviridae/West-Nile/isolate_8/rep3_1.fq,data/reads_multi/Flaviviridae/West-Nile/isolate_8/rep3_2.fq,3,train
Flaviviridae__West-Nile__isolate8__rep4,Flaviviridae,1,West-Nile,5,8,4,data/reads_multi/Flaviviridae/West-Nile/isolate_8/rep4_1.fq,data/reads_multi/Flaviviridae/West-Nile/isolate_8/rep4_2.fq,3,train
Flaviviridae__West-Nile__isolate8__rep5,Flaviviridae,1,West-Nile,5,8,5,data/reads_multi/Flaviviridae/West-Nile/isolate_8/rep5_1.fq,data/reads_multi/Flaviviridae/West-Nile/isolate_8/rep5_2.fq,3,train
Flaviviridae__West-Nile__isolate9__rep0,Flaviviridae,1,West-Nile,5,9,0,data/reads_multi/Flaviviridae/West-Nile/isolate_9/rep0_1.fq,data/reads_multi/Flaviviridae/West-Nile/isolate_9/rep0_2.fq,4,train
Flaviviridae__West-Nile__isolate9__rep1,Flaviviridae,1,West-Nile,5,9,1,data/reads_multi/Flaviviridae/West-Nile/isolate_9/rep1_1.fq,data/reads_multi/Flaviviridae/West-Nile/isolate_9/rep1_2.fq,4,train
Flaviviridae__West-Nile__isolate9__rep2,Flaviviridae,1,West-Nile,5,9,2,data/reads_multi/Flaviviridae/West-Nile/isolate_9/rep2_1.fq,data/reads_multi/Flaviviridae/West-Nile/isolate_9/rep2_2.fq,4,train
Flaviviridae__West-Nile__isolate9__rep3,Flaviviridae,1,West-Nile,5,9,3,data/reads_multi/Flaviviridae/West-Nile/isolate_9/rep3_1.fq,data/reads_multi/Flaviviridae/West-Nile/isolate_9/rep3_2.fq,4,train
Flaviviridae__West-Nile__isolate9__rep4,Flaviviridae,1,West-Nile,5,9,4,data/reads_multi/Flaviviridae/West-Nile/isolate_9/rep4_1.fq,data/reads_multi/Flaviviridae/West-Nile/isolate_9/rep4_2.fq,4,train
Flaviviridae__West-Nile__isolate9__rep5,Flaviviridae,1,West-Nile,5,9,5,data/reads_multi/Flaviviridae/West-Nile/isolate_9/rep5_1.fq,data/reads_multi/Flaviviridae/West-Nile/isolate_9/rep5_2.fq,4,train
Flaviviridae__Yellow-Fever__isolate0__rep0,Flaviviridae,1,Yellow-Fever,6,0,0,data/reads_multi/Flaviviridae/Yellow-Fever/isolate_0/rep0_1.fq,data/reads_multi/Flaviviridae/Yellow-Fever/isolate_0/rep0_2.fq,0,train
Flaviviridae__Yellow-Fever__isolate0__rep1,Flaviviridae,1,Yellow-Fever,6,0,1,data/reads_multi/Flaviviridae/Yellow-Fever/isolate_0/rep1_1.fq,data/reads_multi/Flaviviridae/Yellow-Fever/isolate_0/rep1_2.fq,0,train
Flaviviridae__Yellow-Fever__isolate0__rep2,Flaviviridae,1,Yellow-Fever,6,0,2,data/reads_multi/Flaviviridae/Yellow-Fever/isolate_0/rep2_1.fq,data/reads_multi/Flaviviridae/Yellow-Fever/isolate_0/rep2_2.fq,0,train
Flaviviridae__Yellow-Fever__isolate0__rep3,Flaviviridae,1,Yellow-Fever,6,0,3,data/reads_multi/Flaviviridae/Yellow-Fever/isolate_0/rep3_1.fq,data/reads_multi/Flaviviridae/Yellow-Fever/isolate_0/rep3_2.fq,0,train
Flaviviridae__Yellow-Fever__isolate0__rep4,Flaviviridae,1,Yellow-Fever,6,0,4,data/reads_multi/Flaviviridae/Yellow-Fever/isolate_0/rep4_1.fq,data/reads_multi/Flaviviridae/Yellow-Fever/isolate_0/rep4_2.fq,0,train
Flaviviridae__Yellow-Fever__isolate0__rep5,Flaviviridae,1,Yellow-Fever,6,0,5,data/reads_multi/Flaviviridae/Yellow-Fever/isolate_0/rep5_1.fq,data/reads_multi/Flaviviridae/Yellow-Fever/isolate_0/rep5_2.fq,0,train
Flaviviridae__Yellow-Fever__isolate1__rep0,Flaviviridae,1,Yellow-Fever,6,1,0,data/reads_multi/Flaviviridae/Yellow-Fever/isolate_1/rep0_1.fq,data/reads_multi/Flaviviridae/Yellow-Fever/isolate_1/rep0_2.fq,1,test
Flaviviridae__Yellow-Fever__isolate1__rep1,Flaviviridae,1,Yellow-Fever,6,1,1,data/reads_multi/Flaviviridae/Yellow-Fever/isolate_1/rep1_1.fq,data/reads_multi/Flaviviridae/Yellow-Fever/isolate_1/rep1_2.fq,1,test
Flaviviridae__Yellow-Fever__isolate1__rep2,Flaviviridae,1,Yellow-Fever,6,1,2,data/reads_multi/Flaviviridae/Yellow-Fever/isolate_1/rep2_1.fq,data/reads_multi/Flaviviridae/Yellow-Fever/isolate_1/rep2_2.fq,1,test
Flaviviridae__Yellow-Fever__isolate1__rep3,Flaviviridae,1,Yellow-Fever,6,1,3,data/reads_multi/Flaviviridae/Yellow-Fever/isolate_1/rep3_1.fq,data/reads_multi/Flaviviridae/Yellow-Fever/isolate_1/rep3_2.fq,1,test
Flaviviridae__Yellow-Fever__isolate1__rep4,Flaviviridae,1,Yellow-Fever,6,1,4,data/reads_multi/Flaviviridae/Yellow-Fever/isolate_1/rep4_1.fq,data/reads_multi/Flaviviridae/Yellow-Fever/isolate_1/rep4_2.fq,1,test
Flaviviridae__Yellow-Fever__isolate1__rep5,Flaviviridae,1,Yellow-Fever,6,1,5,data/reads_multi/Flaviviridae/Yellow-Fever/isolate_1/rep5_1.fq,data/reads_multi/Flaviviridae/Yellow-Fever/isolate_1/rep5_2.fq,1,test
Flaviviridae__Yellow-Fever__isolate2__rep0,Flaviviridae,1,Yellow-Fever,6,2,0,data/reads_multi/Flaviviridae/Yellow-Fever/isolate_2/rep0_1.fq,data/reads_multi/Flaviviridae/Yellow-Fever/isolate_2/rep0_2.fq,2,val
Flaviviridae__Yellow-Fever__isolate2__rep1,Flaviviridae,1,Yellow-Fever,6,2,1,data/reads_multi/Flaviviridae/Yellow-Fever/isolate_2/rep1_1.fq,data/reads_multi/Flaviviridae/Yellow-Fever/isolate_2/rep1_2.fq,2,val
Flaviviridae__Yellow-Fever__isolate2__rep2,Flaviviridae,1,Yellow-Fever,6,2,2,data/reads_multi/Flaviviridae/Yellow-Fever/isolate_2/rep2_1.fq,data/reads_multi/Flaviviridae/Yellow-Fever/isolate_2/rep2_2.fq,2,val
Flaviviridae__Yellow-Fever__isolate2__rep3,Flaviviridae,1,Yellow-Fever,6,2,3,data/reads_multi/Flaviviridae/Yellow-Fever/isolate_2/rep3_1.fq,data/reads_multi/Flaviviridae/Yellow-Fever/isolate_2/rep3_2.fq,2,val
Flaviviridae__Yellow-Fever__isolate2__rep4,Flaviviridae,1,Yellow-Fever,6,2,4,data/reads_multi/Flaviviridae/Yellow-Fever/isolate_2/rep4_1.fq,data/reads_multi/Flaviviridae/Yellow-Fever/isolate_2/rep4_2.fq,2,val
Flaviviridae__Yellow-Fever__isolate2__rep5,Flaviviridae,1,Yellow-Fever,6,2,5,data/reads_multi/Flaviviridae/Yellow-Fever/isolate_2/rep5_1.fq,data/reads_multi/Flaviviridae/Yellow-Fever/isolate_2/rep5_2.fq,2,val
Flaviviridae__Yellow-Fever__isolate3__rep0,Flaviviridae,1,Yellow-Fever,6,3,0,data/reads_multi/Flaviviridae/Yellow-Fever/isolate_3/rep0_1.fq,data/reads_multi/Flaviviridae/Yellow-Fever/isolate_3/rep0_2.fq,3,train
Flaviviridae__Yellow-Fever__isolate3__rep1,Flaviviridae,1,Yellow-Fever,6,3,1,data/reads_multi/Flaviviridae/Yellow-Fever/isolate_3/rep1_1.fq,data/reads_multi/Flaviviridae/Yellow-Fever/isolate_3/rep1_2.fq,3,train
Flaviviridae__Yellow-Fever__isolate3__rep2,Flaviviridae,1,Yellow-Fever,6,3,2,data/reads_multi/Flaviviridae/Yellow-Fever/isolate_3/rep2_1.fq,data/reads_multi/Flaviviridae/Yellow-Fever/isolate_3/rep2_2.fq,3,train
Flaviviridae__Yellow-Fever__isolate3__rep3,Flaviviridae,1,Yellow-Fever,6,3,3,data/reads_multi/Flaviviridae/Yellow-Fever/isolate_3/rep3_1.fq,data/reads_multi/Flaviviridae/Yellow-Fever/isolate_3/rep3_2.fq,3,train
Flaviviridae__Yellow-Fever__isolate3__rep4,Flaviviridae,1,Yellow-Fever,6,3,4,data/reads_multi/Flaviviridae/Yellow-Fever/isolate_3/rep4_1.fq,data/reads_multi/Flaviviridae/Yellow-Fever/isolate_3/rep4_2.fq,3,train
Flaviviridae__Yellow-Fever__isolate3__rep5,Flaviviridae,1,Yellow-Fever,6,3,5,data/reads_multi/Flaviviridae/Yellow-Fever/isolate_3/rep5_1.fq,data/reads_multi/Flaviviridae/Yellow-Fever/isolate_3/rep5_2.fq,3,train
Flaviviridae__Yellow-Fever__isolate4__rep0,Flaviviridae,1,Yellow-Fever,6,4,0,data/reads_multi/Flaviviridae/Yellow-Fever/isolate_4/rep0_1.fq,data/reads_multi/Flaviviridae/Yellow-Fever/isolate_4/rep0_2.fq,4,train
Flaviviridae__Yellow-Fever__isolate4__rep1,Flaviviridae,1,Yellow-Fever,6,4,1,data/reads_multi/Flaviviridae/Yellow-Fever/isolate_4/rep1_1.fq,data/reads_multi/Flaviviridae/Yellow-Fever/isolate_4/rep1_2.fq,4,train
Flaviviridae__Yellow-Fever__isolate4__rep2,Flaviviridae,1,Yellow-Fever,6,4,2,data/reads_multi/Flaviviridae/Yellow-Fever/isolate_4/rep2_1.fq,data/reads_multi/Flaviviridae/Yellow-Fever/isolate_4/rep2_2.fq,4,train
Flaviviridae__Yellow-Fever__isolate4__rep3,Flaviviridae,1,Yellow-Fever,6,4,3,data/reads_multi/Flaviviridae/Yellow-Fever/isolate_4/rep3_1.fq,data/reads_multi/Flaviviridae/Yellow-Fever/isolate_4/rep3_2.fq,4,train
Flaviviridae__Yellow-Fever__isolate4__rep4,Flaviviridae,1,Yellow-Fever,6,4,4,data/reads_multi/Flaviviridae/Yellow-Fever/isolate_4/rep4_1.fq,data/reads_multi/Flaviviridae/Yellow-Fever/isolate_4/rep4_2.fq,4,train
Flaviviridae__Yellow-Fever__isolate4__rep5,Flaviviridae,1,Yellow-Fever,6,4,5,data/reads_multi/Flaviviridae/Yellow-Fever/isolate_4/rep5_1.fq,data/reads_multi/Flaviviridae/Yellow-Fever/isolate_4/rep5_2.fq,4,train
Flaviviridae__Yellow-Fever__isolate5__rep0,Flaviviridae,1,Yellow-Fever,6,5,0,data/reads_multi/Flaviviridae/Yellow-Fever/isolate_5/rep0_1.fq,data/reads_multi/Flaviviridae/Yellow-Fever/isolate_5/rep0_2.fq,0,train
Flaviviridae__Yellow-Fever__isolate5__rep1,Flaviviridae,1,Yellow-Fever,6,5,1,data/reads_multi/Flaviviridae/Yellow-Fever/isolate_5/rep1_1.fq,data/reads_multi/Flaviviridae/Yellow-Fever/isolate_5/rep1_2.fq,0,train
Flaviviridae__Yellow-Fever__isolate5__rep2,Flaviviridae,1,Yellow-Fever,6,5,2,data/reads_multi/Flaviviridae/Yellow-Fever/isolate_5/rep2_1.fq,data/reads_multi/Flaviviridae/Yellow-Fever/isolate_5/rep2_2.fq,0,train
Flaviviridae__Yellow-Fever__isolate5__rep3,Flaviviridae,1,Yellow-Fever,6,5,3,data/reads_multi/Flaviviridae/Yellow-Fever/isolate_5/rep3_1.fq,data/reads_multi/Flaviviridae/Yellow-Fever/isolate_5/rep3_2.fq,0,train
Flaviviridae__Yellow-Fever__isolate5__rep4,Flaviviridae,1,Yellow-Fever,6,5,4,data/reads_multi/Flaviviridae/Yellow-Fever/isolate_5/rep4_1.fq,data/reads_multi/Flaviviridae/Yellow-Fever/isolate_5/rep4_2.fq,0,train
Flaviviridae__Yellow-Fever__isolate5__rep5,Flaviviridae,1,Yellow-Fever,6,5,5,data/reads_multi/Flaviviridae/Yellow-Fever/isolate_5/rep5_1.fq,data/reads_multi/Flaviviridae/Yellow-Fever/isolate_5/rep5_2.fq,0,train
Flaviviridae__Yellow-Fever__isolate6__rep0,Flaviviridae,1,Yellow-Fever,6,6,0,data/reads_multi/Flaviviridae/Yellow-Fever/isolate_6/rep0_1.fq,data/reads_multi/Flaviviridae/Yellow-Fever/isolate_6/rep0_2.fq,1,test
Flaviviridae__Yellow-Fever__isolate6__rep1,Flaviviridae,1,Yellow-Fever,6,6,1,data/reads_multi/Flaviviridae/Yellow-Fever/isolate_6/rep1_1.fq,data/reads_multi/Flaviviridae/Yellow-Fever/isolate_6/rep1_2.fq,1,test
Flaviviridae__Yellow-Fever__isolate6__rep2,Flaviviridae,1,Yellow-Fever,6,6,2,data/reads_multi/Flaviviridae/Yellow-Fever/isolate_6/rep2_1.fq,data/reads_multi/Flaviviridae/Yellow-Fever/isolate_6/rep2_2.fq,1,test
Flaviviridae__Yellow-Fever__isolate6__rep3,Flaviviridae,1,Yellow-Fever,6,6,3,data/reads_multi/Flaviviridae/Yellow-Fever/isolate_6/rep3_1.fq,data/reads_multi/Flaviviridae/Yellow-Fever/isolate_6/rep3_2.fq,1,test
Flaviviridae__Yellow-Fever__isolate6__rep4,Flaviviridae,1,Yellow-Fever,6,6,4,data/reads_multi/Flaviviridae/Yellow-Fever/isolate_6/rep4_1.fq,data/reads_multi/Flaviviridae/Yellow-Fever/isolate_6/rep4_2.fq,1,test
Flaviviridae__Yellow-Fever__isolate6__rep5,Flaviviridae,1,Yellow-Fever,6,6,5,data/reads_multi/Flaviviridae/Yellow-Fever/isolate_6/rep5_1.fq,data/reads_multi/Flaviviridae/Yellow-Fever/isolate_6/rep5_2.fq,1,test
Flaviviridae__Yellow-Fever__isolate7__rep0,Flaviviridae,1,Yellow-Fever,6,7,0,data/reads_multi/Flaviviridae/Yellow-Fever/isolate_7/rep0_1.fq,data/reads_multi/Flaviviridae/Yellow-Fever/isolate_7/rep0_2.fq,2,val
Flaviviridae__Yellow-Fever__isolate7__rep1,Flaviviridae,1,Yellow-Fever,6,7,1,data/reads_multi/Flaviviridae/Yellow-Fever/isolate_7/rep1_1.fq,data/reads_multi/Flaviviridae/Yellow-Fever/isolate_7/rep1_2.fq,2,val
Flaviviridae__Yellow-Fever__isolate7__rep2,Flaviviridae,1,Yellow-Fever,6,7,2,data/reads_multi/Flaviviridae/Yellow-Fever/isolate_7/rep2_1.fq,data/reads_multi/Flaviviridae/Yellow-Fever/isolate_7/rep2_2.fq,2,val
Flaviviridae__Yellow-Fever__isolate7__rep3,Flaviviridae,1,Yellow-Fever,6,7,3,data/reads_multi/Flaviviridae/Yellow-Fever/isolate_7/rep3_1.fq,data/reads_multi/Flaviviridae/Yellow-Fever/isolate_7/rep3_2.fq,2,val
Flaviviridae__Yellow-Fever__isolate7__rep4,Flaviviridae,1,Yellow-Fever,6,7,4,data/reads_multi/Flaviviridae/Yellow-Fever/isolate_7/rep4_1.fq,data/reads_multi/Flaviviridae/Yellow-Fever/isolate_7/rep4_2.fq,2,val
Flaviviridae__Yellow-Fever__isolate7__rep5,Flaviviridae,1,Yellow-Fever,6,7,5,data/reads_multi/Flaviviridae/Yellow-Fever/isolate_7/rep5_1.fq,data/reads_multi/Flaviviridae/Yellow-Fever/isolate_7/rep5_2.fq,2,val
Flaviviridae__Yellow-Fever__isolate8__rep0,Flaviviridae,1,Yellow-Fever,6,8,0,data/reads_multi/Flaviviridae/Yellow-Fever/isolate_8/rep0_1.fq,data/reads_multi/Flaviviridae/Yellow-Fever/isolate_8/rep0_2.fq,3,train
Flaviviridae__Yellow-Fever__isolate8__rep1,Flaviviridae,1,Yellow-Fever,6,8,1,data/reads_multi/Flaviviridae/Yellow-Fever/isolate_8/rep1_1.fq,data/reads_multi/Flaviviridae/Yellow-Fever/isolate_8/rep1_2.fq,3,train
Flaviviridae__Yellow-Fever__isolate8__rep2,Flaviviridae,1,Yellow-Fever,6,8,2,data/reads_multi/Flaviviridae/Yellow-Fever/isolate_8/rep2_1.fq,data/reads_multi/Flaviviridae/Yellow-Fever/isolate_8/rep2_2.fq,3,train
Flaviviridae__Yellow-Fever__isolate8__rep3,Flaviviridae,1,Yellow-Fever,6,8,3,data/reads_multi/Flaviviridae/Yellow-Fever/isolate_8/rep3_1.fq,data/reads_multi/Flaviviridae/Yellow-Fever/isolate_8/rep3_2.fq,3,train
Flaviviridae__Yellow-Fever__isolate8__rep4,Flaviviridae,1,Yellow-Fever,6,8,4,data/reads_multi/Flaviviridae/Yellow-Fever/isolate_8/rep4_1.fq,data/reads_multi/Flaviviridae/Yellow-Fever/isolate_8/rep4_2.fq,3,train
Flaviviridae__Yellow-Fever__isolate8__rep5,Flaviviridae,1,Yellow-Fever,6,8,5,data/reads_multi/Flaviviridae/Yellow-Fever/isolate_8/rep5_1.fq,data/reads_multi/Flaviviridae/Yellow-Fever/isolate_8/rep5_2.fq,3,train
Flaviviridae__Yellow-Fever__isolate9__rep0,Flaviviridae,1,Yellow-Fever,6,9,0,data/reads_multi/Flaviviridae/Yellow-Fever/isolate_9/rep0_1.fq,data/reads_multi/Flaviviridae/Yellow-Fever/isolate_9/rep0_2.fq,4,train
Flaviviridae__Yellow-Fever__isolate9__rep1,Flaviviridae,1,Yellow-Fever,6,9,1,data/reads_multi/Flaviviridae/Yellow-Fever/isolate_9/rep1_1.fq,data/reads_multi/Flaviviridae/Yellow-Fever/isolate_9/rep1_2.fq,4,train
Flaviviridae__Yellow-Fever__isolate9__rep2,Flaviviridae,1,Yellow-Fever,6,9,2,data/reads_multi/Flaviviridae/Yellow-Fever/isolate_9/rep2_1.fq,data/reads_multi/Flaviviridae/Yellow-Fever/isolate_9/rep2_2.fq,4,train
Flaviviridae__Yellow-Fever__isolate9__rep3,Flaviviridae,1,Yellow-Fever,6,9,3,data/reads_multi/Flaviviridae/Yellow-Fever/isolate_9/rep3_1.fq,data/reads_multi/Flaviviridae/Yellow-Fever/isolate_9/rep3_2.fq,4,train
Flaviviridae__Yellow-Fever__isolate9__rep4,Flaviviridae,1,Yellow-Fever,6,9,4,data/reads_multi/Flaviviridae/Yellow-Fever/isolate_9/rep4_1.fq,data/reads_multi/Flaviviridae/Yellow-Fever/isolate_9/rep4_2.fq,4,train
Flaviviridae__Yellow-Fever__isolate9__rep5,Flaviviridae,1,Yellow-Fever,6,9,5,data/reads_multi/Flaviviridae/Yellow-Fever/isolate_9/rep5_1.fq,data/reads_multi/Flaviviridae/Yellow-Fever/isolate_9/rep5_2.fq,4,train
Flaviviridae__Japanese-Encephalitis__isolate0__rep0,Flaviviridae,1,Japanese-Encephalitis,7,0,0,data/reads_multi/Flaviviridae/Japanese-Encephalitis/isolate_0/rep0_1.fq,data/reads_multi/Flaviviridae/Japanese-Encephalitis/isolate_0/rep0_2.fq,0,train
Flaviviridae__Japanese-Encephalitis__isolate0__rep1,Flaviviridae,1,Japanese-Encephalitis,7,0,1,data/reads_multi/Flaviviridae/Japanese-Encephalitis/isolate_0/rep1_1.fq,data/reads_multi/Flaviviridae/Japanese-Encephalitis/isolate_0/rep1_2.fq,0,train
Flaviviridae__Japanese-Encephalitis__isolate0__rep2,Flaviviridae,1,Japanese-Encephalitis,7,0,2,data/reads_multi/Flaviviridae/Japanese-Encephalitis/isolate_0/rep2_1.fq,data/reads_multi/Flaviviridae/Japanese-Encephalitis/isolate_0/rep2_2.fq,0,train
Flaviviridae__Japanese-Encephalitis__isolate0__rep3,Flaviviridae,1,Japanese-Encephalitis,7,0,3,data/reads_multi/Flaviviridae/Japanese-Encephalitis/isolate_0/rep3_1.fq,data/reads_multi/Flaviviridae/Japanese-Encephalitis/isolate_0/rep3_2.fq,0,train
Flaviviridae__Japanese-Encephalitis__isolate0__rep4,Flaviviridae,1,Japanese-Encephalitis,7,0,4,data/reads_multi/Flaviviridae/Japanese-Encephalitis/isolate_0/rep4_1.fq,data/reads_multi/Flaviviridae/Japanese-Encephalitis/isolate_0/rep4_2.fq,0,train
Flaviviridae__Japanese-Encephalitis__isolate0__rep5,Flaviviridae,1,Japanese-Encephalitis,7,0,5,data/reads_multi/Flaviviridae/Japanese-Encephalitis/isolate_0/rep5_1.fq,data/reads_multi/Flaviviridae/Japanese-Encephalitis/isolate_0/rep5_2.fq,0,train
Flaviviridae__Japanese-Encephalitis__isolate1__rep0,Flaviviridae,1,Japanese-Encephalitis,7,1,0,data/reads_multi/Flaviviridae/Japanese-Encephalitis/isolate_1/rep0_1.fq,data/reads_multi/Flaviviridae/Japanese-Encephalitis/isolate_1/rep0_2.fq,1,test
Flaviviridae__Japanese-Encephalitis__isolate1__rep1,Flaviviridae,1,Japanese-Encephalitis,7,1,1,data/reads_multi/Flaviviridae/Japanese-Encephalitis/isolate_1/rep1_1.fq,data/reads_multi/Flaviviridae/Japanese-Encephalitis/isolate_1/rep1_2.fq,1,test
Flaviviridae__Japanese-Encephalitis__isolate1__rep2,Flaviviridae,1,Japanese-Encephalitis,7,1,2,data/reads_multi/Flaviviridae/Japanese-Encephalitis/isolate_1/rep2_1.fq,data/reads_multi/Flaviviridae/Japanese-Encephalitis/isolate_1/rep2_2.fq,1,test
Flaviviridae__Japanese-Encephalitis__isolate1__rep3,Flaviviridae,1,Japanese-Encephalitis,7,1,3,data/reads_multi/Flaviviridae/Japanese-Encephalitis/isolate_1/rep3_1.fq,data/reads_multi/Flaviviridae/Japanese-Encephalitis/isolate_1/rep3_2.fq,1,test
Flaviviridae__Japanese-Encephalitis__isolate1__rep4,Flaviviridae,1,Japanese-Encephalitis,7,1,4,data/reads_multi/Flaviviridae/Japanese-Encephalitis/isolate_1/rep4_1.fq,data/reads_multi/Flaviviridae/Japanese-Encephalitis/isolate_1/rep4_2.fq,1,test
Flaviviridae__Japanese-Encephalitis__isolate1__rep5,Flaviviridae,1,Japanese-Encephalitis,7,1,5,data/reads_multi/Flaviviridae/Japanese-Encephalitis/isolate_1/rep5_1.fq,data/reads_multi/Flaviviridae/Japanese-Encephalitis/isolate_1/rep5_2.fq,1,test
Flaviviridae__Japanese-Encephalitis__isolate2__rep0,Flaviviridae,1,Japanese-Encephalitis,7,2,0,data/reads_multi/Flaviviridae/Japanese-Encephalitis/isolate_2/rep0_1.fq,data/reads_multi/Flaviviridae/Japanese-Encephalitis/isolate_2/rep0_2.fq,2,val
Flaviviridae__Japanese-Encephalitis__isolate2__rep1,Flaviviridae,1,Japanese-Encephalitis,7,2,1,data/reads_multi/Flaviviridae/Japanese-Encephalitis/isolate_2/rep1_1.fq,data/reads_multi/Flaviviridae/Japanese-Encephalitis/isolate_2/rep1_2.fq,2,val
Flaviviridae__Japanese-Encephalitis__isolate2__rep2,Flaviviridae,1,Japanese-Encephalitis,7,2,2,data/reads_multi/Flaviviridae/Japanese-Encephalitis/isolate_2/rep2_1.fq,data/reads_multi/Flaviviridae/Japanese-Encephalitis/isolate_2/rep2_2.fq,2,val
Flaviviridae__Japanese-Encephalitis__isolate2__rep3,Flaviviridae,1,Japanese-Encephalitis,7,2,3,data/reads_multi/Flaviviridae/Japanese-Encephalitis/isolate_2/rep3_1.fq,data/reads_multi/Flaviviridae/Japanese-Encephalitis/isolate_2/rep3_2.fq,2,val
Flaviviridae__Japanese-Encephalitis__isolate2__rep4,Flaviviridae,1,Japanese-Encephalitis,7,2,4,data/reads_multi/Flaviviridae/Japanese-Encephalitis/isolate_2/rep4_1.fq,data/reads_multi/Flaviviridae/Japanese-Encephalitis/isolate_2/rep4_2.fq,2,val
Flaviviridae__Japanese-Encephalitis__isolate2__rep5,Flaviviridae,1,Japanese-Encephalitis,7,2,5,data/reads_multi/Flaviviridae/Japanese-Encephalitis/isolate_2/rep5_1.fq,data/reads_multi/Flaviviridae/Japanese-Encephalitis/isolate_2/rep5_2.fq,2,val
Flaviviridae__Japanese-Encephalitis__isolate3__rep0,Flaviviridae,1,Japanese-Encephalitis,7,3,0,data/reads_multi/Flaviviridae/Japanese-Encephalitis/isolate_3/rep0_1.fq,data/reads_multi/Flaviviridae/Japanese-Encephalitis/isolate_3/rep0_2.fq,3,train
Flaviviridae__Japanese-Encephalitis__isolate3__rep1,Flaviviridae,1,Japanese-Encephalitis,7,3,1,data/reads_multi/Flaviviridae/Japanese-Encephalitis/isolate_3/rep1_1.fq,data/reads_multi/Flaviviridae/Japanese-Encephalitis/isolate_3/rep1_2.fq,3,train
Flaviviridae__Japanese-Encephalitis__isolate3__rep2,Flaviviridae,1,Japanese-Encephalitis,7,3,2,data/reads_multi/Flaviviridae/Japanese-Encephalitis/isolate_3/rep2_1.fq,data/reads_multi/Flaviviridae/Japanese-Encephalitis/isolate_3/rep2_2.fq,3,train
Flaviviridae__Japanese-Encephalitis__isolate3__rep3,Flaviviridae,1,Japanese-Encephalitis,7,3,3,data/reads_multi/Flaviviridae/Japanese-Encephalitis/isolate_3/rep3_1.fq,data/reads_multi/Flaviviridae/Japanese-Encephalitis/isolate_3/rep3_2.fq,3,train
Flaviviridae__Japanese-Encephalitis__isolate3__rep4,Flaviviridae,1,Japanese-Encephalitis,7,3,4,data/reads_multi/Flaviviridae/Japanese-Encephalitis/isolate_3/rep4_1.fq,data/reads_multi/Flaviviridae/Japanese-Encephalitis/isolate_3/rep4_2.fq,3,train
Flaviviridae__Japanese-Encephalitis__isolate3__rep5,Flaviviridae,1,Japanese-Encephalitis,7,3,5,data/reads_multi/Flaviviridae/Japanese-Encephalitis/isolate_3/rep5_1.fq,data/reads_multi/Flaviviridae/Japanese-Encephalitis/isolate_3/rep5_2.fq,3,train
Flaviviridae__Japanese-Encephalitis__isolate4__rep0,Flaviviridae,1,Japanese-Encephalitis,7,4,0,data/reads_multi/Flaviviridae/Japanese-Encephalitis/isolate_4/rep0_1.fq,data/reads_multi/Flaviviridae/Japanese-Encephalitis/isolate_4/rep0_2.fq,4,train
Flaviviridae__Japanese-Encephalitis__isolate4__rep1,Flaviviridae,1,Japanese-Encephalitis,7,4,1,data/reads_multi/Flaviviridae/Japanese-Encephalitis/isolate_4/rep1_1.fq,data/reads_multi/Flaviviridae/Japanese-Encephalitis/isolate_4/rep1_2.fq,4,train
Flaviviridae__Japanese-Encephalitis__isolate4__rep2,Flaviviridae,1,Japanese-Encephalitis,7,4,2,data/reads_multi/Flaviviridae/Japanese-Encephalitis/isolate_4/rep2_1.fq,data/reads_multi/Flaviviridae/Japanese-Encephalitis/isolate_4/rep2_2.fq,4,train
Flaviviridae__Japanese-Encephalitis__isolate4__rep3,Flaviviridae,1,Japanese-Encephalitis,7,4,3,data/reads_multi/Flaviviridae/Japanese-Encephalitis/isolate_4/rep3_1.fq,data/reads_multi/Flaviviridae/Japanese-Encephalitis/isolate_4/rep3_2.fq,4,train
Flaviviridae__Japanese-Encephalitis__isolate4__rep4,Flaviviridae,1,Japanese-Encephalitis,7,4,4,data/reads_multi/Flaviviridae/Japanese-Encephalitis/isolate_4/rep4_1.fq,data/reads_multi/Flaviviridae/Japanese-Encephalitis/isolate_4/rep4_2.fq,4,train
Flaviviridae__Japanese-Encephalitis__isolate4__rep5,Flaviviridae,1,Japanese-Encephalitis,7,4,5,data/reads_multi/Flaviviridae/Japanese-Encephalitis/isolate_4/rep5_1.fq,data/reads_multi/Flaviviridae/Japanese-Encephalitis/isolate_4/rep5_2.fq,4,train
Filoviridae__Ebola-Zaire__isolate0__rep0,Filoviridae,2,Ebola-Zaire,0,0,0,data/reads_multi/Filoviridae/Ebola-Zaire/isolate_0/rep0_1.fq,data/reads_multi/Filoviridae/Ebola-Zaire/isolate_0/rep0_2.fq,0,train
Filoviridae__Ebola-Zaire__isolate0__rep1,Filoviridae,2,Ebola-Zaire,0,0,1,data/reads_multi/Filoviridae/Ebola-Zaire/isolate_0/rep1_1.fq,data/reads_multi/Filoviridae/Ebola-Zaire/isolate_0/rep1_2.fq,0,train
Filoviridae__Ebola-Zaire__isolate0__rep2,Filoviridae,2,Ebola-Zaire,0,0,2,data/reads_multi/Filoviridae/Ebola-Zaire/isolate_0/rep2_1.fq,data/reads_multi/Filoviridae/Ebola-Zaire/isolate_0/rep2_2.fq,0,train
Filoviridae__Ebola-Zaire__isolate0__rep3,Filoviridae,2,Ebola-Zaire,0,0,3,data/reads_multi/Filoviridae/Ebola-Zaire/isolate_0/rep3_1.fq,data/reads_multi/Filoviridae/Ebola-Zaire/isolate_0/rep3_2.fq,0,train
Filoviridae__Ebola-Zaire__isolate0__rep4,Filoviridae,2,Ebola-Zaire,0,0,4,data/reads_multi/Filoviridae/Ebola-Zaire/isolate_0/rep4_1.fq,data/reads_multi/Filoviridae/Ebola-Zaire/isolate_0/rep4_2.fq,0,train
Filoviridae__Ebola-Zaire__isolate0__rep5,Filoviridae,2,Ebola-Zaire,0,0,5,data/reads_multi/Filoviridae/Ebola-Zaire/isolate_0/rep5_1.fq,data/reads_multi/Filoviridae/Ebola-Zaire/isolate_0/rep5_2.fq,0,train
Filoviridae__Ebola-Zaire__isolate1__rep0,Filoviridae,2,Ebola-Zaire,0,1,0,data/reads_multi/Filoviridae/Ebola-Zaire/isolate_1/rep0_1.fq,data/reads_multi/Filoviridae/Ebola-Zaire/isolate_1/rep0_2.fq,1,test
Filoviridae__Ebola-Zaire__isolate1__rep1,Filoviridae,2,Ebola-Zaire,0,1,1,data/reads_multi/Filoviridae/Ebola-Zaire/isolate_1/rep1_1.fq,data/reads_multi/Filoviridae/Ebola-Zaire/isolate_1/rep1_2.fq,1,test
Filoviridae__Ebola-Zaire__isolate1__rep2,Filoviridae,2,Ebola-Zaire,0,1,2,data/reads_multi/Filoviridae/Ebola-Zaire/isolate_1/rep2_1.fq,data/reads_multi/Filoviridae/Ebola-Zaire/isolate_1/rep2_2.fq,1,test
Filoviridae__Ebola-Zaire__isolate1__rep3,Filoviridae,2,Ebola-Zaire,0,1,3,data/reads_multi/Filoviridae/Ebola-Zaire/isolate_1/rep3_1.fq,data/reads_multi/Filoviridae/Ebola-Zaire/isolate_1/rep3_2.fq,1,test
Filoviridae__Ebola-Zaire__isolate1__rep4,Filoviridae,2,Ebola-Zaire,0,1,4,data/reads_multi/Filoviridae/Ebola-Zaire/isolate_1/rep4_1.fq,data/reads_multi/Filoviridae/Ebola-Zaire/isolate_1/rep4_2.fq,1,test
Filoviridae__Ebola-Zaire__isolate1__rep5,Filoviridae,2,Ebola-Zaire,0,1,5,data/reads_multi/Filoviridae/Ebola-Zaire/isolate_1/rep5_1.fq,data/reads_multi/Filoviridae/Ebola-Zaire/isolate_1/rep5_2.fq,1,test
Filoviridae__Ebola-Zaire__isolate2__rep0,Filoviridae,2,Ebola-Zaire,0,2,0,data/reads_multi/Filoviridae/Ebola-Zaire/isolate_2/rep0_1.fq,data/reads_multi/Filoviridae/Ebola-Zaire/isolate_2/rep0_2.fq,2,val
Filoviridae__Ebola-Zaire__isolate2__rep1,Filoviridae,2,Ebola-Zaire,0,2,1,data/reads_multi/Filoviridae/Ebola-Zaire/isolate_2/rep1_1.fq,data/reads_multi/Filoviridae/Ebola-Zaire/isolate_2/rep1_2.fq,2,val
Filoviridae__Ebola-Zaire__isolate2__rep2,Filoviridae,2,Ebola-Zaire,0,2,2,data/reads_multi/Filoviridae/Ebola-Zaire/isolate_2/rep2_1.fq,data/reads_multi/Filoviridae/Ebola-Zaire/isolate_2/rep2_2.fq,2,val
Filoviridae__Ebola-Zaire__isolate2__rep3,Filoviridae,2,Ebola-Zaire,0,2,3,data/reads_multi/Filoviridae/Ebola-Zaire/isolate_2/rep3_1.fq,data/reads_multi/Filoviridae/Ebola-Zaire/isolate_2/rep3_2.fq,2,val
Filoviridae__Ebola-Zaire__isolate2__rep4,Filoviridae,2,Ebola-Zaire,0,2,4,data/reads_multi/Filoviridae/Ebola-Zaire/isolate_2/rep4_1.fq,data/reads_multi/Filoviridae/Ebola-Zaire/isolate_2/rep4_2.fq,2,val
Filoviridae__Ebola-Zaire__isolate2__rep5,Filoviridae,2,Ebola-Zaire,0,2,5,data/reads_multi/Filoviridae/Ebola-Zaire/isolate_2/rep5_1.fq,data/reads_multi/Filoviridae/Ebola-Zaire/isolate_2/rep5_2.fq,2,val
Filoviridae__Ebola-Zaire__isolate3__rep0,Filoviridae,2,Ebola-Zaire,0,3,0,data/reads_multi/Filoviridae/Ebola-Zaire/isolate_3/rep0_1.fq,data/reads_multi/Filoviridae/Ebola-Zaire/isolate_3/rep0_2.fq,3,train
Filoviridae__Ebola-Zaire__isolate3__rep1,Filoviridae,2,Ebola-Zaire,0,3,1,data/reads_multi/Filoviridae/Ebola-Zaire/isolate_3/rep1_1.fq,data/reads_multi/Filoviridae/Ebola-Zaire/isolate_3/rep1_2.fq,3,train
Filoviridae__Ebola-Zaire__isolate3__rep2,Filoviridae,2,Ebola-Zaire,0,3,2,data/reads_multi/Filoviridae/Ebola-Zaire/isolate_3/rep2_1.fq,data/reads_multi/Filoviridae/Ebola-Zaire/isolate_3/rep2_2.fq,3,train
Filoviridae__Ebola-Zaire__isolate3__rep3,Filoviridae,2,Ebola-Zaire,0,3,3,data/reads_multi/Filoviridae/Ebola-Zaire/isolate_3/rep3_1.fq,data/reads_multi/Filoviridae/Ebola-Zaire/isolate_3/rep3_2.fq,3,train
Filoviridae__Ebola-Zaire__isolate3__rep4,Filoviridae,2,Ebola-Zaire,0,3,4,data/reads_multi/Filoviridae/Ebola-Zaire/isolate_3/rep4_1.fq,data/reads_multi/Filoviridae/Ebola-Zaire/isolate_3/rep4_2.fq,3,train
Filoviridae__Ebola-Zaire__isolate3__rep5,Filoviridae,2,Ebola-Zaire,0,3,5,data/reads_multi/Filoviridae/Ebola-Zaire/isolate_3/rep5_1.fq,data/reads_multi/Filoviridae/Ebola-Zaire/isolate_3/rep5_2.fq,3,train
Filoviridae__Ebola-Zaire__isolate4__rep0,Filoviridae,2,Ebola-Zaire,0,4,0,data/reads_multi/Filoviridae/Ebola-Zaire/isolate_4/rep0_1.fq,data/reads_multi/Filoviridae/Ebola-Zaire/isolate_4/rep0_2.fq,4,train
Filoviridae__Ebola-Zaire__isolate4__rep1,Filoviridae,2,Ebola-Zaire,0,4,1,data/reads_multi/Filoviridae/Ebola-Zaire/isolate_4/rep1_1.fq,data/reads_multi/Filoviridae/Ebola-Zaire/isolate_4/rep1_2.fq,4,train
Filoviridae__Ebola-Zaire__isolate4__rep2,Filoviridae,2,Ebola-Zaire,0,4,2,data/reads_multi/Filoviridae/Ebola-Zaire/isolate_4/rep2_1.fq,data/reads_multi/Filoviridae/Ebola-Zaire/isolate_4/rep2_2.fq,4,train
Filoviridae__Ebola-Zaire__isolate4__rep3,Filoviridae,2,Ebola-Zaire,0,4,3,data/reads_multi/Filoviridae/Ebola-Zaire/isolate_4/rep3_1.fq,data/reads_multi/Filoviridae/Ebola-Zaire/isolate_4/rep3_2.fq,4,train
Filoviridae__Ebola-Zaire__isolate4__rep4,Filoviridae,2,Ebola-Zaire,0,4,4,data/reads_multi/Filoviridae/Ebola-Zaire/isolate_4/rep4_1.fq,data/reads_multi/Filoviridae/Ebola-Zaire/isolate_4/rep4_2.fq,4,train
Filoviridae__Ebola-Zaire__isolate4__rep5,Filoviridae,2,Ebola-Zaire,0,4,5,data/reads_multi/Filoviridae/Ebola-Zaire/isolate_4/rep5_1.fq,data/reads_multi/Filoviridae/Ebola-Zaire/isolate_4/rep5_2.fq,4,train
Filoviridae__Ebola-Zaire__isolate5__rep0,Filoviridae,2,Ebola-Zaire,0,5,0,data/reads_multi/Filoviridae/Ebola-Zaire/isolate_5/rep0_1.fq,data/reads_multi/Filoviridae/Ebola-Zaire/isolate_5/rep0_2.fq,0,train
Filoviridae__Ebola-Zaire__isolate5__rep1,Filoviridae,2,Ebola-Zaire,0,5,1,data/reads_multi/Filoviridae/Ebola-Zaire/isolate_5/rep1_1.fq,data/reads_multi/Filoviridae/Ebola-Zaire/isolate_5/rep1_2.fq,0,train
Filoviridae__Ebola-Zaire__isolate5__rep2,Filoviridae,2,Ebola-Zaire,0,5,2,data/reads_multi/Filoviridae/Ebola-Zaire/isolate_5/rep2_1.fq,data/reads_multi/Filoviridae/Ebola-Zaire/isolate_5/rep2_2.fq,0,train
Filoviridae__Ebola-Zaire__isolate5__rep3,Filoviridae,2,Ebola-Zaire,0,5,3,data/reads_multi/Filoviridae/Ebola-Zaire/isolate_5/rep3_1.fq,data/reads_multi/Filoviridae/Ebola-Zaire/isolate_5/rep3_2.fq,0,train
Filoviridae__Ebola-Zaire__isolate5__rep4,Filoviridae,2,Ebola-Zaire,0,5,4,data/reads_multi/Filoviridae/Ebola-Zaire/isolate_5/rep4_1.fq,data/reads_multi/Filoviridae/Ebola-Zaire/isolate_5/rep4_2.fq,0,train
Filoviridae__Ebola-Zaire__isolate5__rep5,Filoviridae,2,Ebola-Zaire,0,5,5,data/reads_multi/Filoviridae/Ebola-Zaire/isolate_5/rep5_1.fq,data/reads_multi/Filoviridae/Ebola-Zaire/isolate_5/rep5_2.fq,0,train
Filoviridae__Ebola-Zaire__isolate6__rep0,Filoviridae,2,Ebola-Zaire,0,6,0,data/reads_multi/Filoviridae/Ebola-Zaire/isolate_6/rep0_1.fq,data/reads_multi/Filoviridae/Ebola-Zaire/isolate_6/rep0_2.fq,1,test
Filoviridae__Ebola-Zaire__isolate6__rep1,Filoviridae,2,Ebola-Zaire,0,6,1,data/reads_multi/Filoviridae/Ebola-Zaire/isolate_6/rep1_1.fq,data/reads_multi/Filoviridae/Ebola-Zaire/isolate_6/rep1_2.fq,1,test
Filoviridae__Ebola-Zaire__isolate6__rep2,Filoviridae,2,Ebola-Zaire,0,6,2,data/reads_multi/Filoviridae/Ebola-Zaire/isolate_6/rep2_1.fq,data/reads_multi/Filoviridae/Ebola-Zaire/isolate_6/rep2_2.fq,1,test
Filoviridae__Ebola-Zaire__isolate6__rep3,Filoviridae,2,Ebola-Zaire,0,6,3,data/reads_multi/Filoviridae/Ebola-Zaire/isolate_6/rep3_1.fq,data/reads_multi/Filoviridae/Ebola-Zaire/isolate_6/rep3_2.fq,1,test
Filoviridae__Ebola-Zaire__isolate6__rep4,Filoviridae,2,Ebola-Zaire,0,6,4,data/reads_multi/Filoviridae/Ebola-Zaire/isolate_6/rep4_1.fq,data/reads_multi/Filoviridae/Ebola-Zaire/isolate_6/rep4_2.fq,1,test
Filoviridae__Ebola-Zaire__isolate6__rep5,Filoviridae,2,Ebola-Zaire,0,6,5,data/reads_multi/Filoviridae/Ebola-Zaire/isolate_6/rep5_1.fq,data/reads_multi/Filoviridae/Ebola-Zaire/isolate_6/rep5_2.fq,1,test
Filoviridae__Ebola-Zaire__isolate7__rep0,Filoviridae,2,Ebola-Zaire,0,7,0,data/reads_multi/Filoviridae/Ebola-Zaire/isolate_7/rep0_1.fq,data/reads_multi/Filoviridae/Ebola-Zaire/isolate_7/rep0_2.fq,2,val
Filoviridae__Ebola-Zaire__isolate7__rep1,Filoviridae,2,Ebola-Zaire,0,7,1,data/reads_multi/Filoviridae/Ebola-Zaire/isolate_7/rep1_1.fq,data/reads_multi/Filoviridae/Ebola-Zaire/isolate_7/rep1_2.fq,2,val
Filoviridae__Ebola-Zaire__isolate7__rep2,Filoviridae,2,Ebola-Zaire,0,7,2,data/reads_multi/Filoviridae/Ebola-Zaire/isolate_7/rep2_1.fq,data/reads_multi/Filoviridae/Ebola-Zaire/isolate_7/rep2_2.fq,2,val
Filoviridae__Ebola-Zaire__isolate7__rep3,Filoviridae,2,Ebola-Zaire,0,7,3,data/reads_multi/Filoviridae/Ebola-Zaire/isolate_7/rep3_1.fq,data/reads_multi/Filoviridae/Ebola-Zaire/isolate_7/rep3_2.fq,2,val
Filoviridae__Ebola-Zaire__isolate7__rep4,Filoviridae,2,Ebola-Zaire,0,7,4,data/reads_multi/Filoviridae/Ebola-Zaire/isolate_7/rep4_1.fq,data/reads_multi/Filoviridae/Ebola-Zaire/isolate_7/rep4_2.fq,2,val
Filoviridae__Ebola-Zaire__isolate7__rep5,Filoviridae,2,Ebola-Zaire,0,7,5,data/reads_multi/Filoviridae/Ebola-Zaire/isolate_7/rep5_1.fq,data/reads_multi/Filoviridae/Ebola-Zaire/isolate_7/rep5_2.fq,2,val
Filoviridae__Ebola-Zaire__isolate8__rep0,Filoviridae,2,Ebola-Zaire,0,8,0,data/reads_multi/Filoviridae/Ebola-Zaire/isolate_8/rep0_1.fq,data/reads_multi/Filoviridae/Ebola-Zaire/isolate_8/rep0_2.fq,3,train
Filoviridae__Ebola-Zaire__isolate8__rep1,Filoviridae,2,Ebola-Zaire,0,8,1,data/reads_multi/Filoviridae/Ebola-Zaire/isolate_8/rep1_1.fq,data/reads_multi/Filoviridae/Ebola-Zaire/isolate_8/rep1_2.fq,3,train
Filoviridae__Ebola-Zaire__isolate8__rep2,Filoviridae,2,Ebola-Zaire,0,8,2,data/reads_multi/Filoviridae/Ebola-Zaire/isolate_8/rep2_1.fq,data/reads_multi/Filoviridae/Ebola-Zaire/isolate_8/rep2_2.fq,3,train
Filoviridae__Ebola-Zaire__isolate8__rep3,Filoviridae,2,Ebola-Zaire,0,8,3,data/reads_multi/Filoviridae/Ebola-Zaire/isolate_8/rep3_1.fq,data/reads_multi/Filoviridae/Ebola-Zaire/isolate_8/rep3_2.fq,3,train
Filoviridae__Ebola-Zaire__isolate8__rep4,Filoviridae,2,Ebola-Zaire,0,8,4,data/reads_multi/Filoviridae/Ebola-Zaire/isolate_8/rep4_1.fq,data/reads_multi/Filoviridae/Ebola-Zaire/isolate_8/rep4_2.fq,3,train
Filoviridae__Ebola-Zaire__isolate8__rep5,Filoviridae,2,Ebola-Zaire,0,8,5,data/reads_multi/Filoviridae/Ebola-Zaire/isolate_8/rep5_1.fq,data/reads_multi/Filoviridae/Ebola-Zaire/isolate_8/rep5_2.fq,3,train
Filoviridae__Ebola-Zaire__isolate9__rep0,Filoviridae,2,Ebola-Zaire,0,9,0,data/reads_multi/Filoviridae/Ebola-Zaire/isolate_9/rep0_1.fq,data/reads_multi/Filoviridae/Ebola-Zaire/isolate_9/rep0_2.fq,4,train
Filoviridae__Ebola-Zaire__isolate9__rep1,Filoviridae,2,Ebola-Zaire,0,9,1,data/reads_multi/Filoviridae/Ebola-Zaire/isolate_9/rep1_1.fq,data/reads_multi/Filoviridae/Ebola-Zaire/isolate_9/rep1_2.fq,4,train
Filoviridae__Ebola-Zaire__isolate9__rep2,Filoviridae,2,Ebola-Zaire,0,9,2,data/reads_multi/Filoviridae/Ebola-Zaire/isolate_9/rep2_1.fq,data/reads_multi/Filoviridae/Ebola-Zaire/isolate_9/rep2_2.fq,4,train
Filoviridae__Ebola-Zaire__isolate9__rep3,Filoviridae,2,Ebola-Zaire,0,9,3,data/reads_multi/Filoviridae/Ebola-Zaire/isolate_9/rep3_1.fq,data/reads_multi/Filoviridae/Ebola-Zaire/isolate_9/rep3_2.fq,4,train
Filoviridae__Ebola-Zaire__isolate9__rep4,Filoviridae,2,Ebola-Zaire,0,9,4,data/reads_multi/Filoviridae/Ebola-Zaire/isolate_9/rep4_1.fq,data/reads_multi/Filoviridae/Ebola-Zaire/isolate_9/rep4_2.fq,4,train
Filoviridae__Ebola-Zaire__isolate9__rep5,Filoviridae,2,Ebola-Zaire,0,9,5,data/reads_multi/Filoviridae/Ebola-Zaire/isolate_9/rep5_1.fq,data/reads_multi/Filoviridae/Ebola-Zaire/isolate_9/rep5_2.fq,4,train
Filoviridae__Ebola-Sudan__isolate0__rep0,Filoviridae,2,Ebola-Sudan,1,0,0,data/reads_multi/Filoviridae/Ebola-Sudan/isolate_0/rep0_1.fq,data/reads_multi/Filoviridae/Ebola-Sudan/isolate_0/rep0_2.fq,0,train
Filoviridae__Ebola-Sudan__isolate0__rep1,Filoviridae,2,Ebola-Sudan,1,0,1,data/reads_multi/Filoviridae/Ebola-Sudan/isolate_0/rep1_1.fq,data/reads_multi/Filoviridae/Ebola-Sudan/isolate_0/rep1_2.fq,0,train
Filoviridae__Ebola-Sudan__isolate0__rep2,Filoviridae,2,Ebola-Sudan,1,0,2,data/reads_multi/Filoviridae/Ebola-Sudan/isolate_0/rep2_1.fq,data/reads_multi/Filoviridae/Ebola-Sudan/isolate_0/rep2_2.fq,0,train
Filoviridae__Ebola-Sudan__isolate0__rep3,Filoviridae,2,Ebola-Sudan,1,0,3,data/reads_multi/Filoviridae/Ebola-Sudan/isolate_0/rep3_1.fq,data/reads_multi/Filoviridae/Ebola-Sudan/isolate_0/rep3_2.fq,0,train
Filoviridae__Ebola-Sudan__isolate0__rep4,Filoviridae,2,Ebola-Sudan,1,0,4,data/reads_multi/Filoviridae/Ebola-Sudan/isolate_0/rep4_1.fq,data/reads_multi/Filoviridae/Ebola-Sudan/isolate_0/rep4_2.fq,0,train
Filoviridae__Ebola-Sudan__isolate0__rep5,Filoviridae,2,Ebola-Sudan,1,0,5,data/reads_multi/Filoviridae/Ebola-Sudan/isolate_0/rep5_1.fq,data/reads_multi/Filoviridae/Ebola-Sudan/isolate_0/rep5_2.fq,0,train
Filoviridae__Ebola-Sudan__isolate1__rep0,Filoviridae,2,Ebola-Sudan,1,1,0,data/reads_multi/Filoviridae/Ebola-Sudan/isolate_1/rep0_1.fq,data/reads_multi/Filoviridae/Ebola-Sudan/isolate_1/rep0_2.fq,1,test
Filoviridae__Ebola-Sudan__isolate1__rep1,Filoviridae,2,Ebola-Sudan,1,1,1,data/reads_multi/Filoviridae/Ebola-Sudan/isolate_1/rep1_1.fq,data/reads_multi/Filoviridae/Ebola-Sudan/isolate_1/rep1_2.fq,1,test
Filoviridae__Ebola-Sudan__isolate1__rep2,Filoviridae,2,Ebola-Sudan,1,1,2,data/reads_multi/Filoviridae/Ebola-Sudan/isolate_1/rep2_1.fq,data/reads_multi/Filoviridae/Ebola-Sudan/isolate_1/rep2_2.fq,1,test
Filoviridae__Ebola-Sudan__isolate1__rep3,Filoviridae,2,Ebola-Sudan,1,1,3,data/reads_multi/Filoviridae/Ebola-Sudan/isolate_1/rep3_1.fq,data/reads_multi/Filoviridae/Ebola-Sudan/isolate_1/rep3_2.fq,1,test
Filoviridae__Ebola-Sudan__isolate1__rep4,Filoviridae,2,Ebola-Sudan,1,1,4,data/reads_multi/Filoviridae/Ebola-Sudan/isolate_1/rep4_1.fq,data/reads_multi/Filoviridae/Ebola-Sudan/isolate_1/rep4_2.fq,1,test
Filoviridae__Ebola-Sudan__isolate1__rep5,Filoviridae,2,Ebola-Sudan,1,1,5,data/reads_multi/Filoviridae/Ebola-Sudan/isolate_1/rep5_1.fq,data/reads_multi/Filoviridae/Ebola-Sudan/isolate_1/rep5_2.fq,1,test
Filoviridae__Ebola-Sudan__isolate2__rep0,Filoviridae,2,Ebola-Sudan,1,2,0,data/reads_multi/Filoviridae/Ebola-Sudan/isolate_2/rep0_1.fq,data/reads_multi/Filoviridae/Ebola-Sudan/isolate_2/rep0_2.fq,2,val
Filoviridae__Ebola-Sudan__isolate2__rep1,Filoviridae,2,Ebola-Sudan,1,2,1,data/reads_multi/Filoviridae/Ebola-Sudan/isolate_2/rep1_1.fq,data/reads_multi/Filoviridae/Ebola-Sudan/isolate_2/rep1_2.fq,2,val
Filoviridae__Ebola-Sudan__isolate2__rep2,Filoviridae,2,Ebola-Sudan,1,2,2,data/reads_multi/Filoviridae/Ebola-Sudan/isolate_2/rep2_1.fq,data/reads_multi/Filoviridae/Ebola-Sudan/isolate_2/rep2_2.fq,2,val
Filoviridae__Ebola-Sudan__isolate2__rep3,Filoviridae,2,Ebola-Sudan,1,2,3,data/reads_multi/Filoviridae/Ebola-Sudan/isolate_2/rep3_1.fq,data/reads_multi/Filoviridae/Ebola-Sudan/isolate_2/rep3_2.fq,2,val
Filoviridae__Ebola-Sudan__isolate2__rep4,Filoviridae,2,Ebola-Sudan,1,2,4,data/reads_multi/Filoviridae/Ebola-Sudan/isolate_2/rep4_1.fq,data/reads_multi/Filoviridae/Ebola-Sudan/isolate_2/rep4_2.fq,2,val
Filoviridae__Ebola-Sudan__isolate2__rep5,Filoviridae,2,Ebola-Sudan,1,2,5,data/reads_multi/Filoviridae/Ebola-Sudan/isolate_2/rep5_1.fq,data/reads_multi/Filoviridae/Ebola-Sudan/isolate_2/rep5_2.fq,2,val
Filoviridae__Ebola-Sudan__isolate3__rep0,Filoviridae,2,Ebola-Sudan,1,3,0,data/reads_multi/Filoviridae/Ebola-Sudan/isolate_3/rep0_1.fq,data/reads_multi/Filoviridae/Ebola-Sudan/isolate_3/rep0_2.fq,3,train
Filoviridae__Ebola-Sudan__isolate3__rep1,Filoviridae,2,Ebola-Sudan,1,3,1,data/reads_multi/Filoviridae/Ebola-Sudan/isolate_3/rep1_1.fq,data/reads_multi/Filoviridae/Ebola-Sudan/isolate_3/rep1_2.fq,3,train
Filoviridae__Ebola-Sudan__isolate3__rep2,Filoviridae,2,Ebola-Sudan,1,3,2,data/reads_multi/Filoviridae/Ebola-Sudan/isolate_3/rep2_1.fq,data/reads_multi/Filoviridae/Ebola-Sudan/isolate_3/rep2_2.fq,3,train
Filoviridae__Ebola-Sudan__isolate3__rep3,Filoviridae,2,Ebola-Sudan,1,3,3,data/reads_multi/Filoviridae/Ebola-Sudan/isolate_3/rep3_1.fq,data/reads_multi/Filoviridae/Ebola-Sudan/isolate_3/rep3_2.fq,3,train
Filoviridae__Ebola-Sudan__isolate3__rep4,Filoviridae,2,Ebola-Sudan,1,3,4,data/reads_multi/Filoviridae/Ebola-Sudan/isolate_3/rep4_1.fq,data/reads_multi/Filoviridae/Ebola-Sudan/isolate_3/rep4_2.fq,3,train
Filoviridae__Ebola-Sudan__isolate3__rep5,Filoviridae,2,Ebola-Sudan,1,3,5,data/reads_multi/Filoviridae/Ebola-Sudan/isolate_3/rep5_1.fq,data/reads_multi/Filoviridae/Ebola-Sudan/isolate_3/rep5_2.fq,3,train
Filoviridae__Ebola-Sudan__isolate4__rep0,Filoviridae,2,Ebola-Sudan,1,4,0,data/reads_multi/Filoviridae/Ebola-Sudan/isolate_4/rep0_1.fq,data/reads_multi/Filoviridae/Ebola-Sudan/isolate_4/rep0_2.fq,4,train
Filoviridae__Ebola-Sudan__isolate4__rep1,Filoviridae,2,Ebola-Sudan,1,4,1,data/reads_multi/Filoviridae/Ebola-Sudan/isolate_4/rep1_1.fq,data/reads_multi/Filoviridae/Ebola-Sudan/isolate_4/rep1_2.fq,4,train
Filoviridae__Ebola-Sudan__isolate4__rep2,Filoviridae,2,Ebola-Sudan,1,4,2,data/reads_multi/Filoviridae/Ebola-Sudan/isolate_4/rep2_1.fq,data/reads_multi/Filoviridae/Ebola-Sudan/isolate_4/rep2_2.fq,4,train
Filoviridae__Ebola-Sudan__isolate4__rep3,Filoviridae,2,Ebola-Sudan,1,4,3,data/reads_multi/Filoviridae/Ebola-Sudan/isolate_4/rep3_1.fq,data/reads_multi/Filoviridae/Ebola-Sudan/isolate_4/rep3_2.fq,4,train
Filoviridae__Ebola-Sudan__isolate4__rep4,Filoviridae,2,Ebola-Sudan,1,4,4,data/reads_multi/Filoviridae/Ebola-Sudan/isolate_4/rep4_1.fq,data/reads_multi/Filoviridae/Ebola-Sudan/isolate_4/rep4_2.fq,4,train
Filoviridae__Ebola-Sudan__isolate4__rep5,Filoviridae,2,Ebola-Sudan,1,4,5,data/reads_multi/Filoviridae/Ebola-Sudan/isolate_4/rep5_1.fq,data/reads_multi/Filoviridae/Ebola-Sudan/isolate_4/rep5_2.fq,4,train
Filoviridae__Ebola-Sudan__isolate5__rep0,Filoviridae,2,Ebola-Sudan,1,5,0,data/reads_multi/Filoviridae/Ebola-Sudan/isolate_5/rep0_1.fq,data/reads_multi/Filoviridae/Ebola-Sudan/isolate_5/rep0_2.fq,0,train
Filoviridae__Ebola-Sudan__isolate5__rep1,Filoviridae,2,Ebola-Sudan,1,5,1,data/reads_multi/Filoviridae/Ebola-Sudan/isolate_5/rep1_1.fq,data/reads_multi/Filoviridae/Ebola-Sudan/isolate_5/rep1_2.fq,0,train
Filoviridae__Ebola-Sudan__isolate5__rep2,Filoviridae,2,Ebola-Sudan,1,5,2,data/reads_multi/Filoviridae/Ebola-Sudan/isolate_5/rep2_1.fq,data/reads_multi/Filoviridae/Ebola-Sudan/isolate_5/rep2_2.fq,0,train
Filoviridae__Ebola-Sudan__isolate5__rep3,Filoviridae,2,Ebola-Sudan,1,5,3,data/reads_multi/Filoviridae/Ebola-Sudan/isolate_5/rep3_1.fq,data/reads_multi/Filoviridae/Ebola-Sudan/isolate_5/rep3_2.fq,0,train
Filoviridae__Ebola-Sudan__isolate5__rep4,Filoviridae,2,Ebola-Sudan,1,5,4,data/reads_multi/Filoviridae/Ebola-Sudan/isolate_5/rep4_1.fq,data/reads_multi/Filoviridae/Ebola-Sudan/isolate_5/rep4_2.fq,0,train
Filoviridae__Ebola-Sudan__isolate5__rep5,Filoviridae,2,Ebola-Sudan,1,5,5,data/reads_multi/Filoviridae/Ebola-Sudan/isolate_5/rep5_1.fq,data/reads_multi/Filoviridae/Ebola-Sudan/isolate_5/rep5_2.fq,0,train
Filoviridae__Ebola-Sudan__isolate6__rep0,Filoviridae,2,Ebola-Sudan,1,6,0,data/reads_multi/Filoviridae/Ebola-Sudan/isolate_6/rep0_1.fq,data/reads_multi/Filoviridae/Ebola-Sudan/isolate_6/rep0_2.fq,1,test
Filoviridae__Ebola-Sudan__isolate6__rep1,Filoviridae,2,Ebola-Sudan,1,6,1,data/reads_multi/Filoviridae/Ebola-Sudan/isolate_6/rep1_1.fq,data/reads_multi/Filoviridae/Ebola-Sudan/isolate_6/rep1_2.fq,1,test
Filoviridae__Ebola-Sudan__isolate6__rep2,Filoviridae,2,Ebola-Sudan,1,6,2,data/reads_multi/Filoviridae/Ebola-Sudan/isolate_6/rep2_1.fq,data/reads_multi/Filoviridae/Ebola-Sudan/isolate_6/rep2_2.fq,1,test
Filoviridae__Ebola-Sudan__isolate6__rep3,Filoviridae,2,Ebola-Sudan,1,6,3,data/reads_multi/Filoviridae/Ebola-Sudan/isolate_6/rep3_1.fq,data/reads_multi/Filoviridae/Ebola-Sudan/isolate_6/rep3_2.fq,1,test
Filoviridae__Ebola-Sudan__isolate6__rep4,Filoviridae,2,Ebola-Sudan,1,6,4,data/reads_multi/Filoviridae/Ebola-Sudan/isolate_6/rep4_1.fq,data/reads_multi/Filoviridae/Ebola-Sudan/isolate_6/rep4_2.fq,1,test
Filoviridae__Ebola-Sudan__isolate6__rep5,Filoviridae,2,Ebola-Sudan,1,6,5,data/reads_multi/Filoviridae/Ebola-Sudan/isolate_6/rep5_1.fq,data/reads_multi/Filoviridae/Ebola-Sudan/isolate_6/rep5_2.fq,1,test
Filoviridae__Ebola-Sudan__isolate7__rep0,Filoviridae,2,Ebola-Sudan,1,7,0,data/reads_multi/Filoviridae/Ebola-Sudan/isolate_7/rep0_1.fq,data/reads_multi/Filoviridae/Ebola-Sudan/isolate_7/rep0_2.fq,2,val
Filoviridae__Ebola-Sudan__isolate7__rep1,Filoviridae,2,Ebola-Sudan,1,7,1,data/reads_multi/Filoviridae/Ebola-Sudan/isolate_7/rep1_1.fq,data/reads_multi/Filoviridae/Ebola-Sudan/isolate_7/rep1_2.fq,2,val
Filoviridae__Ebola-Sudan__isolate7__rep2,Filoviridae,2,Ebola-Sudan,1,7,2,data/reads_multi/Filoviridae/Ebola-Sudan/isolate_7/rep2_1.fq,data/reads_multi/Filoviridae/Ebola-Sudan/isolate_7/rep2_2.fq,2,val
Filoviridae__Ebola-Sudan__isolate7__rep3,Filoviridae,2,Ebola-Sudan,1,7,3,data/reads_multi/Filoviridae/Ebola-Sudan/isolate_7/rep3_1.fq,data/reads_multi/Filoviridae/Ebola-Sudan/isolate_7/rep3_2.fq,2,val
Filoviridae__Ebola-Sudan__isolate7__rep4,Filoviridae,2,Ebola-Sudan,1,7,4,data/reads_multi/Filoviridae/Ebola-Sudan/isolate_7/rep4_1.fq,data/reads_multi/Filoviridae/Ebola-Sudan/isolate_7/rep4_2.fq,2,val
Filoviridae__Ebola-Sudan__isolate7__rep5,Filoviridae,2,Ebola-Sudan,1,7,5,data/reads_multi/Filoviridae/Ebola-Sudan/isolate_7/rep5_1.fq,data/reads_multi/Filoviridae/Ebola-Sudan/isolate_7/rep5_2.fq,2,val
Filoviridae__Ebola-Sudan__isolate8__rep0,Filoviridae,2,Ebola-Sudan,1,8,0,data/reads_multi/Filoviridae/Ebola-Sudan/isolate_8/rep0_1.fq,data/reads_multi/Filoviridae/Ebola-Sudan/isolate_8/rep0_2.fq,3,train
Filoviridae__Ebola-Sudan__isolate8__rep1,Filoviridae,2,Ebola-Sudan,1,8,1,data/reads_multi/Filoviridae/Ebola-Sudan/isolate_8/rep1_1.fq,data/reads_multi/Filoviridae/Ebola-Sudan/isolate_8/rep1_2.fq,3,train
Filoviridae__Ebola-Sudan__isolate8__rep2,Filoviridae,2,Ebola-Sudan,1,8,2,data/reads_multi/Filoviridae/Ebola-Sudan/isolate_8/rep2_1.fq,data/reads_multi/Filoviridae/Ebola-Sudan/isolate_8/rep2_2.fq,3,train
Filoviridae__Ebola-Sudan__isolate8__rep3,Filoviridae,2,Ebola-Sudan,1,8,3,data/reads_multi/Filoviridae/Ebola-Sudan/isolate_8/rep3_1.fq,data/reads_multi/Filoviridae/Ebola-Sudan/isolate_8/rep3_2.fq,3,train
Filoviridae__Ebola-Sudan__isolate8__rep4,Filoviridae,2,Ebola-Sudan,1,8,4,data/reads_multi/Filoviridae/Ebola-Sudan/isolate_8/rep4_1.fq,data/reads_multi/Filoviridae/Ebola-Sudan/isolate_8/rep4_2.fq,3,train
Filoviridae__Ebola-Sudan__isolate8__rep5,Filoviridae,2,Ebola-Sudan,1,8,5,data/reads_multi/Filoviridae/Ebola-Sudan/isolate_8/rep5_1.fq,data/reads_multi/Filoviridae/Ebola-Sudan/isolate_8/rep5_2.fq,3,train
Filoviridae__Ebola-Sudan__isolate9__rep0,Filoviridae,2,Ebola-Sudan,1,9,0,data/reads_multi/Filoviridae/Ebola-Sudan/isolate_9/rep0_1.fq,data/reads_multi/Filoviridae/Ebola-Sudan/isolate_9/rep0_2.fq,4,train
Filoviridae__Ebola-Sudan__isolate9__rep1,Filoviridae,2,Ebola-Sudan,1,9,1,data/reads_multi/Filoviridae/Ebola-Sudan/isolate_9/rep1_1.fq,data/reads_multi/Filoviridae/Ebola-Sudan/isolate_9/rep1_2.fq,4,train
Filoviridae__Ebola-Sudan__isolate9__rep2,Filoviridae,2,Ebola-Sudan,1,9,2,data/reads_multi/Filoviridae/Ebola-Sudan/isolate_9/rep2_1.fq,data/reads_multi/Filoviridae/Ebola-Sudan/isolate_9/rep2_2.fq,4,train
Filoviridae__Ebola-Sudan__isolate9__rep3,Filoviridae,2,Ebola-Sudan,1,9,3,data/reads_multi/Filoviridae/Ebola-Sudan/isolate_9/rep3_1.fq,data/reads_multi/Filoviridae/Ebola-Sudan/isolate_9/rep3_2.fq,4,train
Filoviridae__Ebola-Sudan__isolate9__rep4,Filoviridae,2,Ebola-Sudan,1,9,4,data/reads_multi/Filoviridae/Ebola-Sudan/isolate_9/rep4_1.fq,data/reads_multi/Filoviridae/Ebola-Sudan/isolate_9/rep4_2.fq,4,train
Filoviridae__Ebola-Sudan__isolate9__rep5,Filoviridae,2,Ebola-Sudan,1,9,5,data/reads_multi/Filoviridae/Ebola-Sudan/isolate_9/rep5_1.fq,data/reads_multi/Filoviridae/Ebola-Sudan/isolate_9/rep5_2.fq,4,train
Filoviridae__Ebola-Bundibugyo__isolate0__rep0,Filoviridae,2,Ebola-Bundibugyo,2,0,0,data/reads_multi/Filoviridae/Ebola-Bundibugyo/isolate_0/rep0_1.fq,data/reads_multi/Filoviridae/Ebola-Bundibugyo/isolate_0/rep0_2.fq,0,train
Filoviridae__Ebola-Bundibugyo__isolate0__rep1,Filoviridae,2,Ebola-Bundibugyo,2,0,1,data/reads_multi/Filoviridae/Ebola-Bundibugyo/isolate_0/rep1_1.fq,data/reads_multi/Filoviridae/Ebola-Bundibugyo/isolate_0/rep1_2.fq,0,train
Filoviridae__Ebola-Bundibugyo__isolate0__rep2,Filoviridae,2,Ebola-Bundibugyo,2,0,2,data/reads_multi/Filoviridae/Ebola-Bundibugyo/isolate_0/rep2_1.fq,data/reads_multi/Filoviridae/Ebola-Bundibugyo/isolate_0/rep2_2.fq,0,train
Filoviridae__Ebola-Bundibugyo__isolate0__rep3,Filoviridae,2,Ebola-Bundibugyo,2,0,3,data/reads_multi/Filoviridae/Ebola-Bundibugyo/isolate_0/rep3_1.fq,data/reads_multi/Filoviridae/Ebola-Bundibugyo/isolate_0/rep3_2.fq,0,train
Filoviridae__Ebola-Bundibugyo__isolate0__rep4,Filoviridae,2,Ebola-Bundibugyo,2,0,4,data/reads_multi/Filoviridae/Ebola-Bundibugyo/isolate_0/rep4_1.fq,data/reads_multi/Filoviridae/Ebola-Bundibugyo/isolate_0/rep4_2.fq,0,train
Filoviridae__Ebola-Bundibugyo__isolate0__rep5,Filoviridae,2,Ebola-Bundibugyo,2,0,5,data/reads_multi/Filoviridae/Ebola-Bundibugyo/isolate_0/rep5_1.fq,data/reads_multi/Filoviridae/Ebola-Bundibugyo/isolate_0/rep5_2.fq,0,train
Filoviridae__Ebola-Bundibugyo__isolate1__rep0,Filoviridae,2,Ebola-Bundibugyo,2,1,0,data/reads_multi/Filoviridae/Ebola-Bundibugyo/isolate_1/rep0_1.fq,data/reads_multi/Filoviridae/Ebola-Bundibugyo/isolate_1/rep0_2.fq,1,test
Filoviridae__Ebola-Bundibugyo__isolate1__rep1,Filoviridae,2,Ebola-Bundibugyo,2,1,1,data/reads_multi/Filoviridae/Ebola-Bundibugyo/isolate_1/rep1_1.fq,data/reads_multi/Filoviridae/Ebola-Bundibugyo/isolate_1/rep1_2.fq,1,test
Filoviridae__Ebola-Bundibugyo__isolate1__rep2,Filoviridae,2,Ebola-Bundibugyo,2,1,2,data/reads_multi/Filoviridae/Ebola-Bundibugyo/isolate_1/rep2_1.fq,data/reads_multi/Filoviridae/Ebola-Bundibugyo/isolate_1/rep2_2.fq,1,test
Filoviridae__Ebola-Bundibugyo__isolate1__rep3,Filoviridae,2,Ebola-Bundibugyo,2,1,3,data/reads_multi/Filoviridae/Ebola-Bundibugyo/isolate_1/rep3_1.fq,data/reads_multi/Filoviridae/Ebola-Bundibugyo/isolate_1/rep3_2.fq,1,test
Filoviridae__Ebola-Bundibugyo__isolate1__rep4,Filoviridae,2,Ebola-Bundibugyo,2,1,4,data/reads_multi/Filoviridae/Ebola-Bundibugyo/isolate_1/rep4_1.fq,data/reads_multi/Filoviridae/Ebola-Bundibugyo/isolate_1/rep4_2.fq,1,test
Filoviridae__Ebola-Bundibugyo__isolate1__rep5,Filoviridae,2,Ebola-Bundibugyo,2,1,5,data/reads_multi/Filoviridae/Ebola-Bundibugyo/isolate_1/rep5_1.fq,data/reads_multi/Filoviridae/Ebola-Bundibugyo/isolate_1/rep5_2.fq,1,test
Filoviridae__Ebola-Bundibugyo__isolate2__rep0,Filoviridae,2,Ebola-Bundibugyo,2,2,0,data/reads_multi/Filoviridae/Ebola-Bundibugyo/isolate_2/rep0_1.fq,data/reads_multi/Filoviridae/Ebola-Bundibugyo/isolate_2/rep0_2.fq,2,val
Filoviridae__Ebola-Bundibugyo__isolate2__rep1,Filoviridae,2,Ebola-Bundibugyo,2,2,1,data/reads_multi/Filoviridae/Ebola-Bundibugyo/isolate_2/rep1_1.fq,data/reads_multi/Filoviridae/Ebola-Bundibugyo/isolate_2/rep1_2.fq,2,val
Filoviridae__Ebola-Bundibugyo__isolate2__rep2,Filoviridae,2,Ebola-Bundibugyo,2,2,2,data/reads_multi/Filoviridae/Ebola-Bundibugyo/isolate_2/rep2_1.fq,data/reads_multi/Filoviridae/Ebola-Bundibugyo/isolate_2/rep2_2.fq,2,val
Filoviridae__Ebola-Bundibugyo__isolate2__rep3,Filoviridae,2,Ebola-Bundibugyo,2,2,3,data/reads_multi/Filoviridae/Ebola-Bundibugyo/isolate_2/rep3_1.fq,data/reads_multi/Filoviridae/Ebola-Bundibugyo/isolate_2/rep3_2.fq,2,val
Filoviridae__Ebola-Bundibugyo__isolate2__rep4,Filoviridae,2,Ebola-Bundibugyo,2,2,4,data/reads_multi/Filoviridae/Ebola-Bundibugyo/isolate_2/rep4_1.fq,data/reads_multi/Filoviridae/Ebola-Bundibugyo/isolate_2/rep4_2.fq,2,val
Filoviridae__Ebola-Bundibugyo__isolate2__rep5,Filoviridae,2,Ebola-Bundibugyo,2,2,5,data/reads_multi/Filoviridae/Ebola-Bundibugyo/isolate_2/rep5_1.fq,data/reads_multi/Filoviridae/Ebola-Bundibugyo/isolate_2/rep5_2.fq,2,val
Filoviridae__Ebola-Bundibugyo__isolate3__rep0,Filoviridae,2,Ebola-Bundibugyo,2,3,0,data/reads_multi/Filoviridae/Ebola-Bundibugyo/isolate_3/rep0_1.fq,data/reads_multi/Filoviridae/Ebola-Bundibugyo/isolate_3/rep0_2.fq,3,train
Filoviridae__Ebola-Bundibugyo__isolate3__rep1,Filoviridae,2,Ebola-Bundibugyo,2,3,1,data/reads_multi/Filoviridae/Ebola-Bundibugyo/isolate_3/rep1_1.fq,data/reads_multi/Filoviridae/Ebola-Bundibugyo/isolate_3/rep1_2.fq,3,train
Filoviridae__Ebola-Bundibugyo__isolate3__rep2,Filoviridae,2,Ebola-Bundibugyo,2,3,2,data/reads_multi/Filoviridae/Ebola-Bundibugyo/isolate_3/rep2_1.fq,data/reads_multi/Filoviridae/Ebola-Bundibugyo/isolate_3/rep2_2.fq,3,train
Filoviridae__Ebola-Bundibugyo__isolate3__rep3,Filoviridae,2,Ebola-Bundibugyo,2,3,3,data/reads_multi/Filoviridae/Ebola-Bundibugyo/isolate_3/rep3_1.fq,data/reads_multi/Filoviridae/Ebola-Bundibugyo/isolate_3/rep3_2.fq,3,train
Filoviridae__Ebola-Bundibugyo__isolate3__rep4,Filoviridae,2,Ebola-Bundibugyo,2,3,4,data/reads_multi/Filoviridae/Ebola-Bundibugyo/isolate_3/rep4_1.fq,data/reads_multi/Filoviridae/Ebola-Bundibugyo/isolate_3/rep4_2.fq,3,train
Filoviridae__Ebola-Bundibugyo__isolate3__rep5,Filoviridae,2,Ebola-Bundibugyo,2,3,5,data/reads_multi/Filoviridae/Ebola-Bundibugyo/isolate_3/rep5_1.fq,data/reads_multi/Filoviridae/Ebola-Bundibugyo/isolate_3/rep5_2.fq,3,train
Filoviridae__Ebola-Bundibugyo__isolate4__rep0,Filoviridae,2,Ebola-Bundibugyo,2,4,0,data/reads_multi/Filoviridae/Ebola-Bundibugyo/isolate_4/rep0_1.fq,data/reads_multi/Filoviridae/Ebola-Bundibugyo/isolate_4/rep0_2.fq,4,train
Filoviridae__Ebola-Bundibugyo__isolate4__rep1,Filoviridae,2,Ebola-Bundibugyo,2,4,1,data/reads_multi/Filoviridae/Ebola-Bundibugyo/isolate_4/rep1_1.fq,data/reads_multi/Filoviridae/Ebola-Bundibugyo/isolate_4/rep1_2.fq,4,train
Filoviridae__Ebola-Bundibugyo__isolate4__rep2,Filoviridae,2,Ebola-Bundibugyo,2,4,2,data/reads_multi/Filoviridae/Ebola-Bundibugyo/isolate_4/rep2_1.fq,data/reads_multi/Filoviridae/Ebola-Bundibugyo/isolate_4/rep2_2.fq,4,train
Filoviridae__Ebola-Bundibugyo__isolate4__rep3,Filoviridae,2,Ebola-Bundibugyo,2,4,3,data/reads_multi/Filoviridae/Ebola-Bundibugyo/isolate_4/rep3_1.fq,data/reads_multi/Filoviridae/Ebola-Bundibugyo/isolate_4/rep3_2.fq,4,train
Filoviridae__Ebola-Bundibugyo__isolate4__rep4,Filoviridae,2,Ebola-Bundibugyo,2,4,4,data/reads_multi/Filoviridae/Ebola-Bundibugyo/isolate_4/rep4_1.fq,data/reads_multi/Filoviridae/Ebola-Bundibugyo/isolate_4/rep4_2.fq,4,train
Filoviridae__Ebola-Bundibugyo__isolate4__rep5,Filoviridae,2,Ebola-Bundibugyo,2,4,5,data/reads_multi/Filoviridae/Ebola-Bundibugyo/isolate_4/rep5_1.fq,data/reads_multi/Filoviridae/Ebola-Bundibugyo/isolate_4/rep5_2.fq,4,train
Filoviridae__Ebola-Bundibugyo__isolate5__rep0,Filoviridae,2,Ebola-Bundibugyo,2,5,0,data/reads_multi/Filoviridae/Ebola-Bundibugyo/isolate_5/rep0_1.fq,data/reads_multi/Filoviridae/Ebola-Bundibugyo/isolate_5/rep0_2.fq,0,train
Filoviridae__Ebola-Bundibugyo__isolate5__rep1,Filoviridae,2,Ebola-Bundibugyo,2,5,1,data/reads_multi/Filoviridae/Ebola-Bundibugyo/isolate_5/rep1_1.fq,data/reads_multi/Filoviridae/Ebola-Bundibugyo/isolate_5/rep1_2.fq,0,train
Filoviridae__Ebola-Bundibugyo__isolate5__rep2,Filoviridae,2,Ebola-Bundibugyo,2,5,2,data/reads_multi/Filoviridae/Ebola-Bundibugyo/isolate_5/rep2_1.fq,data/reads_multi/Filoviridae/Ebola-Bundibugyo/isolate_5/rep2_2.fq,0,train
Filoviridae__Ebola-Bundibugyo__isolate5__rep3,Filoviridae,2,Ebola-Bundibugyo,2,5,3,data/reads_multi/Filoviridae/Ebola-Bundibugyo/isolate_5/rep3_1.fq,data/reads_multi/Filoviridae/Ebola-Bundibugyo/isolate_5/rep3_2.fq,0,train
Filoviridae__Ebola-Bundibugyo__isolate5__rep4,Filoviridae,2,Ebola-Bundibugyo,2,5,4,data/reads_multi/Filoviridae/Ebola-Bundibugyo/isolate_5/rep4_1.fq,data/reads_multi/Filoviridae/Ebola-Bundibugyo/isolate_5/rep4_2.fq,0,train
Filoviridae__Ebola-Bundibugyo__isolate5__rep5,Filoviridae,2,Ebola-Bundibugyo,2,5,5,data/reads_multi/Filoviridae/Ebola-Bundibugyo/isolate_5/rep5_1.fq,data/reads_multi/Filoviridae/Ebola-Bundibugyo/isolate_5/rep5_2.fq,0,train
Filoviridae__Ebola-Bundibugyo__isolate6__rep0,Filoviridae,2,Ebola-Bundibugyo,2,6,0,data/reads_multi/Filoviridae/Ebola-Bundibugyo/isolate_6/rep0_1.fq,data/reads_multi/Filoviridae/Ebola-Bundibugyo/isolate_6/rep0_2.fq,1,test
Filoviridae__Ebola-Bundibugyo__isolate6__rep1,Filoviridae,2,Ebola-Bundibugyo,2,6,1,data/reads_multi/Filoviridae/Ebola-Bundibugyo/isolate_6/rep1_1.fq,data/reads_multi/Filoviridae/Ebola-Bundibugyo/isolate_6/rep1_2.fq,1,test
Filoviridae__Ebola-Bundibugyo__isolate6__rep2,Filoviridae,2,Ebola-Bundibugyo,2,6,2,data/reads_multi/Filoviridae/Ebola-Bundibugyo/isolate_6/rep2_1.fq,data/reads_multi/Filoviridae/Ebola-Bundibugyo/isolate_6/rep2_2.fq,1,test
Filoviridae__Ebola-Bundibugyo__isolate6__rep3,Filoviridae,2,Ebola-Bundibugyo,2,6,3,data/reads_multi/Filoviridae/Ebola-Bundibugyo/isolate_6/rep3_1.fq,data/reads_multi/Filoviridae/Ebola-Bundibugyo/isolate_6/rep3_2.fq,1,test
Filoviridae__Ebola-Bundibugyo__isolate6__rep4,Filoviridae,2,Ebola-Bundibugyo,2,6,4,data/reads_multi/Filoviridae/Ebola-Bundibugyo/isolate_6/rep4_1.fq,data/reads_multi/Filoviridae/Ebola-Bundibugyo/isolate_6/rep4_2.fq,1,test
Filoviridae__Ebola-Bundibugyo__isolate6__rep5,Filoviridae,2,Ebola-Bundibugyo,2,6,5,data/reads_multi/Filoviridae/Ebola-Bundibugyo/isolate_6/rep5_1.fq,data/reads_multi/Filoviridae/Ebola-Bundibugyo/isolate_6/rep5_2.fq,1,test
Filoviridae__Ebola-Bundibugyo__isolate7__rep0,Filoviridae,2,Ebola-Bundibugyo,2,7,0,data/reads_multi/Filoviridae/Ebola-Bundibugyo/isolate_7/rep0_1.fq,data/reads_multi/Filoviridae/Ebola-Bundibugyo/isolate_7/rep0_2.fq,2,val
Filoviridae__Ebola-Bundibugyo__isolate7__rep1,Filoviridae,2,Ebola-Bundibugyo,2,7,1,data/reads_multi/Filoviridae/Ebola-Bundibugyo/isolate_7/rep1_1.fq,data/reads_multi/Filoviridae/Ebola-Bundibugyo/isolate_7/rep1_2.fq,2,val
Filoviridae__Ebola-Bundibugyo__isolate7__rep2,Filoviridae,2,Ebola-Bundibugyo,2,7,2,data/reads_multi/Filoviridae/Ebola-Bundibugyo/isolate_7/rep2_1.fq,data/reads_multi/Filoviridae/Ebola-Bundibugyo/isolate_7/rep2_2.fq,2,val
Filoviridae__Ebola-Bundibugyo__isolate7__rep3,Filoviridae,2,Ebola-Bundibugyo,2,7,3,data/reads_multi/Filoviridae/Ebola-Bundibugyo/isolate_7/rep3_1.fq,data/reads_multi/Filoviridae/Ebola-Bundibugyo/isolate_7/rep3_2.fq,2,val
Filoviridae__Ebola-Bundibugyo__isolate7__rep4,Filoviridae,2,Ebola-Bundibugyo,2,7,4,data/reads_multi/Filoviridae/Ebola-Bundibugyo/isolate_7/rep4_1.fq,data/reads_multi/Filoviridae/Ebola-Bundibugyo/isolate_7/rep4_2.fq,2,val
Filoviridae__Ebola-Bundibugyo__isolate7__rep5,Filoviridae,2,Ebola-Bundibugyo,2,7,5,data/reads_multi/Filoviridae/Ebola-Bundibugyo/isolate_7/rep5_1.fq,data/reads_multi/Filoviridae/Ebola-Bundibugyo/isolate_7/rep5_2.fq,2,val
Filoviridae__Ebola-Bundibugyo__isolate8__rep0,Filoviridae,2,Ebola-Bundibugyo,2,8,0,data/reads_multi/Filoviridae/Ebola-Bundibugyo/isolate_8/rep0_1.fq,data/reads_multi/Filoviridae/Ebola-Bundibugyo/isolate_8/rep0_2.fq,3,train
Filoviridae__Ebola-Bundibugyo__isolate8__rep1,Filoviridae,2,Ebola-Bundibugyo,2,8,1,data/reads_multi/Filoviridae/Ebola-Bundibugyo/isolate_8/rep1_1.fq,data/reads_multi/Filoviridae/Ebola-Bundibugyo/isolate_8/rep1_2.fq,3,train
Filoviridae__Ebola-Bundibugyo__isolate8__rep2,Filoviridae,2,Ebola-Bundibugyo,2,8,2,data/reads_multi/Filoviridae/Ebola-Bundibugyo/isolate_8/rep2_1.fq,data/reads_multi/Filoviridae/Ebola-Bundibugyo/isolate_8/rep2_2.fq,3,train
Filoviridae__Ebola-Bundibugyo__isolate8__rep3,Filoviridae,2,Ebola-Bundibugyo,2,8,3,data/reads_multi/Filoviridae/Ebola-Bundibugyo/isolate_8/rep3_1.fq,data/reads_multi/Filoviridae/Ebola-Bundibugyo/isolate_8/rep3_2.fq,3,train
Filoviridae__Ebola-Bundibugyo__isolate8__rep4,Filoviridae,2,Ebola-Bundibugyo,2,8,4,data/reads_multi/Filoviridae/Ebola-Bundibugyo/isolate_8/rep4_1.fq,data/reads_multi/Filoviridae/Ebola-Bundibugyo/isolate_8/rep4_2.fq,3,train
Filoviridae__Ebola-Bundibugyo__isolate8__rep5,Filoviridae,2,Ebola-Bundibugyo,2,8,5,data/reads_multi/Filoviridae/Ebola-Bundibugyo/isolate_8/rep5_1.fq,data/reads_multi/Filoviridae/Ebola-Bundibugyo/isolate_8/rep5_2.fq,3,train
Filoviridae__Ebola-Bundibugyo__isolate9__rep0,Filoviridae,2,Ebola-Bundibugyo,2,9,0,data/reads_multi/Filoviridae/Ebola-Bundibugyo/isolate_9/rep0_1.fq,data/reads_multi/Filoviridae/Ebola-Bundibugyo/isolate_9/rep0_2.fq,4,train
Filoviridae__Ebola-Bundibugyo__isolate9__rep1,Filoviridae,2,Ebola-Bundibugyo,2,9,1,data/reads_multi/Filoviridae/Ebola-Bundibugyo/isolate_9/rep1_1.fq,data/reads_multi/Filoviridae/Ebola-Bundibugyo/isolate_9/rep1_2.fq,4,train
Filoviridae__Ebola-Bundibugyo__isolate9__rep2,Filoviridae,2,Ebola-Bundibugyo,2,9,2,data/reads_multi/Filoviridae/Ebola-Bundibugyo/isolate_9/rep2_1.fq,data/reads_multi/Filoviridae/Ebola-Bundibugyo/isolate_9/rep2_2.fq,4,train
Filoviridae__Ebola-Bundibugyo__isolate9__rep3,Filoviridae,2,Ebola-Bundibugyo,2,9,3,data/reads_multi/Filoviridae/Ebola-Bundibugyo/isolate_9/rep3_1.fq,data/reads_multi/Filoviridae/Ebola-Bundibugyo/isolate_9/rep3_2.fq,4,train
Filoviridae__Ebola-Bundibugyo__isolate9__rep4,Filoviridae,2,Ebola-Bundibugyo,2,9,4,data/reads_multi/Filoviridae/Ebola-Bundibugyo/isolate_9/rep4_1.fq,data/reads_multi/Filoviridae/Ebola-Bundibugyo/isolate_9/rep4_2.fq,4,train
Filoviridae__Ebola-Bundibugyo__isolate9__rep5,Filoviridae,2,Ebola-Bundibugyo,2,9,5,data/reads_multi/Filoviridae/Ebola-Bundibugyo/isolate_9/rep5_1.fq,data/reads_multi/Filoviridae/Ebola-Bundibugyo/isolate_9/rep5_2.fq,4,train
Filoviridae__Ebola-TaiForest__isolate0__rep0,Filoviridae,2,Ebola-TaiForest,3,0,0,data/reads_multi/Filoviridae/Ebola-TaiForest/isolate_0/rep0_1.fq,data/reads_multi/Filoviridae/Ebola-TaiForest/isolate_0/rep0_2.fq,0,train
Filoviridae__Ebola-TaiForest__isolate0__rep1,Filoviridae,2,Ebola-TaiForest,3,0,1,data/reads_multi/Filoviridae/Ebola-TaiForest/isolate_0/rep1_1.fq,data/reads_multi/Filoviridae/Ebola-TaiForest/isolate_0/rep1_2.fq,0,train
Filoviridae__Ebola-TaiForest__isolate0__rep2,Filoviridae,2,Ebola-TaiForest,3,0,2,data/reads_multi/Filoviridae/Ebola-TaiForest/isolate_0/rep2_1.fq,data/reads_multi/Filoviridae/Ebola-TaiForest/isolate_0/rep2_2.fq,0,train
Filoviridae__Ebola-TaiForest__isolate0__rep3,Filoviridae,2,Ebola-TaiForest,3,0,3,data/reads_multi/Filoviridae/Ebola-TaiForest/isolate_0/rep3_1.fq,data/reads_multi/Filoviridae/Ebola-TaiForest/isolate_0/rep3_2.fq,0,train
Filoviridae__Ebola-TaiForest__isolate0__rep4,Filoviridae,2,Ebola-TaiForest,3,0,4,data/reads_multi/Filoviridae/Ebola-TaiForest/isolate_0/rep4_1.fq,data/reads_multi/Filoviridae/Ebola-TaiForest/isolate_0/rep4_2.fq,0,train
Filoviridae__Ebola-TaiForest__isolate0__rep5,Filoviridae,2,Ebola-TaiForest,3,0,5,data/reads_multi/Filoviridae/Ebola-TaiForest/isolate_0/rep5_1.fq,data/reads_multi/Filoviridae/Ebola-TaiForest/isolate_0/rep5_2.fq,0,train
Filoviridae__Ebola-TaiForest__isolate1__rep0,Filoviridae,2,Ebola-TaiForest,3,1,0,data/reads_multi/Filoviridae/Ebola-TaiForest/isolate_1/rep0_1.fq,data/reads_multi/Filoviridae/Ebola-TaiForest/isolate_1/rep0_2.fq,1,test
Filoviridae__Ebola-TaiForest__isolate1__rep1,Filoviridae,2,Ebola-TaiForest,3,1,1,data/reads_multi/Filoviridae/Ebola-TaiForest/isolate_1/rep1_1.fq,data/reads_multi/Filoviridae/Ebola-TaiForest/isolate_1/rep1_2.fq,1,test
Filoviridae__Ebola-TaiForest__isolate1__rep2,Filoviridae,2,Ebola-TaiForest,3,1,2,data/reads_multi/Filoviridae/Ebola-TaiForest/isolate_1/rep2_1.fq,data/reads_multi/Filoviridae/Ebola-TaiForest/isolate_1/rep2_2.fq,1,test
Filoviridae__Ebola-TaiForest__isolate1__rep3,Filoviridae,2,Ebola-TaiForest,3,1,3,data/reads_multi/Filoviridae/Ebola-TaiForest/isolate_1/rep3_1.fq,data/reads_multi/Filoviridae/Ebola-TaiForest/isolate_1/rep3_2.fq,1,test
Filoviridae__Ebola-TaiForest__isolate1__rep4,Filoviridae,2,Ebola-TaiForest,3,1,4,data/reads_multi/Filoviridae/Ebola-TaiForest/isolate_1/rep4_1.fq,data/reads_multi/Filoviridae/Ebola-TaiForest/isolate_1/rep4_2.fq,1,test
Filoviridae__Ebola-TaiForest__isolate1__rep5,Filoviridae,2,Ebola-TaiForest,3,1,5,data/reads_multi/Filoviridae/Ebola-TaiForest/isolate_1/rep5_1.fq,data/reads_multi/Filoviridae/Ebola-TaiForest/isolate_1/rep5_2.fq,1,test
Filoviridae__Ebola-TaiForest__isolate2__rep0,Filoviridae,2,Ebola-TaiForest,3,2,0,data/reads_multi/Filoviridae/Ebola-TaiForest/isolate_2/rep0_1.fq,data/reads_multi/Filoviridae/Ebola-TaiForest/isolate_2/rep0_2.fq,2,val
Filoviridae__Ebola-TaiForest__isolate2__rep1,Filoviridae,2,Ebola-TaiForest,3,2,1,data/reads_multi/Filoviridae/Ebola-TaiForest/isolate_2/rep1_1.fq,data/reads_multi/Filoviridae/Ebola-TaiForest/isolate_2/rep1_2.fq,2,val
Filoviridae__Ebola-TaiForest__isolate2__rep2,Filoviridae,2,Ebola-TaiForest,3,2,2,data/reads_multi/Filoviridae/Ebola-TaiForest/isolate_2/rep2_1.fq,data/reads_multi/Filoviridae/Ebola-TaiForest/isolate_2/rep2_2.fq,2,val
Filoviridae__Ebola-TaiForest__isolate2__rep3,Filoviridae,2,Ebola-TaiForest,3,2,3,data/reads_multi/Filoviridae/Ebola-TaiForest/isolate_2/rep3_1.fq,data/reads_multi/Filoviridae/Ebola-TaiForest/isolate_2/rep3_2.fq,2,val
Filoviridae__Ebola-TaiForest__isolate2__rep4,Filoviridae,2,Ebola-TaiForest,3,2,4,data/reads_multi/Filoviridae/Ebola-TaiForest/isolate_2/rep4_1.fq,data/reads_multi/Filoviridae/Ebola-TaiForest/isolate_2/rep4_2.fq,2,val
Filoviridae__Ebola-TaiForest__isolate2__rep5,Filoviridae,2,Ebola-TaiForest,3,2,5,data/reads_multi/Filoviridae/Ebola-TaiForest/isolate_2/rep5_1.fq,data/reads_multi/Filoviridae/Ebola-TaiForest/isolate_2/rep5_2.fq,2,val
Filoviridae__Ebola-Reston__isolate0__rep0,Filoviridae,2,Ebola-Reston,4,0,0,data/reads_multi/Filoviridae/Ebola-Reston/isolate_0/rep0_1.fq,data/reads_multi/Filoviridae/Ebola-Reston/isolate_0/rep0_2.fq,0,train
Filoviridae__Ebola-Reston__isolate0__rep1,Filoviridae,2,Ebola-Reston,4,0,1,data/reads_multi/Filoviridae/Ebola-Reston/isolate_0/rep1_1.fq,data/reads_multi/Filoviridae/Ebola-Reston/isolate_0/rep1_2.fq,0,train
Filoviridae__Ebola-Reston__isolate0__rep2,Filoviridae,2,Ebola-Reston,4,0,2,data/reads_multi/Filoviridae/Ebola-Reston/isolate_0/rep2_1.fq,data/reads_multi/Filoviridae/Ebola-Reston/isolate_0/rep2_2.fq,0,train
Filoviridae__Ebola-Reston__isolate0__rep3,Filoviridae,2,Ebola-Reston,4,0,3,data/reads_multi/Filoviridae/Ebola-Reston/isolate_0/rep3_1.fq,data/reads_multi/Filoviridae/Ebola-Reston/isolate_0/rep3_2.fq,0,train
Filoviridae__Ebola-Reston__isolate0__rep4,Filoviridae,2,Ebola-Reston,4,0,4,data/reads_multi/Filoviridae/Ebola-Reston/isolate_0/rep4_1.fq,data/reads_multi/Filoviridae/Ebola-Reston/isolate_0/rep4_2.fq,0,train
Filoviridae__Ebola-Reston__isolate0__rep5,Filoviridae,2,Ebola-Reston,4,0,5,data/reads_multi/Filoviridae/Ebola-Reston/isolate_0/rep5_1.fq,data/reads_multi/Filoviridae/Ebola-Reston/isolate_0/rep5_2.fq,0,train
Filoviridae__Ebola-Reston__isolate1__rep0,Filoviridae,2,Ebola-Reston,4,1,0,data/reads_multi/Filoviridae/Ebola-Reston/isolate_1/rep0_1.fq,data/reads_multi/Filoviridae/Ebola-Reston/isolate_1/rep0_2.fq,1,test
Filoviridae__Ebola-Reston__isolate1__rep1,Filoviridae,2,Ebola-Reston,4,1,1,data/reads_multi/Filoviridae/Ebola-Reston/isolate_1/rep1_1.fq,data/reads_multi/Filoviridae/Ebola-Reston/isolate_1/rep1_2.fq,1,test
Filoviridae__Ebola-Reston__isolate1__rep2,Filoviridae,2,Ebola-Reston,4,1,2,data/reads_multi/Filoviridae/Ebola-Reston/isolate_1/rep2_1.fq,data/reads_multi/Filoviridae/Ebola-Reston/isolate_1/rep2_2.fq,1,test
Filoviridae__Ebola-Reston__isolate1__rep3,Filoviridae,2,Ebola-Reston,4,1,3,data/reads_multi/Filoviridae/Ebola-Reston/isolate_1/rep3_1.fq,data/reads_multi/Filoviridae/Ebola-Reston/isolate_1/rep3_2.fq,1,test
Filoviridae__Ebola-Reston__isolate1__rep4,Filoviridae,2,Ebola-Reston,4,1,4,data/reads_multi/Filoviridae/Ebola-Reston/isolate_1/rep4_1.fq,data/reads_multi/Filoviridae/Ebola-Reston/isolate_1/rep4_2.fq,1,test
Filoviridae__Ebola-Reston__isolate1__rep5,Filoviridae,2,Ebola-Reston,4,1,5,data/reads_multi/Filoviridae/Ebola-Reston/isolate_1/rep5_1.fq,data/reads_multi/Filoviridae/Ebola-Reston/isolate_1/rep5_2.fq,1,test
Filoviridae__Ebola-Reston__isolate2__rep0,Filoviridae,2,Ebola-Reston,4,2,0,data/reads_multi/Filoviridae/Ebola-Reston/isolate_2/rep0_1.fq,data/reads_multi/Filoviridae/Ebola-Reston/isolate_2/rep0_2.fq,2,val
Filoviridae__Ebola-Reston__isolate2__rep1,Filoviridae,2,Ebola-Reston,4,2,1,data/reads_multi/Filoviridae/Ebola-Reston/isolate_2/rep1_1.fq,data/reads_multi/Filoviridae/Ebola-Reston/isolate_2/rep1_2.fq,2,val
Filoviridae__Ebola-Reston__isolate2__rep2,Filoviridae,2,Ebola-Reston,4,2,2,data/reads_multi/Filoviridae/Ebola-Reston/isolate_2/rep2_1.fq,data/reads_multi/Filoviridae/Ebola-Reston/isolate_2/rep2_2.fq,2,val
Filoviridae__Ebola-Reston__isolate2__rep3,Filoviridae,2,Ebola-Reston,4,2,3,data/reads_multi/Filoviridae/Ebola-Reston/isolate_2/rep3_1.fq,data/reads_multi/Filoviridae/Ebola-Reston/isolate_2/rep3_2.fq,2,val
Filoviridae__Ebola-Reston__isolate2__rep4,Filoviridae,2,Ebola-Reston,4,2,4,data/reads_multi/Filoviridae/Ebola-Reston/isolate_2/rep4_1.fq,data/reads_multi/Filoviridae/Ebola-Reston/isolate_2/rep4_2.fq,2,val
Filoviridae__Ebola-Reston__isolate2__rep5,Filoviridae,2,Ebola-Reston,4,2,5,data/reads_multi/Filoviridae/Ebola-Reston/isolate_2/rep5_1.fq,data/reads_multi/Filoviridae/Ebola-Reston/isolate_2/rep5_2.fq,2,val
Filoviridae__Ebola-Reston__isolate3__rep0,Filoviridae,2,Ebola-Reston,4,3,0,data/reads_multi/Filoviridae/Ebola-Reston/isolate_3/rep0_1.fq,data/reads_multi/Filoviridae/Ebola-Reston/isolate_3/rep0_2.fq,3,train
Filoviridae__Ebola-Reston__isolate3__rep1,Filoviridae,2,Ebola-Reston,4,3,1,data/reads_multi/Filoviridae/Ebola-Reston/isolate_3/rep1_1.fq,data/reads_multi/Filoviridae/Ebola-Reston/isolate_3/rep1_2.fq,3,train
Filoviridae__Ebola-Reston__isolate3__rep2,Filoviridae,2,Ebola-Reston,4,3,2,data/reads_multi/Filoviridae/Ebola-Reston/isolate_3/rep2_1.fq,data/reads_multi/Filoviridae/Ebola-Reston/isolate_3/rep2_2.fq,3,train
Filoviridae__Ebola-Reston__isolate3__rep3,Filoviridae,2,Ebola-Reston,4,3,3,data/reads_multi/Filoviridae/Ebola-Reston/isolate_3/rep3_1.fq,data/reads_multi/Filoviridae/Ebola-Reston/isolate_3/rep3_2.fq,3,train
Filoviridae__Ebola-Reston__isolate3__rep4,Filoviridae,2,Ebola-Reston,4,3,4,data/reads_multi/Filoviridae/Ebola-Reston/isolate_3/rep4_1.fq,data/reads_multi/Filoviridae/Ebola-Reston/isolate_3/rep4_2.fq,3,train
Filoviridae__Ebola-Reston__isolate3__rep5,Filoviridae,2,Ebola-Reston,4,3,5,data/reads_multi/Filoviridae/Ebola-Reston/isolate_3/rep5_1.fq,data/reads_multi/Filoviridae/Ebola-Reston/isolate_3/rep5_2.fq,3,train
Filoviridae__Ebola-Reston__isolate4__rep0,Filoviridae,2,Ebola-Reston,4,4,0,data/reads_multi/Filoviridae/Ebola-Reston/isolate_4/rep0_1.fq,data/reads_multi/Filoviridae/Ebola-Reston/isolate_4/rep0_2.fq,4,train
Filoviridae__Ebola-Reston__isolate4__rep1,Filoviridae,2,Ebola-Reston,4,4,1,data/reads_multi/Filoviridae/Ebola-Reston/isolate_4/rep1_1.fq,data/reads_multi/Filoviridae/Ebola-Reston/isolate_4/rep1_2.fq,4,train
Filoviridae__Ebola-Reston__isolate4__rep2,Filoviridae,2,Ebola-Reston,4,4,2,data/reads_multi/Filoviridae/Ebola-Reston/isolate_4/rep2_1.fq,data/reads_multi/Filoviridae/Ebola-Reston/isolate_4/rep2_2.fq,4,train
Filoviridae__Ebola-Reston__isolate4__rep3,Filoviridae,2,Ebola-Reston,4,4,3,data/reads_multi/Filoviridae/Ebola-Reston/isolate_4/rep3_1.fq,data/reads_multi/Filoviridae/Ebola-Reston/isolate_4/rep3_2.fq,4,train
Filoviridae__Ebola-Reston__isolate4__rep4,Filoviridae,2,Ebola-Reston,4,4,4,data/reads_multi/Filoviridae/Ebola-Reston/isolate_4/rep4_1.fq,data/reads_multi/Filoviridae/Ebola-Reston/isolate_4/rep4_2.fq,4,train
Filoviridae__Ebola-Reston__isolate4__rep5,Filoviridae,2,Ebola-Reston,4,4,5,data/reads_multi/Filoviridae/Ebola-Reston/isolate_4/rep5_1.fq,data/reads_multi/Filoviridae/Ebola-Reston/isolate_4/rep5_2.fq,4,train
Filoviridae__Ebola-Reston__isolate5__rep0,Filoviridae,2,Ebola-Reston,4,5,0,data/reads_multi/Filoviridae/Ebola-Reston/isolate_5/rep0_1.fq,data/reads_multi/Filoviridae/Ebola-Reston/isolate_5/rep0_2.fq,0,train
Filoviridae__Ebola-Reston__isolate5__rep1,Filoviridae,2,Ebola-Reston,4,5,1,data/reads_multi/Filoviridae/Ebola-Reston/isolate_5/rep1_1.fq,data/reads_multi/Filoviridae/Ebola-Reston/isolate_5/rep1_2.fq,0,train
Filoviridae__Ebola-Reston__isolate5__rep2,Filoviridae,2,Ebola-Reston,4,5,2,data/reads_multi/Filoviridae/Ebola-Reston/isolate_5/rep2_1.fq,data/reads_multi/Filoviridae/Ebola-Reston/isolate_5/rep2_2.fq,0,train
Filoviridae__Ebola-Reston__isolate5__rep3,Filoviridae,2,Ebola-Reston,4,5,3,data/reads_multi/Filoviridae/Ebola-Reston/isolate_5/rep3_1.fq,data/reads_multi/Filoviridae/Ebola-Reston/isolate_5/rep3_2.fq,0,train
Filoviridae__Ebola-Reston__isolate5__rep4,Filoviridae,2,Ebola-Reston,4,5,4,data/reads_multi/Filoviridae/Ebola-Reston/isolate_5/rep4_1.fq,data/reads_multi/Filoviridae/Ebola-Reston/isolate_5/rep4_2.fq,0,train
Filoviridae__Ebola-Reston__isolate5__rep5,Filoviridae,2,Ebola-Reston,4,5,5,data/reads_multi/Filoviridae/Ebola-Reston/isolate_5/rep5_1.fq,data/reads_multi/Filoviridae/Ebola-Reston/isolate_5/rep5_2.fq,0,train
Filoviridae__Ebola-Reston__isolate6__rep0,Filoviridae,2,Ebola-Reston,4,6,0,data/reads_multi/Filoviridae/Ebola-Reston/isolate_6/rep0_1.fq,data/reads_multi/Filoviridae/Ebola-Reston/isolate_6/rep0_2.fq,1,test
Filoviridae__Ebola-Reston__isolate6__rep1,Filoviridae,2,Ebola-Reston,4,6,1,data/reads_multi/Filoviridae/Ebola-Reston/isolate_6/rep1_1.fq,data/reads_multi/Filoviridae/Ebola-Reston/isolate_6/rep1_2.fq,1,test
Filoviridae__Ebola-Reston__isolate6__rep2,Filoviridae,2,Ebola-Reston,4,6,2,data/reads_multi/Filoviridae/Ebola-Reston/isolate_6/rep2_1.fq,data/reads_multi/Filoviridae/Ebola-Reston/isolate_6/rep2_2.fq,1,test
Filoviridae__Ebola-Reston__isolate6__rep3,Filoviridae,2,Ebola-Reston,4,6,3,data/reads_multi/Filoviridae/Ebola-Reston/isolate_6/rep3_1.fq,data/reads_multi/Filoviridae/Ebola-Reston/isolate_6/rep3_2.fq,1,test
Filoviridae__Ebola-Reston__isolate6__rep4,Filoviridae,2,Ebola-Reston,4,6,4,data/reads_multi/Filoviridae/Ebola-Reston/isolate_6/rep4_1.fq,data/reads_multi/Filoviridae/Ebola-Reston/isolate_6/rep4_2.fq,1,test
Filoviridae__Ebola-Reston__isolate6__rep5,Filoviridae,2,Ebola-Reston,4,6,5,data/reads_multi/Filoviridae/Ebola-Reston/isolate_6/rep5_1.fq,data/reads_multi/Filoviridae/Ebola-Reston/isolate_6/rep5_2.fq,1,test
Filoviridae__Ebola-Reston__isolate7__rep0,Filoviridae,2,Ebola-Reston,4,7,0,data/reads_multi/Filoviridae/Ebola-Reston/isolate_7/rep0_1.fq,data/reads_multi/Filoviridae/Ebola-Reston/isolate_7/rep0_2.fq,2,val
Filoviridae__Ebola-Reston__isolate7__rep1,Filoviridae,2,Ebola-Reston,4,7,1,data/reads_multi/Filoviridae/Ebola-Reston/isolate_7/rep1_1.fq,data/reads_multi/Filoviridae/Ebola-Reston/isolate_7/rep1_2.fq,2,val
Filoviridae__Ebola-Reston__isolate7__rep2,Filoviridae,2,Ebola-Reston,4,7,2,data/reads_multi/Filoviridae/Ebola-Reston/isolate_7/rep2_1.fq,data/reads_multi/Filoviridae/Ebola-Reston/isolate_7/rep2_2.fq,2,val
Filoviridae__Ebola-Reston__isolate7__rep3,Filoviridae,2,Ebola-Reston,4,7,3,data/reads_multi/Filoviridae/Ebola-Reston/isolate_7/rep3_1.fq,data/reads_multi/Filoviridae/Ebola-Reston/isolate_7/rep3_2.fq,2,val
Filoviridae__Ebola-Reston__isolate7__rep4,Filoviridae,2,Ebola-Reston,4,7,4,data/reads_multi/Filoviridae/Ebola-Reston/isolate_7/rep4_1.fq,data/reads_multi/Filoviridae/Ebola-Reston/isolate_7/rep4_2.fq,2,val
Filoviridae__Ebola-Reston__isolate7__rep5,Filoviridae,2,Ebola-Reston,4,7,5,data/reads_multi/Filoviridae/Ebola-Reston/isolate_7/rep5_1.fq,data/reads_multi/Filoviridae/Ebola-Reston/isolate_7/rep5_2.fq,2,val
Filoviridae__Ebola-Reston__isolate8__rep0,Filoviridae,2,Ebola-Reston,4,8,0,data/reads_multi/Filoviridae/Ebola-Reston/isolate_8/rep0_1.fq,data/reads_multi/Filoviridae/Ebola-Reston/isolate_8/rep0_2.fq,3,train
Filoviridae__Ebola-Reston__isolate8__rep1,Filoviridae,2,Ebola-Reston,4,8,1,data/reads_multi/Filoviridae/Ebola-Reston/isolate_8/rep1_1.fq,data/reads_multi/Filoviridae/Ebola-Reston/isolate_8/rep1_2.fq,3,train
Filoviridae__Ebola-Reston__isolate8__rep2,Filoviridae,2,Ebola-Reston,4,8,2,data/reads_multi/Filoviridae/Ebola-Reston/isolate_8/rep2_1.fq,data/reads_multi/Filoviridae/Ebola-Reston/isolate_8/rep2_2.fq,3,train
Filoviridae__Ebola-Reston__isolate8__rep3,Filoviridae,2,Ebola-Reston,4,8,3,data/reads_multi/Filoviridae/Ebola-Reston/isolate_8/rep3_1.fq,data/reads_multi/Filoviridae/Ebola-Reston/isolate_8/rep3_2.fq,3,train
Filoviridae__Ebola-Reston__isolate8__rep4,Filoviridae,2,Ebola-Reston,4,8,4,data/reads_multi/Filoviridae/Ebola-Reston/isolate_8/rep4_1.fq,data/reads_multi/Filoviridae/Ebola-Reston/isolate_8/rep4_2.fq,3,train
Filoviridae__Ebola-Reston__isolate8__rep5,Filoviridae,2,Ebola-Reston,4,8,5,data/reads_multi/Filoviridae/Ebola-Reston/isolate_8/rep5_1.fq,data/reads_multi/Filoviridae/Ebola-Reston/isolate_8/rep5_2.fq,3,train
Filoviridae__Ebola-Reston__isolate9__rep0,Filoviridae,2,Ebola-Reston,4,9,0,data/reads_multi/Filoviridae/Ebola-Reston/isolate_9/rep0_1.fq,data/reads_multi/Filoviridae/Ebola-Reston/isolate_9/rep0_2.fq,4,train
Filoviridae__Ebola-Reston__isolate9__rep1,Filoviridae,2,Ebola-Reston,4,9,1,data/reads_multi/Filoviridae/Ebola-Reston/isolate_9/rep1_1.fq,data/reads_multi/Filoviridae/Ebola-Reston/isolate_9/rep1_2.fq,4,train
Filoviridae__Ebola-Reston__isolate9__rep2,Filoviridae,2,Ebola-Reston,4,9,2,data/reads_multi/Filoviridae/Ebola-Reston/isolate_9/rep2_1.fq,data/reads_multi/Filoviridae/Ebola-Reston/isolate_9/rep2_2.fq,4,train
Filoviridae__Ebola-Reston__isolate9__rep3,Filoviridae,2,Ebola-Reston,4,9,3,data/reads_multi/Filoviridae/Ebola-Reston/isolate_9/rep3_1.fq,data/reads_multi/Filoviridae/Ebola-Reston/isolate_9/rep3_2.fq,4,train
Filoviridae__Ebola-Reston__isolate9__rep4,Filoviridae,2,Ebola-Reston,4,9,4,data/reads_multi/Filoviridae/Ebola-Reston/isolate_9/rep4_1.fq,data/reads_multi/Filoviridae/Ebola-Reston/isolate_9/rep4_2.fq,4,train
Filoviridae__Ebola-Reston__isolate9__rep5,Filoviridae,2,Ebola-Reston,4,9,5,data/reads_multi/Filoviridae/Ebola-Reston/isolate_9/rep5_1.fq,data/reads_multi/Filoviridae/Ebola-Reston/isolate_9/rep5_2.fq,4,train
Filoviridae__Marburg__isolate0__rep0,Filoviridae,2,Marburg,5,0,0,data/reads_multi/Filoviridae/Marburg/isolate_0/rep0_1.fq,data/reads_multi/Filoviridae/Marburg/isolate_0/rep0_2.fq,0,train
Filoviridae__Marburg__isolate0__rep1,Filoviridae,2,Marburg,5,0,1,data/reads_multi/Filoviridae/Marburg/isolate_0/rep1_1.fq,data/reads_multi/Filoviridae/Marburg/isolate_0/rep1_2.fq,0,train
Filoviridae__Marburg__isolate0__rep2,Filoviridae,2,Marburg,5,0,2,data/reads_multi/Filoviridae/Marburg/isolate_0/rep2_1.fq,data/reads_multi/Filoviridae/Marburg/isolate_0/rep2_2.fq,0,train
Filoviridae__Marburg__isolate0__rep3,Filoviridae,2,Marburg,5,0,3,data/reads_multi/Filoviridae/Marburg/isolate_0/rep3_1.fq,data/reads_multi/Filoviridae/Marburg/isolate_0/rep3_2.fq,0,train
Filoviridae__Marburg__isolate0__rep4,Filoviridae,2,Marburg,5,0,4,data/reads_multi/Filoviridae/Marburg/isolate_0/rep4_1.fq,data/reads_multi/Filoviridae/Marburg/isolate_0/rep4_2.fq,0,train
Filoviridae__Marburg__isolate0__rep5,Filoviridae,2,Marburg,5,0,5,data/reads_multi/Filoviridae/Marburg/isolate_0/rep5_1.fq,data/reads_multi/Filoviridae/Marburg/isolate_0/rep5_2.fq,0,train
Filoviridae__Marburg__isolate1__rep0,Filoviridae,2,Marburg,5,1,0,data/reads_multi/Filoviridae/Marburg/isolate_1/rep0_1.fq,data/reads_multi/Filoviridae/Marburg/isolate_1/rep0_2.fq,1,test
Filoviridae__Marburg__isolate1__rep1,Filoviridae,2,Marburg,5,1,1,data/reads_multi/Filoviridae/Marburg/isolate_1/rep1_1.fq,data/reads_multi/Filoviridae/Marburg/isolate_1/rep1_2.fq,1,test
Filoviridae__Marburg__isolate1__rep2,Filoviridae,2,Marburg,5,1,2,data/reads_multi/Filoviridae/Marburg/isolate_1/rep2_1.fq,data/reads_multi/Filoviridae/Marburg/isolate_1/rep2_2.fq,1,test
Filoviridae__Marburg__isolate1__rep3,Filoviridae,2,Marburg,5,1,3,data/reads_multi/Filoviridae/Marburg/isolate_1/rep3_1.fq,data/reads_multi/Filoviridae/Marburg/isolate_1/rep3_2.fq,1,test
Filoviridae__Marburg__isolate1__rep4,Filoviridae,2,Marburg,5,1,4,data/reads_multi/Filoviridae/Marburg/isolate_1/rep4_1.fq,data/reads_multi/Filoviridae/Marburg/isolate_1/rep4_2.fq,1,test
Filoviridae__Marburg__isolate1__rep5,Filoviridae,2,Marburg,5,1,5,data/reads_multi/Filoviridae/Marburg/isolate_1/rep5_1.fq,data/reads_multi/Filoviridae/Marburg/isolate_1/rep5_2.fq,1,test
Filoviridae__Ravn__isolate0__rep0,Filoviridae,2,Ravn,6,0,0,data/reads_multi/Filoviridae/Ravn/isolate_0/rep0_1.fq,data/reads_multi/Filoviridae/Ravn/isolate_0/rep0_2.fq,0,train
Filoviridae__Ravn__isolate0__rep1,Filoviridae,2,Ravn,6,0,1,data/reads_multi/Filoviridae/Ravn/isolate_0/rep1_1.fq,data/reads_multi/Filoviridae/Ravn/isolate_0/rep1_2.fq,0,train
Filoviridae__Ravn__isolate0__rep2,Filoviridae,2,Ravn,6,0,2,data/reads_multi/Filoviridae/Ravn/isolate_0/rep2_1.fq,data/reads_multi/Filoviridae/Ravn/isolate_0/rep2_2.fq,0,train
Filoviridae__Ravn__isolate0__rep3,Filoviridae,2,Ravn,6,0,3,data/reads_multi/Filoviridae/Ravn/isolate_0/rep3_1.fq,data/reads_multi/Filoviridae/Ravn/isolate_0/rep3_2.fq,0,train
Filoviridae__Ravn__isolate0__rep4,Filoviridae,2,Ravn,6,0,4,data/reads_multi/Filoviridae/Ravn/isolate_0/rep4_1.fq,data/reads_multi/Filoviridae/Ravn/isolate_0/rep4_2.fq,0,train
Filoviridae__Ravn__isolate0__rep5,Filoviridae,2,Ravn,6,0,5,data/reads_multi/Filoviridae/Ravn/isolate_0/rep5_1.fq,data/reads_multi/Filoviridae/Ravn/isolate_0/rep5_2.fq,0,train
Filoviridae__Ravn__isolate1__rep0,Filoviridae,2,Ravn,6,1,0,data/reads_multi/Filoviridae/Ravn/isolate_1/rep0_1.fq,data/reads_multi/Filoviridae/Ravn/isolate_1/rep0_2.fq,1,test
Filoviridae__Ravn__isolate1__rep1,Filoviridae,2,Ravn,6,1,1,data/reads_multi/Filoviridae/Ravn/isolate_1/rep1_1.fq,data/reads_multi/Filoviridae/Ravn/isolate_1/rep1_2.fq,1,test
Filoviridae__Ravn__isolate1__rep2,Filoviridae,2,Ravn,6,1,2,data/reads_multi/Filoviridae/Ravn/isolate_1/rep2_1.fq,data/reads_multi/Filoviridae/Ravn/isolate_1/rep2_2.fq,1,test
Filoviridae__Ravn__isolate1__rep3,Filoviridae,2,Ravn,6,1,3,data/reads_multi/Filoviridae/Ravn/isolate_1/rep3_1.fq,data/reads_multi/Filoviridae/Ravn/isolate_1/rep3_2.fq,1,test
Filoviridae__Ravn__isolate1__rep4,Filoviridae,2,Ravn,6,1,4,data/reads_multi/Filoviridae/Ravn/isolate_1/rep4_1.fq,data/reads_multi/Filoviridae/Ravn/isolate_1/rep4_2.fq,1,test
Filoviridae__Ravn__isolate1__rep5,Filoviridae,2,Ravn,6,1,5,data/reads_multi/Filoviridae/Ravn/isolate_1/rep5_1.fq,data/reads_multi/Filoviridae/Ravn/isolate_1/rep5_2.fq,1,test
Filoviridae__Ravn__isolate2__rep0,Filoviridae,2,Ravn,6,2,0,data/reads_multi/Filoviridae/Ravn/isolate_2/rep0_1.fq,data/reads_multi/Filoviridae/Ravn/isolate_2/rep0_2.fq,2,val
Filoviridae__Ravn__isolate2__rep1,Filoviridae,2,Ravn,6,2,1,data/reads_multi/Filoviridae/Ravn/isolate_2/rep1_1.fq,data/reads_multi/Filoviridae/Ravn/isolate_2/rep1_2.fq,2,val
Filoviridae__Ravn__isolate2__rep2,Filoviridae,2,Ravn,6,2,2,data/reads_multi/Filoviridae/Ravn/isolate_2/rep2_1.fq,data/reads_multi/Filoviridae/Ravn/isolate_2/rep2_2.fq,2,val
Filoviridae__Ravn__isolate2__rep3,Filoviridae,2,Ravn,6,2,3,data/reads_multi/Filoviridae/Ravn/isolate_2/rep3_1.fq,data/reads_multi/Filoviridae/Ravn/isolate_2/rep3_2.fq,2,val
Filoviridae__Ravn__isolate2__rep4,Filoviridae,2,Ravn,6,2,4,data/reads_multi/Filoviridae/Ravn/isolate_2/rep4_1.fq,data/reads_multi/Filoviridae/Ravn/isolate_2/rep4_2.fq,2,val
Filoviridae__Ravn__isolate2__rep5,Filoviridae,2,Ravn,6,2,5,data/reads_multi/Filoviridae/Ravn/isolate_2/rep5_1.fq,data/reads_multi/Filoviridae/Ravn/isolate_2/rep5_2.fq,2,val
Filoviridae__Ravn__isolate3__rep0,Filoviridae,2,Ravn,6,3,0,data/reads_multi/Filoviridae/Ravn/isolate_3/rep0_1.fq,data/reads_multi/Filoviridae/Ravn/isolate_3/rep0_2.fq,3,train
Filoviridae__Ravn__isolate3__rep1,Filoviridae,2,Ravn,6,3,1,data/reads_multi/Filoviridae/Ravn/isolate_3/rep1_1.fq,data/reads_multi/Filoviridae/Ravn/isolate_3/rep1_2.fq,3,train
Filoviridae__Ravn__isolate3__rep2,Filoviridae,2,Ravn,6,3,2,data/reads_multi/Filoviridae/Ravn/isolate_3/rep2_1.fq,data/reads_multi/Filoviridae/Ravn/isolate_3/rep2_2.fq,3,train
Filoviridae__Ravn__isolate3__rep3,Filoviridae,2,Ravn,6,3,3,data/reads_multi/Filoviridae/Ravn/isolate_3/rep3_1.fq,data/reads_multi/Filoviridae/Ravn/isolate_3/rep3_2.fq,3,train
Filoviridae__Ravn__isolate3__rep4,Filoviridae,2,Ravn,6,3,4,data/reads_multi/Filoviridae/Ravn/isolate_3/rep4_1.fq,data/reads_multi/Filoviridae/Ravn/isolate_3/rep4_2.fq,3,train
Filoviridae__Ravn__isolate3__rep5,Filoviridae,2,Ravn,6,3,5,data/reads_multi/Filoviridae/Ravn/isolate_3/rep5_1.fq,data/reads_multi/Filoviridae/Ravn/isolate_3/rep5_2.fq,3,train
Filoviridae__Ravn__isolate4__rep0,Filoviridae,2,Ravn,6,4,0,data/reads_multi/Filoviridae/Ravn/isolate_4/rep0_1.fq,data/reads_multi/Filoviridae/Ravn/isolate_4/rep0_2.fq,4,train
Filoviridae__Ravn__isolate4__rep1,Filoviridae,2,Ravn,6,4,1,data/reads_multi/Filoviridae/Ravn/isolate_4/rep1_1.fq,data/reads_multi/Filoviridae/Ravn/isolate_4/rep1_2.fq,4,train
Filoviridae__Ravn__isolate4__rep2,Filoviridae,2,Ravn,6,4,2,data/reads_multi/Filoviridae/Ravn/isolate_4/rep2_1.fq,data/reads_multi/Filoviridae/Ravn/isolate_4/rep2_2.fq,4,train
Filoviridae__Ravn__isolate4__rep3,Filoviridae,2,Ravn,6,4,3,data/reads_multi/Filoviridae/Ravn/isolate_4/rep3_1.fq,data/reads_multi/Filoviridae/Ravn/isolate_4/rep3_2.fq,4,train
Filoviridae__Ravn__isolate4__rep4,Filoviridae,2,Ravn,6,4,4,data/reads_multi/Filoviridae/Ravn/isolate_4/rep4_1.fq,data/reads_multi/Filoviridae/Ravn/isolate_4/rep4_2.fq,4,train
Filoviridae__Ravn__isolate4__rep5,Filoviridae,2,Ravn,6,4,5,data/reads_multi/Filoviridae/Ravn/isolate_4/rep5_1.fq,data/reads_multi/Filoviridae/Ravn/isolate_4/rep5_2.fq,4,train
Filoviridae__Ravn__isolate5__rep0,Filoviridae,2,Ravn,6,5,0,data/reads_multi/Filoviridae/Ravn/isolate_5/rep0_1.fq,data/reads_multi/Filoviridae/Ravn/isolate_5/rep0_2.fq,0,train
Filoviridae__Ravn__isolate5__rep1,Filoviridae,2,Ravn,6,5,1,data/reads_multi/Filoviridae/Ravn/isolate_5/rep1_1.fq,data/reads_multi/Filoviridae/Ravn/isolate_5/rep1_2.fq,0,train
Filoviridae__Ravn__isolate5__rep2,Filoviridae,2,Ravn,6,5,2,data/reads_multi/Filoviridae/Ravn/isolate_5/rep2_1.fq,data/reads_multi/Filoviridae/Ravn/isolate_5/rep2_2.fq,0,train
Filoviridae__Ravn__isolate5__rep3,Filoviridae,2,Ravn,6,5,3,data/reads_multi/Filoviridae/Ravn/isolate_5/rep3_1.fq,data/reads_multi/Filoviridae/Ravn/isolate_5/rep3_2.fq,0,train
Filoviridae__Ravn__isolate5__rep4,Filoviridae,2,Ravn,6,5,4,data/reads_multi/Filoviridae/Ravn/isolate_5/rep4_1.fq,data/reads_multi/Filoviridae/Ravn/isolate_5/rep4_2.fq,0,train
Filoviridae__Ravn__isolate5__rep5,Filoviridae,2,Ravn,6,5,5,data/reads_multi/Filoviridae/Ravn/isolate_5/rep5_1.fq,data/reads_multi/Filoviridae/Ravn/isolate_5/rep5_2.fq,0,train
Filoviridae__Lloviu__isolate0__rep0,Filoviridae,2,Lloviu,7,0,0,data/reads_multi/Filoviridae/Lloviu/isolate_0/rep0_1.fq,data/reads_multi/Filoviridae/Lloviu/isolate_0/rep0_2.fq,0,train
Filoviridae__Lloviu__isolate0__rep1,Filoviridae,2,Lloviu,7,0,1,data/reads_multi/Filoviridae/Lloviu/isolate_0/rep1_1.fq,data/reads_multi/Filoviridae/Lloviu/isolate_0/rep1_2.fq,0,train
Filoviridae__Lloviu__isolate0__rep2,Filoviridae,2,Lloviu,7,0,2,data/reads_multi/Filoviridae/Lloviu/isolate_0/rep2_1.fq,data/reads_multi/Filoviridae/Lloviu/isolate_0/rep2_2.fq,0,train
Filoviridae__Lloviu__isolate0__rep3,Filoviridae,2,Lloviu,7,0,3,data/reads_multi/Filoviridae/Lloviu/isolate_0/rep3_1.fq,data/reads_multi/Filoviridae/Lloviu/isolate_0/rep3_2.fq,0,train
Filoviridae__Lloviu__isolate0__rep4,Filoviridae,2,Lloviu,7,0,4,data/reads_multi/Filoviridae/Lloviu/isolate_0/rep4_1.fq,data/reads_multi/Filoviridae/Lloviu/isolate_0/rep4_2.fq,0,train
Filoviridae__Lloviu__isolate0__rep5,Filoviridae,2,Lloviu,7,0,5,data/reads_multi/Filoviridae/Lloviu/isolate_0/rep5_1.fq,data/reads_multi/Filoviridae/Lloviu/isolate_0/rep5_2.fq,0,train
Filoviridae__Lloviu__isolate1__rep0,Filoviridae,2,Lloviu,7,1,0,data/reads_multi/Filoviridae/Lloviu/isolate_1/rep0_1.fq,data/reads_multi/Filoviridae/Lloviu/isolate_1/rep0_2.fq,1,test
Filoviridae__Lloviu__isolate1__rep1,Filoviridae,2,Lloviu,7,1,1,data/reads_multi/Filoviridae/Lloviu/isolate_1/rep1_1.fq,data/reads_multi/Filoviridae/Lloviu/isolate_1/rep1_2.fq,1,test
Filoviridae__Lloviu__isolate1__rep2,Filoviridae,2,Lloviu,7,1,2,data/reads_multi/Filoviridae/Lloviu/isolate_1/rep2_1.fq,data/reads_multi/Filoviridae/Lloviu/isolate_1/rep2_2.fq,1,test
Filoviridae__Lloviu__isolate1__rep3,Filoviridae,2,Lloviu,7,1,3,data/reads_multi/Filoviridae/Lloviu/isolate_1/rep3_1.fq,data/reads_multi/Filoviridae/Lloviu/isolate_1/rep3_2.fq,1,test
Filoviridae__Lloviu__isolate1__rep4,Filoviridae,2,Lloviu,7,1,4,data/reads_multi/Filoviridae/Lloviu/isolate_1/rep4_1.fq,data/reads_multi/Filoviridae/Lloviu/isolate_1/rep4_2.fq,1,test
Filoviridae__Lloviu__isolate1__rep5,Filoviridae,2,Lloviu,7,1,5,data/reads_multi/Filoviridae/Lloviu/isolate_1/rep5_1.fq,data/reads_multi/Filoviridae/Lloviu/isolate_1/rep5_2.fq,1,test
Filoviridae__Lloviu__isolate2__rep0,Filoviridae,2,Lloviu,7,2,0,data/reads_multi/Filoviridae/Lloviu/isolate_2/rep0_1.fq,data/reads_multi/Filoviridae/Lloviu/isolate_2/rep0_2.fq,2,val
Filoviridae__Lloviu__isolate2__rep1,Filoviridae,2,Lloviu,7,2,1,data/reads_multi/Filoviridae/Lloviu/isolate_2/rep1_1.fq,data/reads_multi/Filoviridae/Lloviu/isolate_2/rep1_2.fq,2,val
Filoviridae__Lloviu__isolate2__rep2,Filoviridae,2,Lloviu,7,2,2,data/reads_multi/Filoviridae/Lloviu/isolate_2/rep2_1.fq,data/reads_multi/Filoviridae/Lloviu/isolate_2/rep2_2.fq,2,val
Filoviridae__Lloviu__isolate2__rep3,Filoviridae,2,Lloviu,7,2,3,data/reads_multi/Filoviridae/Lloviu/isolate_2/rep3_1.fq,data/reads_multi/Filoviridae/Lloviu/isolate_2/rep3_2.fq,2,val
Filoviridae__Lloviu__isolate2__rep4,Filoviridae,2,Lloviu,7,2,4,data/reads_multi/Filoviridae/Lloviu/isolate_2/rep4_1.fq,data/reads_multi/Filoviridae/Lloviu/isolate_2/rep4_2.fq,2,val
Filoviridae__Lloviu__isolate2__rep5,Filoviridae,2,Lloviu,7,2,5,data/reads_multi/Filoviridae/Lloviu/isolate_2/rep5_1.fq,data/reads_multi/Filoviridae/Lloviu/isolate_2/rep5_2.fq,2,val
Filoviridae__Lloviu__isolate3__rep0,Filoviridae,2,Lloviu,7,3,0,data/reads_multi/Filoviridae/Lloviu/isolate_3/rep0_1.fq,data/reads_multi/Filoviridae/Lloviu/isolate_3/rep0_2.fq,3,train
Filoviridae__Lloviu__isolate3__rep1,Filoviridae,2,Lloviu,7,3,1,data/reads_multi/Filoviridae/Lloviu/isolate_3/rep1_1.fq,data/reads_multi/Filoviridae/Lloviu/isolate_3/rep1_2.fq,3,train
Filoviridae__Lloviu__isolate3__rep2,Filoviridae,2,Lloviu,7,3,2,data/reads_multi/Filoviridae/Lloviu/isolate_3/rep2_1.fq,data/reads_multi/Filoviridae/Lloviu/isolate_3/rep2_2.fq,3,train
Filoviridae__Lloviu__isolate3__rep3,Filoviridae,2,Lloviu,7,3,3,data/reads_multi/Filoviridae/Lloviu/isolate_3/rep3_1.fq,data/reads_multi/Filoviridae/Lloviu/isolate_3/rep3_2.fq,3,train
Filoviridae__Lloviu__isolate3__rep4,Filoviridae,2,Lloviu,7,3,4,data/reads_multi/Filoviridae/Lloviu/isolate_3/rep4_1.fq,data/reads_multi/Filoviridae/Lloviu/isolate_3/rep4_2.fq,3,train
Filoviridae__Lloviu__isolate3__rep5,Filoviridae,2,Lloviu,7,3,5,data/reads_multi/Filoviridae/Lloviu/isolate_3/rep5_1.fq,data/reads_multi/Filoviridae/Lloviu/isolate_3/rep5_2.fq,3,train
Filoviridae__Lloviu__isolate4__rep0,Filoviridae,2,Lloviu,7,4,0,data/reads_multi/Filoviridae/Lloviu/isolate_4/rep0_1.fq,data/reads_multi/Filoviridae/Lloviu/isolate_4/rep0_2.fq,4,train
Filoviridae__Lloviu__isolate4__rep1,Filoviridae,2,Lloviu,7,4,1,data/reads_multi/Filoviridae/Lloviu/isolate_4/rep1_1.fq,data/reads_multi/Filoviridae/Lloviu/isolate_4/rep1_2.fq,4,train
Filoviridae__Lloviu__isolate4__rep2,Filoviridae,2,Lloviu,7,4,2,data/reads_multi/Filoviridae/Lloviu/isolate_4/rep2_1.fq,data/reads_multi/Filoviridae/Lloviu/isolate_4/rep2_2.fq,4,train
Filoviridae__Lloviu__isolate4__rep3,Filoviridae,2,Lloviu,7,4,3,data/reads_multi/Filoviridae/Lloviu/isolate_4/rep3_1.fq,data/reads_multi/Filoviridae/Lloviu/isolate_4/rep3_2.fq,4,train
Filoviridae__Lloviu__isolate4__rep4,Filoviridae,2,Lloviu,7,4,4,data/reads_multi/Filoviridae/Lloviu/isolate_4/rep4_1.fq,data/reads_multi/Filoviridae/Lloviu/isolate_4/rep4_2.fq,4,train
Filoviridae__Lloviu__isolate4__rep5,Filoviridae,2,Lloviu,7,4,5,data/reads_multi/Filoviridae/Lloviu/isolate_4/rep5_1.fq,data/reads_multi/Filoviridae/Lloviu/isolate_4/rep5_2.fq,4,train
Filoviridae__Lloviu__isolate5__rep0,Filoviridae,2,Lloviu,7,5,0,data/reads_multi/Filoviridae/Lloviu/isolate_5/rep0_1.fq,data/reads_multi/Filoviridae/Lloviu/isolate_5/rep0_2.fq,0,train
Filoviridae__Lloviu__isolate5__rep1,Filoviridae,2,Lloviu,7,5,1,data/reads_multi/Filoviridae/Lloviu/isolate_5/rep1_1.fq,data/reads_multi/Filoviridae/Lloviu/isolate_5/rep1_2.fq,0,train
Filoviridae__Lloviu__isolate5__rep2,Filoviridae,2,Lloviu,7,5,2,data/reads_multi/Filoviridae/Lloviu/isolate_5/rep2_1.fq,data/reads_multi/Filoviridae/Lloviu/isolate_5/rep2_2.fq,0,train
Filoviridae__Lloviu__isolate5__rep3,Filoviridae,2,Lloviu,7,5,3,data/reads_multi/Filoviridae/Lloviu/isolate_5/rep3_1.fq,data/reads_multi/Filoviridae/Lloviu/isolate_5/rep3_2.fq,0,train
Filoviridae__Lloviu__isolate5__rep4,Filoviridae,2,Lloviu,7,5,4,data/reads_multi/Filoviridae/Lloviu/isolate_5/rep4_1.fq,data/reads_multi/Filoviridae/Lloviu/isolate_5/rep4_2.fq,0,train
Filoviridae__Lloviu__isolate5__rep5,Filoviridae,2,Lloviu,7,5,5,data/reads_multi/Filoviridae/Lloviu/isolate_5/rep5_1.fq,data/reads_multi/Filoviridae/Lloviu/isolate_5/rep5_2.fq,0,train
Hepadnaviridae__HBV-genotype-A__isolate0__rep0,Hepadnaviridae,3,HBV-genotype-A,0,0,0,data/reads_multi/Hepadnaviridae/HBV-genotype-A/isolate_0/rep0_1.fq,data/reads_multi/Hepadnaviridae/HBV-genotype-A/isolate_0/rep0_2.fq,0,train
Hepadnaviridae__HBV-genotype-A__isolate0__rep1,Hepadnaviridae,3,HBV-genotype-A,0,0,1,data/reads_multi/Hepadnaviridae/HBV-genotype-A/isolate_0/rep1_1.fq,data/reads_multi/Hepadnaviridae/HBV-genotype-A/isolate_0/rep1_2.fq,0,train
Hepadnaviridae__HBV-genotype-A__isolate0__rep2,Hepadnaviridae,3,HBV-genotype-A,0,0,2,data/reads_multi/Hepadnaviridae/HBV-genotype-A/isolate_0/rep2_1.fq,data/reads_multi/Hepadnaviridae/HBV-genotype-A/isolate_0/rep2_2.fq,0,train
Hepadnaviridae__HBV-genotype-A__isolate0__rep3,Hepadnaviridae,3,HBV-genotype-A,0,0,3,data/reads_multi/Hepadnaviridae/HBV-genotype-A/isolate_0/rep3_1.fq,data/reads_multi/Hepadnaviridae/HBV-genotype-A/isolate_0/rep3_2.fq,0,train
Hepadnaviridae__HBV-genotype-A__isolate0__rep4,Hepadnaviridae,3,HBV-genotype-A,0,0,4,data/reads_multi/Hepadnaviridae/HBV-genotype-A/isolate_0/rep4_1.fq,data/reads_multi/Hepadnaviridae/HBV-genotype-A/isolate_0/rep4_2.fq,0,train
Hepadnaviridae__HBV-genotype-A__isolate0__rep5,Hepadnaviridae,3,HBV-genotype-A,0,0,5,data/reads_multi/Hepadnaviridae/HBV-genotype-A/isolate_0/rep5_1.fq,data/reads_multi/Hepadnaviridae/HBV-genotype-A/isolate_0/rep5_2.fq,0,train
Hepadnaviridae__HBV-genotype-A__isolate1__rep0,Hepadnaviridae,3,HBV-genotype-A,0,1,0,data/reads_multi/Hepadnaviridae/HBV-genotype-A/isolate_1/rep0_1.fq,data/reads_multi/Hepadnaviridae/HBV-genotype-A/isolate_1/rep0_2.fq,1,test
Hepadnaviridae__HBV-genotype-A__isolate1__rep1,Hepadnaviridae,3,HBV-genotype-A,0,1,1,data/reads_multi/Hepadnaviridae/HBV-genotype-A/isolate_1/rep1_1.fq,data/reads_multi/Hepadnaviridae/HBV-genotype-A/isolate_1/rep1_2.fq,1,test
Hepadnaviridae__HBV-genotype-A__isolate1__rep2,Hepadnaviridae,3,HBV-genotype-A,0,1,2,data/reads_multi/Hepadnaviridae/HBV-genotype-A/isolate_1/rep2_1.fq,data/reads_multi/Hepadnaviridae/HBV-genotype-A/isolate_1/rep2_2.fq,1,test
Hepadnaviridae__HBV-genotype-A__isolate1__rep3,Hepadnaviridae,3,HBV-genotype-A,0,1,3,data/reads_multi/Hepadnaviridae/HBV-genotype-A/isolate_1/rep3_1.fq,data/reads_multi/Hepadnaviridae/HBV-genotype-A/isolate_1/rep3_2.fq,1,test
Hepadnaviridae__HBV-genotype-A__isolate1__rep4,Hepadnaviridae,3,HBV-genotype-A,0,1,4,data/reads_multi/Hepadnaviridae/HBV-genotype-A/isolate_1/rep4_1.fq,data/reads_multi/Hepadnaviridae/HBV-genotype-A/isolate_1/rep4_2.fq,1,test
Hepadnaviridae__HBV-genotype-A__isolate1__rep5,Hepadnaviridae,3,HBV-genotype-A,0,1,5,data/reads_multi/Hepadnaviridae/HBV-genotype-A/isolate_1/rep5_1.fq,data/reads_multi/Hepadnaviridae/HBV-genotype-A/isolate_1/rep5_2.fq,1,test
Hepadnaviridae__HBV-genotype-A__isolate2__rep0,Hepadnaviridae,3,HBV-genotype-A,0,2,0,data/reads_multi/Hepadnaviridae/HBV-genotype-A/isolate_2/rep0_1.fq,data/reads_multi/Hepadnaviridae/HBV-genotype-A/isolate_2/rep0_2.fq,2,val
Hepadnaviridae__HBV-genotype-A__isolate2__rep1,Hepadnaviridae,3,HBV-genotype-A,0,2,1,data/reads_multi/Hepadnaviridae/HBV-genotype-A/isolate_2/rep1_1.fq,data/reads_multi/Hepadnaviridae/HBV-genotype-A/isolate_2/rep1_2.fq,2,val
Hepadnaviridae__HBV-genotype-A__isolate2__rep2,Hepadnaviridae,3,HBV-genotype-A,0,2,2,data/reads_multi/Hepadnaviridae/HBV-genotype-A/isolate_2/rep2_1.fq,data/reads_multi/Hepadnaviridae/HBV-genotype-A/isolate_2/rep2_2.fq,2,val
Hepadnaviridae__HBV-genotype-A__isolate2__rep3,Hepadnaviridae,3,HBV-genotype-A,0,2,3,data/reads_multi/Hepadnaviridae/HBV-genotype-A/isolate_2/rep3_1.fq,data/reads_multi/Hepadnaviridae/HBV-genotype-A/isolate_2/rep3_2.fq,2,val
Hepadnaviridae__HBV-genotype-A__isolate2__rep4,Hepadnaviridae,3,HBV-genotype-A,0,2,4,data/reads_multi/Hepadnaviridae/HBV-genotype-A/isolate_2/rep4_1.fq,data/reads_multi/Hepadnaviridae/HBV-genotype-A/isolate_2/rep4_2.fq,2,val
Hepadnaviridae__HBV-genotype-A__isolate2__rep5,Hepadnaviridae,3,HBV-genotype-A,0,2,5,data/reads_multi/Hepadnaviridae/HBV-genotype-A/isolate_2/rep5_1.fq,data/reads_multi/Hepadnaviridae/HBV-genotype-A/isolate_2/rep5_2.fq,2,val
Hepadnaviridae__HBV-genotype-A__isolate3__rep0,Hepadnaviridae,3,HBV-genotype-A,0,3,0,data/reads_multi/Hepadnaviridae/HBV-genotype-A/isolate_3/rep0_1.fq,data/reads_multi/Hepadnaviridae/HBV-genotype-A/isolate_3/rep0_2.fq,3,train
Hepadnaviridae__HBV-genotype-A__isolate3__rep1,Hepadnaviridae,3,HBV-genotype-A,0,3,1,data/reads_multi/Hepadnaviridae/HBV-genotype-A/isolate_3/rep1_1.fq,data/reads_multi/Hepadnaviridae/HBV-genotype-A/isolate_3/rep1_2.fq,3,train
Hepadnaviridae__HBV-genotype-A__isolate3__rep2,Hepadnaviridae,3,HBV-genotype-A,0,3,2,data/reads_multi/Hepadnaviridae/HBV-genotype-A/isolate_3/rep2_1.fq,data/reads_multi/Hepadnaviridae/HBV-genotype-A/isolate_3/rep2_2.fq,3,train
Hepadnaviridae__HBV-genotype-A__isolate3__rep3,Hepadnaviridae,3,HBV-genotype-A,0,3,3,data/reads_multi/Hepadnaviridae/HBV-genotype-A/isolate_3/rep3_1.fq,data/reads_multi/Hepadnaviridae/HBV-genotype-A/isolate_3/rep3_2.fq,3,train
Hepadnaviridae__HBV-genotype-A__isolate3__rep4,Hepadnaviridae,3,HBV-genotype-A,0,3,4,data/reads_multi/Hepadnaviridae/HBV-genotype-A/isolate_3/rep4_1.fq,data/reads_multi/Hepadnaviridae/HBV-genotype-A/isolate_3/rep4_2.fq,3,train
Hepadnaviridae__HBV-genotype-A__isolate3__rep5,Hepadnaviridae,3,HBV-genotype-A,0,3,5,data/reads_multi/Hepadnaviridae/HBV-genotype-A/isolate_3/rep5_1.fq,data/reads_multi/Hepadnaviridae/HBV-genotype-A/isolate_3/rep5_2.fq,3,train
Hepadnaviridae__HBV-genotype-A__isolate4__rep0,Hepadnaviridae,3,HBV-genotype-A,0,4,0,data/reads_multi/Hepadnaviridae/HBV-genotype-A/isolate_4/rep0_1.fq,data/reads_multi/Hepadnaviridae/HBV-genotype-A/isolate_4/rep0_2.fq,4,train
Hepadnaviridae__HBV-genotype-A__isolate4__rep1,Hepadnaviridae,3,HBV-genotype-A,0,4,1,data/reads_multi/Hepadnaviridae/HBV-genotype-A/isolate_4/rep1_1.fq,data/reads_multi/Hepadnaviridae/HBV-genotype-A/isolate_4/rep1_2.fq,4,train
Hepadnaviridae__HBV-genotype-A__isolate4__rep2,Hepadnaviridae,3,HBV-genotype-A,0,4,2,data/reads_multi/Hepadnaviridae/HBV-genotype-A/isolate_4/rep2_1.fq,data/reads_multi/Hepadnaviridae/HBV-genotype-A/isolate_4/rep2_2.fq,4,train
Hepadnaviridae__HBV-genotype-A__isolate4__rep3,Hepadnaviridae,3,HBV-genotype-A,0,4,3,data/reads_multi/Hepadnaviridae/HBV-genotype-A/isolate_4/rep3_1.fq,data/reads_multi/Hepadnaviridae/HBV-genotype-A/isolate_4/rep3_2.fq,4,train
Hepadnaviridae__HBV-genotype-A__isolate4__rep4,Hepadnaviridae,3,HBV-genotype-A,0,4,4,data/reads_multi/Hepadnaviridae/HBV-genotype-A/isolate_4/rep4_1.fq,data/reads_multi/Hepadnaviridae/HBV-genotype-A/isolate_4/rep4_2.fq,4,train
Hepadnaviridae__HBV-genotype-A__isolate4__rep5,Hepadnaviridae,3,HBV-genotype-A,0,4,5,data/reads_multi/Hepadnaviridae/HBV-genotype-A/isolate_4/rep5_1.fq,data/reads_multi/Hepadnaviridae/HBV-genotype-A/isolate_4/rep5_2.fq,4,train
Hepadnaviridae__HBV-genotype-A__isolate5__rep0,Hepadnaviridae,3,HBV-genotype-A,0,5,0,data/reads_multi/Hepadnaviridae/HBV-genotype-A/isolate_5/rep0_1.fq,data/reads_multi/Hepadnaviridae/HBV-genotype-A/isolate_5/rep0_2.fq,0,train
Hepadnaviridae__HBV-genotype-A__isolate5__rep1,Hepadnaviridae,3,HBV-genotype-A,0,5,1,data/reads_multi/Hepadnaviridae/HBV-genotype-A/isolate_5/rep1_1.fq,data/reads_multi/Hepadnaviridae/HBV-genotype-A/isolate_5/rep1_2.fq,0,train
Hepadnaviridae__HBV-genotype-A__isolate5__rep2,Hepadnaviridae,3,HBV-genotype-A,0,5,2,data/reads_multi/Hepadnaviridae/HBV-genotype-A/isolate_5/rep2_1.fq,data/reads_multi/Hepadnaviridae/HBV-genotype-A/isolate_5/rep2_2.fq,0,train
Hepadnaviridae__HBV-genotype-A__isolate5__rep3,Hepadnaviridae,3,HBV-genotype-A,0,5,3,data/reads_multi/Hepadnaviridae/HBV-genotype-A/isolate_5/rep3_1.fq,data/reads_multi/Hepadnaviridae/HBV-genotype-A/isolate_5/rep3_2.fq,0,train
Hepadnaviridae__HBV-genotype-A__isolate5__rep4,Hepadnaviridae,3,HBV-genotype-A,0,5,4,data/reads_multi/Hepadnaviridae/HBV-genotype-A/isolate_5/rep4_1.fq,data/reads_multi/Hepadnaviridae/HBV-genotype-A/isolate_5/rep4_2.fq,0,train
Hepadnaviridae__HBV-genotype-A__isolate5__rep5,Hepadnaviridae,3,HBV-genotype-A,0,5,5,data/reads_multi/Hepadnaviridae/HBV-genotype-A/isolate_5/rep5_1.fq,data/reads_multi/Hepadnaviridae/HBV-genotype-A/isolate_5/rep5_2.fq,0,train
Hepadnaviridae__HBV-genotype-A__isolate6__rep0,Hepadnaviridae,3,HBV-genotype-A,0,6,0,data/reads_multi/Hepadnaviridae/HBV-genotype-A/isolate_6/rep0_1.fq,data/reads_multi/Hepadnaviridae/HBV-genotype-A/isolate_6/rep0_2.fq,1,test
Hepadnaviridae__HBV-genotype-A__isolate6__rep1,Hepadnaviridae,3,HBV-genotype-A,0,6,1,data/reads_multi/Hepadnaviridae/HBV-genotype-A/isolate_6/rep1_1.fq,data/reads_multi/Hepadnaviridae/HBV-genotype-A/isolate_6/rep1_2.fq,1,test
Hepadnaviridae__HBV-genotype-A__isolate6__rep2,Hepadnaviridae,3,HBV-genotype-A,0,6,2,data/reads_multi/Hepadnaviridae/HBV-genotype-A/isolate_6/rep2_1.fq,data/reads_multi/Hepadnaviridae/HBV-genotype-A/isolate_6/rep2_2.fq,1,test
Hepadnaviridae__HBV-genotype-A__isolate6__rep3,Hepadnaviridae,3,HBV-genotype-A,0,6,3,data/reads_multi/Hepadnaviridae/HBV-genotype-A/isolate_6/rep3_1.fq,data/reads_multi/Hepadnaviridae/HBV-genotype-A/isolate_6/rep3_2.fq,1,test
Hepadnaviridae__HBV-genotype-A__isolate6__rep4,Hepadnaviridae,3,HBV-genotype-A,0,6,4,data/reads_multi/Hepadnaviridae/HBV-genotype-A/isolate_6/rep4_1.fq,data/reads_multi/Hepadnaviridae/HBV-genotype-A/isolate_6/rep4_2.fq,1,test
Hepadnaviridae__HBV-genotype-A__isolate6__rep5,Hepadnaviridae,3,HBV-genotype-A,0,6,5,data/reads_multi/Hepadnaviridae/HBV-genotype-A/isolate_6/rep5_1.fq,data/reads_multi/Hepadnaviridae/HBV-genotype-A/isolate_6/rep5_2.fq,1,test
Hepadnaviridae__HBV-genotype-A__isolate7__rep0,Hepadnaviridae,3,HBV-genotype-A,0,7,0,data/reads_multi/Hepadnaviridae/HBV-genotype-A/isolate_7/rep0_1.fq,data/reads_multi/Hepadnaviridae/HBV-genotype-A/isolate_7/rep0_2.fq,2,val
Hepadnaviridae__HBV-genotype-A__isolate7__rep1,Hepadnaviridae,3,HBV-genotype-A,0,7,1,data/reads_multi/Hepadnaviridae/HBV-genotype-A/isolate_7/rep1_1.fq,data/reads_multi/Hepadnaviridae/HBV-genotype-A/isolate_7/rep1_2.fq,2,val
Hepadnaviridae__HBV-genotype-A__isolate7__rep2,Hepadnaviridae,3,HBV-genotype-A,0,7,2,data/reads_multi/Hepadnaviridae/HBV-genotype-A/isolate_7/rep2_1.fq,data/reads_multi/Hepadnaviridae/HBV-genotype-A/isolate_7/rep2_2.fq,2,val
Hepadnaviridae__HBV-genotype-A__isolate7__rep3,Hepadnaviridae,3,HBV-genotype-A,0,7,3,data/reads_multi/Hepadnaviridae/HBV-genotype-A/isolate_7/rep3_1.fq,data/reads_multi/Hepadnaviridae/HBV-genotype-A/isolate_7/rep3_2.fq,2,val
Hepadnaviridae__HBV-genotype-A__isolate7__rep4,Hepadnaviridae,3,HBV-genotype-A,0,7,4,data/reads_multi/Hepadnaviridae/HBV-genotype-A/isolate_7/rep4_1.fq,data/reads_multi/Hepadnaviridae/HBV-genotype-A/isolate_7/rep4_2.fq,2,val
Hepadnaviridae__HBV-genotype-A__isolate7__rep5,Hepadnaviridae,3,HBV-genotype-A,0,7,5,data/reads_multi/Hepadnaviridae/HBV-genotype-A/isolate_7/rep5_1.fq,data/reads_multi/Hepadnaviridae/HBV-genotype-A/isolate_7/rep5_2.fq,2,val
Hepadnaviridae__HBV-genotype-A__isolate8__rep0,Hepadnaviridae,3,HBV-genotype-A,0,8,0,data/reads_multi/Hepadnaviridae/HBV-genotype-A/isolate_8/rep0_1.fq,data/reads_multi/Hepadnaviridae/HBV-genotype-A/isolate_8/rep0_2.fq,3,train
Hepadnaviridae__HBV-genotype-A__isolate8__rep1,Hepadnaviridae,3,HBV-genotype-A,0,8,1,data/reads_multi/Hepadnaviridae/HBV-genotype-A/isolate_8/rep1_1.fq,data/reads_multi/Hepadnaviridae/HBV-genotype-A/isolate_8/rep1_2.fq,3,train
Hepadnaviridae__HBV-genotype-A__isolate8__rep2,Hepadnaviridae,3,HBV-genotype-A,0,8,2,data/reads_multi/Hepadnaviridae/HBV-genotype-A/isolate_8/rep2_1.fq,data/reads_multi/Hepadnaviridae/HBV-genotype-A/isolate_8/rep2_2.fq,3,train
Hepadnaviridae__HBV-genotype-A__isolate8__rep3,Hepadnaviridae,3,HBV-genotype-A,0,8,3,data/reads_multi/Hepadnaviridae/HBV-genotype-A/isolate_8/rep3_1.fq,data/reads_multi/Hepadnaviridae/HBV-genotype-A/isolate_8/rep3_2.fq,3,train
Hepadnaviridae__HBV-genotype-A__isolate8__rep4,Hepadnaviridae,3,HBV-genotype-A,0,8,4,data/reads_multi/Hepadnaviridae/HBV-genotype-A/isolate_8/rep4_1.fq,data/reads_multi/Hepadnaviridae/HBV-genotype-A/isolate_8/rep4_2.fq,3,train
Hepadnaviridae__HBV-genotype-A__isolate8__rep5,Hepadnaviridae,3,HBV-genotype-A,0,8,5,data/reads_multi/Hepadnaviridae/HBV-genotype-A/isolate_8/rep5_1.fq,data/reads_multi/Hepadnaviridae/HBV-genotype-A/isolate_8/rep5_2.fq,3,train
Hepadnaviridae__HBV-genotype-A__isolate9__rep0,Hepadnaviridae,3,HBV-genotype-A,0,9,0,data/reads_multi/Hepadnaviridae/HBV-genotype-A/isolate_9/rep0_1.fq,data/reads_multi/Hepadnaviridae/HBV-genotype-A/isolate_9/rep0_2.fq,4,train
Hepadnaviridae__HBV-genotype-A__isolate9__rep1,Hepadnaviridae,3,HBV-genotype-A,0,9,1,data/reads_multi/Hepadnaviridae/HBV-genotype-A/isolate_9/rep1_1.fq,data/reads_multi/Hepadnaviridae/HBV-genotype-A/isolate_9/rep1_2.fq,4,train
Hepadnaviridae__HBV-genotype-A__isolate9__rep2,Hepadnaviridae,3,HBV-genotype-A,0,9,2,data/reads_multi/Hepadnaviridae/HBV-genotype-A/isolate_9/rep2_1.fq,data/reads_multi/Hepadnaviridae/HBV-genotype-A/isolate_9/rep2_2.fq,4,train
Hepadnaviridae__HBV-genotype-A__isolate9__rep3,Hepadnaviridae,3,HBV-genotype-A,0,9,3,data/reads_multi/Hepadnaviridae/HBV-genotype-A/isolate_9/rep3_1.fq,data/reads_multi/Hepadnaviridae/HBV-genotype-A/isolate_9/rep3_2.fq,4,train
Hepadnaviridae__HBV-genotype-A__isolate9__rep4,Hepadnaviridae,3,HBV-genotype-A,0,9,4,data/reads_multi/Hepadnaviridae/HBV-genotype-A/isolate_9/rep4_1.fq,data/reads_multi/Hepadnaviridae/HBV-genotype-A/isolate_9/rep4_2.fq,4,train
Hepadnaviridae__HBV-genotype-A__isolate9__rep5,Hepadnaviridae,3,HBV-genotype-A,0,9,5,data/reads_multi/Hepadnaviridae/HBV-genotype-A/isolate_9/rep5_1.fq,data/reads_multi/Hepadnaviridae/HBV-genotype-A/isolate_9/rep5_2.fq,4,train
Hepadnaviridae__HBV-genotype-B__isolate0__rep0,Hepadnaviridae,3,HBV-genotype-B,1,0,0,data/reads_multi/Hepadnaviridae/HBV-genotype-B/isolate_0/rep0_1.fq,data/reads_multi/Hepadnaviridae/HBV-genotype-B/isolate_0/rep0_2.fq,0,train
Hepadnaviridae__HBV-genotype-B__isolate0__rep1,Hepadnaviridae,3,HBV-genotype-B,1,0,1,data/reads_multi/Hepadnaviridae/HBV-genotype-B/isolate_0/rep1_1.fq,data/reads_multi/Hepadnaviridae/HBV-genotype-B/isolate_0/rep1_2.fq,0,train
Hepadnaviridae__HBV-genotype-B__isolate0__rep2,Hepadnaviridae,3,HBV-genotype-B,1,0,2,data/reads_multi/Hepadnaviridae/HBV-genotype-B/isolate_0/rep2_1.fq,data/reads_multi/Hepadnaviridae/HBV-genotype-B/isolate_0/rep2_2.fq,0,train
Hepadnaviridae__HBV-genotype-B__isolate0__rep3,Hepadnaviridae,3,HBV-genotype-B,1,0,3,data/reads_multi/Hepadnaviridae/HBV-genotype-B/isolate_0/rep3_1.fq,data/reads_multi/Hepadnaviridae/HBV-genotype-B/isolate_0/rep3_2.fq,0,train
Hepadnaviridae__HBV-genotype-B__isolate0__rep4,Hepadnaviridae,3,HBV-genotype-B,1,0,4,data/reads_multi/Hepadnaviridae/HBV-genotype-B/isolate_0/rep4_1.fq,data/reads_multi/Hepadnaviridae/HBV-genotype-B/isolate_0/rep4_2.fq,0,train
Hepadnaviridae__HBV-genotype-B__isolate0__rep5,Hepadnaviridae,3,HBV-genotype-B,1,0,5,data/reads_multi/Hepadnaviridae/HBV-genotype-B/isolate_0/rep5_1.fq,data/reads_multi/Hepadnaviridae/HBV-genotype-B/isolate_0/rep5_2.fq,0,train
Hepadnaviridae__HBV-genotype-B__isolate1__rep0,Hepadnaviridae,3,HBV-genotype-B,1,1,0,data/reads_multi/Hepadnaviridae/HBV-genotype-B/isolate_1/rep0_1.fq,data/reads_multi/Hepadnaviridae/HBV-genotype-B/isolate_1/rep0_2.fq,1,test
Hepadnaviridae__HBV-genotype-B__isolate1__rep1,Hepadnaviridae,3,HBV-genotype-B,1,1,1,data/reads_multi/Hepadnaviridae/HBV-genotype-B/isolate_1/rep1_1.fq,data/reads_multi/Hepadnaviridae/HBV-genotype-B/isolate_1/rep1_2.fq,1,test
Hepadnaviridae__HBV-genotype-B__isolate1__rep2,Hepadnaviridae,3,HBV-genotype-B,1,1,2,data/reads_multi/Hepadnaviridae/HBV-genotype-B/isolate_1/rep2_1.fq,data/reads_multi/Hepadnaviridae/HBV-genotype-B/isolate_1/rep2_2.fq,1,test
Hepadnaviridae__HBV-genotype-B__isolate1__rep3,Hepadnaviridae,3,HBV-genotype-B,1,1,3,data/reads_multi/Hepadnaviridae/HBV-genotype-B/isolate_1/rep3_1.fq,data/reads_multi/Hepadnaviridae/HBV-genotype-B/isolate_1/rep3_2.fq,1,test
Hepadnaviridae__HBV-genotype-B__isolate1__rep4,Hepadnaviridae,3,HBV-genotype-B,1,1,4,data/reads_multi/Hepadnaviridae/HBV-genotype-B/isolate_1/rep4_1.fq,data/reads_multi/Hepadnaviridae/HBV-genotype-B/isolate_1/rep4_2.fq,1,test
Hepadnaviridae__HBV-genotype-B__isolate1__rep5,Hepadnaviridae,3,HBV-genotype-B,1,1,5,data/reads_multi/Hepadnaviridae/HBV-genotype-B/isolate_1/rep5_1.fq,data/reads_multi/Hepadnaviridae/HBV-genotype-B/isolate_1/rep5_2.fq,1,test
Hepadnaviridae__HBV-genotype-B__isolate2__rep0,Hepadnaviridae,3,HBV-genotype-B,1,2,0,data/reads_multi/Hepadnaviridae/HBV-genotype-B/isolate_2/rep0_1.fq,data/reads_multi/Hepadnaviridae/HBV-genotype-B/isolate_2/rep0_2.fq,2,val
Hepadnaviridae__HBV-genotype-B__isolate2__rep1,Hepadnaviridae,3,HBV-genotype-B,1,2,1,data/reads_multi/Hepadnaviridae/HBV-genotype-B/isolate_2/rep1_1.fq,data/reads_multi/Hepadnaviridae/HBV-genotype-B/isolate_2/rep1_2.fq,2,val
Hepadnaviridae__HBV-genotype-B__isolate2__rep2,Hepadnaviridae,3,HBV-genotype-B,1,2,2,data/reads_multi/Hepadnaviridae/HBV-genotype-B/isolate_2/rep2_1.fq,data/reads_multi/Hepadnaviridae/HBV-genotype-B/isolate_2/rep2_2.fq,2,val
Hepadnaviridae__HBV-genotype-B__isolate2__rep3,Hepadnaviridae,3,HBV-genotype-B,1,2,3,data/reads_multi/Hepadnaviridae/HBV-genotype-B/isolate_2/rep3_1.fq,data/reads_multi/Hepadnaviridae/HBV-genotype-B/isolate_2/rep3_2.fq,2,val
Hepadnaviridae__HBV-genotype-B__isolate2__rep4,Hepadnaviridae,3,HBV-genotype-B,1,2,4,data/reads_multi/Hepadnaviridae/HBV-genotype-B/isolate_2/rep4_1.fq,data/reads_multi/Hepadnaviridae/HBV-genotype-B/isolate_2/rep4_2.fq,2,val
Hepadnaviridae__HBV-genotype-B__isolate2__rep5,Hepadnaviridae,3,HBV-genotype-B,1,2,5,data/reads_multi/Hepadnaviridae/HBV-genotype-B/isolate_2/rep5_1.fq,data/reads_multi/Hepadnaviridae/HBV-genotype-B/isolate_2/rep5_2.fq,2,val
Hepadnaviridae__HBV-genotype-B__isolate3__rep0,Hepadnaviridae,3,HBV-genotype-B,1,3,0,data/reads_multi/Hepadnaviridae/HBV-genotype-B/isolate_3/rep0_1.fq,data/reads_multi/Hepadnaviridae/HBV-genotype-B/isolate_3/rep0_2.fq,3,train
Hepadnaviridae__HBV-genotype-B__isolate3__rep1,Hepadnaviridae,3,HBV-genotype-B,1,3,1,data/reads_multi/Hepadnaviridae/HBV-genotype-B/isolate_3/rep1_1.fq,data/reads_multi/Hepadnaviridae/HBV-genotype-B/isolate_3/rep1_2.fq,3,train
Hepadnaviridae__HBV-genotype-B__isolate3__rep2,Hepadnaviridae,3,HBV-genotype-B,1,3,2,data/reads_multi/Hepadnaviridae/HBV-genotype-B/isolate_3/rep2_1.fq,data/reads_multi/Hepadnaviridae/HBV-genotype-B/isolate_3/rep2_2.fq,3,train
Hepadnaviridae__HBV-genotype-B__isolate3__rep3,Hepadnaviridae,3,HBV-genotype-B,1,3,3,data/reads_multi/Hepadnaviridae/HBV-genotype-B/isolate_3/rep3_1.fq,data/reads_multi/Hepadnaviridae/HBV-genotype-B/isolate_3/rep3_2.fq,3,train
Hepadnaviridae__HBV-genotype-B__isolate3__rep4,Hepadnaviridae,3,HBV-genotype-B,1,3,4,data/reads_multi/Hepadnaviridae/HBV-genotype-B/isolate_3/rep4_1.fq,data/reads_multi/Hepadnaviridae/HBV-genotype-B/isolate_3/rep4_2.fq,3,train
Hepadnaviridae__HBV-genotype-B__isolate3__rep5,Hepadnaviridae,3,HBV-genotype-B,1,3,5,data/reads_multi/Hepadnaviridae/HBV-genotype-B/isolate_3/rep5_1.fq,data/reads_multi/Hepadnaviridae/HBV-genotype-B/isolate_3/rep5_2.fq,3,train
Hepadnaviridae__HBV-genotype-B__isolate4__rep0,Hepadnaviridae,3,HBV-genotype-B,1,4,0,data/reads_multi/Hepadnaviridae/HBV-genotype-B/isolate_4/rep0_1.fq,data/reads_multi/Hepadnaviridae/HBV-genotype-B/isolate_4/rep0_2.fq,4,train
Hepadnaviridae__HBV-genotype-B__isolate4__rep1,Hepadnaviridae,3,HBV-genotype-B,1,4,1,data/reads_multi/Hepadnaviridae/HBV-genotype-B/isolate_4/rep1_1.fq,data/reads_multi/Hepadnaviridae/HBV-genotype-B/isolate_4/rep1_2.fq,4,train
Hepadnaviridae__HBV-genotype-B__isolate4__rep2,Hepadnaviridae,3,HBV-genotype-B,1,4,2,data/reads_multi/Hepadnaviridae/HBV-genotype-B/isolate_4/rep2_1.fq,data/reads_multi/Hepadnaviridae/HBV-genotype-B/isolate_4/rep2_2.fq,4,train
Hepadnaviridae__HBV-genotype-B__isolate4__rep3,Hepadnaviridae,3,HBV-genotype-B,1,4,3,data/reads_multi/Hepadnaviridae/HBV-genotype-B/isolate_4/rep3_1.fq,data/reads_multi/Hepadnaviridae/HBV-genotype-B/isolate_4/rep3_2.fq,4,train
Hepadnaviridae__HBV-genotype-B__isolate4__rep4,Hepadnaviridae,3,HBV-genotype-B,1,4,4,data/reads_multi/Hepadnaviridae/HBV-genotype-B/isolate_4/rep4_1.fq,data/reads_multi/Hepadnaviridae/HBV-genotype-B/isolate_4/rep4_2.fq,4,train
Hepadnaviridae__HBV-genotype-B__isolate4__rep5,Hepadnaviridae,3,HBV-genotype-B,1,4,5,data/reads_multi/Hepadnaviridae/HBV-genotype-B/isolate_4/rep5_1.fq,data/reads_multi/Hepadnaviridae/HBV-genotype-B/isolate_4/rep5_2.fq,4,train
Hepadnaviridae__HBV-genotype-B__isolate5__rep0,Hepadnaviridae,3,HBV-genotype-B,1,5,0,data/reads_multi/Hepadnaviridae/HBV-genotype-B/isolate_5/rep0_1.fq,data/reads_multi/Hepadnaviridae/HBV-genotype-B/isolate_5/rep0_2.fq,0,train
Hepadnaviridae__HBV-genotype-B__isolate5__rep1,Hepadnaviridae,3,HBV-genotype-B,1,5,1,data/reads_multi/Hepadnaviridae/HBV-genotype-B/isolate_5/rep1_1.fq,data/reads_multi/Hepadnaviridae/HBV-genotype-B/isolate_5/rep1_2.fq,0,train
Hepadnaviridae__HBV-genotype-B__isolate5__rep2,Hepadnaviridae,3,HBV-genotype-B,1,5,2,data/reads_multi/Hepadnaviridae/HBV-genotype-B/isolate_5/rep2_1.fq,data/reads_multi/Hepadnaviridae/HBV-genotype-B/isolate_5/rep2_2.fq,0,train
Hepadnaviridae__HBV-genotype-B__isolate5__rep3,Hepadnaviridae,3,HBV-genotype-B,1,5,3,data/reads_multi/Hepadnaviridae/HBV-genotype-B/isolate_5/rep3_1.fq,data/reads_multi/Hepadnaviridae/HBV-genotype-B/isolate_5/rep3_2.fq,0,train
Hepadnaviridae__HBV-genotype-B__isolate5__rep4,Hepadnaviridae,3,HBV-genotype-B,1,5,4,data/reads_multi/Hepadnaviridae/HBV-genotype-B/isolate_5/rep4_1.fq,data/reads_multi/Hepadnaviridae/HBV-genotype-B/isolate_5/rep4_2.fq,0,train
Hepadnaviridae__HBV-genotype-B__isolate5__rep5,Hepadnaviridae,3,HBV-genotype-B,1,5,5,data/reads_multi/Hepadnaviridae/HBV-genotype-B/isolate_5/rep5_1.fq,data/reads_multi/Hepadnaviridae/HBV-genotype-B/isolate_5/rep5_2.fq,0,train
Hepadnaviridae__HBV-genotype-B__isolate6__rep0,Hepadnaviridae,3,HBV-genotype-B,1,6,0,data/reads_multi/Hepadnaviridae/HBV-genotype-B/isolate_6/rep0_1.fq,data/reads_multi/Hepadnaviridae/HBV-genotype-B/isolate_6/rep0_2.fq,1,test
Hepadnaviridae__HBV-genotype-B__isolate6__rep1,Hepadnaviridae,3,HBV-genotype-B,1,6,1,data/reads_multi/Hepadnaviridae/HBV-genotype-B/isolate_6/rep1_1.fq,data/reads_multi/Hepadnaviridae/HBV-genotype-B/isolate_6/rep1_2.fq,1,test
Hepadnaviridae__HBV-genotype-B__isolate6__rep2,Hepadnaviridae,3,HBV-genotype-B,1,6,2,data/reads_multi/Hepadnaviridae/HBV-genotype-B/isolate_6/rep2_1.fq,data/reads_multi/Hepadnaviridae/HBV-genotype-B/isolate_6/rep2_2.fq,1,test
Hepadnaviridae__HBV-genotype-B__isolate6__rep3,Hepadnaviridae,3,HBV-genotype-B,1,6,3,data/reads_multi/Hepadnaviridae/HBV-genotype-B/isolate_6/rep3_1.fq,data/reads_multi/Hepadnaviridae/HBV-genotype-B/isolate_6/rep3_2.fq,1,test
Hepadnaviridae__HBV-genotype-B__isolate6__rep4,Hepadnaviridae,3,HBV-genotype-B,1,6,4,data/reads_multi/Hepadnaviridae/HBV-genotype-B/isolate_6/rep4_1.fq,data/reads_multi/Hepadnaviridae/HBV-genotype-B/isolate_6/rep4_2.fq,1,test
Hepadnaviridae__HBV-genotype-B__isolate6__rep5,Hepadnaviridae,3,HBV-genotype-B,1,6,5,data/reads_multi/Hepadnaviridae/HBV-genotype-B/isolate_6/rep5_1.fq,data/reads_multi/Hepadnaviridae/HBV-genotype-B/isolate_6/rep5_2.fq,1,test
Hepadnaviridae__HBV-genotype-B__isolate7__rep0,Hepadnaviridae,3,HBV-genotype-B,1,7,0,data/reads_multi/Hepadnaviridae/HBV-genotype-B/isolate_7/rep0_1.fq,data/reads_multi/Hepadnaviridae/HBV-genotype-B/isolate_7/rep0_2.fq,2,val
Hepadnaviridae__HBV-genotype-B__isolate7__rep1,Hepadnaviridae,3,HBV-genotype-B,1,7,1,data/reads_multi/Hepadnaviridae/HBV-genotype-B/isolate_7/rep1_1.fq,data/reads_multi/Hepadnaviridae/HBV-genotype-B/isolate_7/rep1_2.fq,2,val
Hepadnaviridae__HBV-genotype-B__isolate7__rep2,Hepadnaviridae,3,HBV-genotype-B,1,7,2,data/reads_multi/Hepadnaviridae/HBV-genotype-B/isolate_7/rep2_1.fq,data/reads_multi/Hepadnaviridae/HBV-genotype-B/isolate_7/rep2_2.fq,2,val
Hepadnaviridae__HBV-genotype-B__isolate7__rep3,Hepadnaviridae,3,HBV-genotype-B,1,7,3,data/reads_multi/Hepadnaviridae/HBV-genotype-B/isolate_7/rep3_1.fq,data/reads_multi/Hepadnaviridae/HBV-genotype-B/isolate_7/rep3_2.fq,2,val
Hepadnaviridae__HBV-genotype-B__isolate7__rep4,Hepadnaviridae,3,HBV-genotype-B,1,7,4,data/reads_multi/Hepadnaviridae/HBV-genotype-B/isolate_7/rep4_1.fq,data/reads_multi/Hepadnaviridae/HBV-genotype-B/isolate_7/rep4_2.fq,2,val
Hepadnaviridae__HBV-genotype-B__isolate7__rep5,Hepadnaviridae,3,HBV-genotype-B,1,7,5,data/reads_multi/Hepadnaviridae/HBV-genotype-B/isolate_7/rep5_1.fq,data/reads_multi/Hepadnaviridae/HBV-genotype-B/isolate_7/rep5_2.fq,2,val
Hepadnaviridae__HBV-genotype-B__isolate8__rep0,Hepadnaviridae,3,HBV-genotype-B,1,8,0,data/reads_multi/Hepadnaviridae/HBV-genotype-B/isolate_8/rep0_1.fq,data/reads_multi/Hepadnaviridae/HBV-genotype-B/isolate_8/rep0_2.fq,3,train
Hepadnaviridae__HBV-genotype-B__isolate8__rep1,Hepadnaviridae,3,HBV-genotype-B,1,8,1,data/reads_multi/Hepadnaviridae/HBV-genotype-B/isolate_8/rep1_1.fq,data/reads_multi/Hepadnaviridae/HBV-genotype-B/isolate_8/rep1_2.fq,3,train
Hepadnaviridae__HBV-genotype-B__isolate8__rep2,Hepadnaviridae,3,HBV-genotype-B,1,8,2,data/reads_multi/Hepadnaviridae/HBV-genotype-B/isolate_8/rep2_1.fq,data/reads_multi/Hepadnaviridae/HBV-genotype-B/isolate_8/rep2_2.fq,3,train
Hepadnaviridae__HBV-genotype-B__isolate8__rep3,Hepadnaviridae,3,HBV-genotype-B,1,8,3,data/reads_multi/Hepadnaviridae/HBV-genotype-B/isolate_8/rep3_1.fq,data/reads_multi/Hepadnaviridae/HBV-genotype-B/isolate_8/rep3_2.fq,3,train
Hepadnaviridae__HBV-genotype-B__isolate8__rep4,Hepadnaviridae,3,HBV-genotype-B,1,8,4,data/reads_multi/Hepadnaviridae/HBV-genotype-B/isolate_8/rep4_1.fq,data/reads_multi/Hepadnaviridae/HBV-genotype-B/isolate_8/rep4_2.fq,3,train
Hepadnaviridae__HBV-genotype-B__isolate8__rep5,Hepadnaviridae,3,HBV-genotype-B,1,8,5,data/reads_multi/Hepadnaviridae/HBV-genotype-B/isolate_8/rep5_1.fq,data/reads_multi/Hepadnaviridae/HBV-genotype-B/isolate_8/rep5_2.fq,3,train
Hepadnaviridae__HBV-genotype-B__isolate9__rep0,Hepadnaviridae,3,HBV-genotype-B,1,9,0,data/reads_multi/Hepadnaviridae/HBV-genotype-B/isolate_9/rep0_1.fq,data/reads_multi/Hepadnaviridae/HBV-genotype-B/isolate_9/rep0_2.fq,4,train
Hepadnaviridae__HBV-genotype-B__isolate9__rep1,Hepadnaviridae,3,HBV-genotype-B,1,9,1,data/reads_multi/Hepadnaviridae/HBV-genotype-B/isolate_9/rep1_1.fq,data/reads_multi/Hepadnaviridae/HBV-genotype-B/isolate_9/rep1_2.fq,4,train
Hepadnaviridae__HBV-genotype-B__isolate9__rep2,Hepadnaviridae,3,HBV-genotype-B,1,9,2,data/reads_multi/Hepadnaviridae/HBV-genotype-B/isolate_9/rep2_1.fq,data/reads_multi/Hepadnaviridae/HBV-genotype-B/isolate_9/rep2_2.fq,4,train
Hepadnaviridae__HBV-genotype-B__isolate9__rep3,Hepadnaviridae,3,HBV-genotype-B,1,9,3,data/reads_multi/Hepadnaviridae/HBV-genotype-B/isolate_9/rep3_1.fq,data/reads_multi/Hepadnaviridae/HBV-genotype-B/isolate_9/rep3_2.fq,4,train
Hepadnaviridae__HBV-genotype-B__isolate9__rep4,Hepadnaviridae,3,HBV-genotype-B,1,9,4,data/reads_multi/Hepadnaviridae/HBV-genotype-B/isolate_9/rep4_1.fq,data/reads_multi/Hepadnaviridae/HBV-genotype-B/isolate_9/rep4_2.fq,4,train
Hepadnaviridae__HBV-genotype-B__isolate9__rep5,Hepadnaviridae,3,HBV-genotype-B,1,9,5,data/reads_multi/Hepadnaviridae/HBV-genotype-B/isolate_9/rep5_1.fq,data/reads_multi/Hepadnaviridae/HBV-genotype-B/isolate_9/rep5_2.fq,4,train
Hepadnaviridae__HBV-genotype-C__isolate0__rep0,Hepadnaviridae,3,HBV-genotype-C,2,0,0,data/reads_multi/Hepadnaviridae/HBV-genotype-C/isolate_0/rep0_1.fq,data/reads_multi/Hepadnaviridae/HBV-genotype-C/isolate_0/rep0_2.fq,0,train
Hepadnaviridae__HBV-genotype-C__isolate0__rep1,Hepadnaviridae,3,HBV-genotype-C,2,0,1,data/reads_multi/Hepadnaviridae/HBV-genotype-C/isolate_0/rep1_1.fq,data/reads_multi/Hepadnaviridae/HBV-genotype-C/isolate_0/rep1_2.fq,0,train
Hepadnaviridae__HBV-genotype-C__isolate0__rep2,Hepadnaviridae,3,HBV-genotype-C,2,0,2,data/reads_multi/Hepadnaviridae/HBV-genotype-C/isolate_0/rep2_1.fq,data/reads_multi/Hepadnaviridae/HBV-genotype-C/isolate_0/rep2_2.fq,0,train
Hepadnaviridae__HBV-genotype-C__isolate0__rep3,Hepadnaviridae,3,HBV-genotype-C,2,0,3,data/reads_multi/Hepadnaviridae/HBV-genotype-C/isolate_0/rep3_1.fq,data/reads_multi/Hepadnaviridae/HBV-genotype-C/isolate_0/rep3_2.fq,0,train
Hepadnaviridae__HBV-genotype-C__isolate0__rep4,Hepadnaviridae,3,HBV-genotype-C,2,0,4,data/reads_multi/Hepadnaviridae/HBV-genotype-C/isolate_0/rep4_1.fq,data/reads_multi/Hepadnaviridae/HBV-genotype-C/isolate_0/rep4_2.fq,0,train
Hepadnaviridae__HBV-genotype-C__isolate0__rep5,Hepadnaviridae,3,HBV-genotype-C,2,0,5,data/reads_multi/Hepadnaviridae/HBV-genotype-C/isolate_0/rep5_1.fq,data/reads_multi/Hepadnaviridae/HBV-genotype-C/isolate_0/rep5_2.fq,0,train
Hepadnaviridae__HBV-genotype-C__isolate1__rep0,Hepadnaviridae,3,HBV-genotype-C,2,1,0,data/reads_multi/Hepadnaviridae/HBV-genotype-C/isolate_1/rep0_1.fq,data/reads_multi/Hepadnaviridae/HBV-genotype-C/isolate_1/rep0_2.fq,1,test
Hepadnaviridae__HBV-genotype-C__isolate1__rep1,Hepadnaviridae,3,HBV-genotype-C,2,1,1,data/reads_multi/Hepadnaviridae/HBV-genotype-C/isolate_1/rep1_1.fq,data/reads_multi/Hepadnaviridae/HBV-genotype-C/isolate_1/rep1_2.fq,1,test
Hepadnaviridae__HBV-genotype-C__isolate1__rep2,Hepadnaviridae,3,HBV-genotype-C,2,1,2,data/reads_multi/Hepadnaviridae/HBV-genotype-C/isolate_1/rep2_1.fq,data/reads_multi/Hepadnaviridae/HBV-genotype-C/isolate_1/rep2_2.fq,1,test
Hepadnaviridae__HBV-genotype-C__isolate1__rep3,Hepadnaviridae,3,HBV-genotype-C,2,1,3,data/reads_multi/Hepadnaviridae/HBV-genotype-C/isolate_1/rep3_1.fq,data/reads_multi/Hepadnaviridae/HBV-genotype-C/isolate_1/rep3_2.fq,1,test
Hepadnaviridae__HBV-genotype-C__isolate1__rep4,Hepadnaviridae,3,HBV-genotype-C,2,1,4,data/reads_multi/Hepadnaviridae/HBV-genotype-C/isolate_1/rep4_1.fq,data/reads_multi/Hepadnaviridae/HBV-genotype-C/isolate_1/rep4_2.fq,1,test
Hepadnaviridae__HBV-genotype-C__isolate1__rep5,Hepadnaviridae,3,HBV-genotype-C,2,1,5,data/reads_multi/Hepadnaviridae/HBV-genotype-C/isolate_1/rep5_1.fq,data/reads_multi/Hepadnaviridae/HBV-genotype-C/isolate_1/rep5_2.fq,1,test
Hepadnaviridae__HBV-genotype-C__isolate2__rep0,Hepadnaviridae,3,HBV-genotype-C,2,2,0,data/reads_multi/Hepadnaviridae/HBV-genotype-C/isolate_2/rep0_1.fq,data/reads_multi/Hepadnaviridae/HBV-genotype-C/isolate_2/rep0_2.fq,2,val
Hepadnaviridae__HBV-genotype-C__isolate2__rep1,Hepadnaviridae,3,HBV-genotype-C,2,2,1,data/reads_multi/Hepadnaviridae/HBV-genotype-C/isolate_2/rep1_1.fq,data/reads_multi/Hepadnaviridae/HBV-genotype-C/isolate_2/rep1_2.fq,2,val
Hepadnaviridae__HBV-genotype-C__isolate2__rep2,Hepadnaviridae,3,HBV-genotype-C,2,2,2,data/reads_multi/Hepadnaviridae/HBV-genotype-C/isolate_2/rep2_1.fq,data/reads_multi/Hepadnaviridae/HBV-genotype-C/isolate_2/rep2_2.fq,2,val
Hepadnaviridae__HBV-genotype-C__isolate2__rep3,Hepadnaviridae,3,HBV-genotype-C,2,2,3,data/reads_multi/Hepadnaviridae/HBV-genotype-C/isolate_2/rep3_1.fq,data/reads_multi/Hepadnaviridae/HBV-genotype-C/isolate_2/rep3_2.fq,2,val
Hepadnaviridae__HBV-genotype-C__isolate2__rep4,Hepadnaviridae,3,HBV-genotype-C,2,2,4,data/reads_multi/Hepadnaviridae/HBV-genotype-C/isolate_2/rep4_1.fq,data/reads_multi/Hepadnaviridae/HBV-genotype-C/isolate_2/rep4_2.fq,2,val
Hepadnaviridae__HBV-genotype-C__isolate2__rep5,Hepadnaviridae,3,HBV-genotype-C,2,2,5,data/reads_multi/Hepadnaviridae/HBV-genotype-C/isolate_2/rep5_1.fq,data/reads_multi/Hepadnaviridae/HBV-genotype-C/isolate_2/rep5_2.fq,2,val
Hepadnaviridae__HBV-genotype-C__isolate3__rep0,Hepadnaviridae,3,HBV-genotype-C,2,3,0,data/reads_multi/Hepadnaviridae/HBV-genotype-C/isolate_3/rep0_1.fq,data/reads_multi/Hepadnaviridae/HBV-genotype-C/isolate_3/rep0_2.fq,3,train
Hepadnaviridae__HBV-genotype-C__isolate3__rep1,Hepadnaviridae,3,HBV-genotype-C,2,3,1,data/reads_multi/Hepadnaviridae/HBV-genotype-C/isolate_3/rep1_1.fq,data/reads_multi/Hepadnaviridae/HBV-genotype-C/isolate_3/rep1_2.fq,3,train
Hepadnaviridae__HBV-genotype-C__isolate3__rep2,Hepadnaviridae,3,HBV-genotype-C,2,3,2,data/reads_multi/Hepadnaviridae/HBV-genotype-C/isolate_3/rep2_1.fq,data/reads_multi/Hepadnaviridae/HBV-genotype-C/isolate_3/rep2_2.fq,3,train
Hepadnaviridae__HBV-genotype-C__isolate3__rep3,Hepadnaviridae,3,HBV-genotype-C,2,3,3,data/reads_multi/Hepadnaviridae/HBV-genotype-C/isolate_3/rep3_1.fq,data/reads_multi/Hepadnaviridae/HBV-genotype-C/isolate_3/rep3_2.fq,3,train
Hepadnaviridae__HBV-genotype-C__isolate3__rep4,Hepadnaviridae,3,HBV-genotype-C,2,3,4,data/reads_multi/Hepadnaviridae/HBV-genotype-C/isolate_3/rep4_1.fq,data/reads_multi/Hepadnaviridae/HBV-genotype-C/isolate_3/rep4_2.fq,3,train
Hepadnaviridae__HBV-genotype-C__isolate3__rep5,Hepadnaviridae,3,HBV-genotype-C,2,3,5,data/reads_multi/Hepadnaviridae/HBV-genotype-C/isolate_3/rep5_1.fq,data/reads_multi/Hepadnaviridae/HBV-genotype-C/isolate_3/rep5_2.fq,3,train
Hepadnaviridae__HBV-genotype-C__isolate4__rep0,Hepadnaviridae,3,HBV-genotype-C,2,4,0,data/reads_multi/Hepadnaviridae/HBV-genotype-C/isolate_4/rep0_1.fq,data/reads_multi/Hepadnaviridae/HBV-genotype-C/isolate_4/rep0_2.fq,4,train
Hepadnaviridae__HBV-genotype-C__isolate4__rep1,Hepadnaviridae,3,HBV-genotype-C,2,4,1,data/reads_multi/Hepadnaviridae/HBV-genotype-C/isolate_4/rep1_1.fq,data/reads_multi/Hepadnaviridae/HBV-genotype-C/isolate_4/rep1_2.fq,4,train
Hepadnaviridae__HBV-genotype-C__isolate4__rep2,Hepadnaviridae,3,HBV-genotype-C,2,4,2,data/reads_multi/Hepadnaviridae/HBV-genotype-C/isolate_4/rep2_1.fq,data/reads_multi/Hepadnaviridae/HBV-genotype-C/isolate_4/rep2_2.fq,4,train
Hepadnaviridae__HBV-genotype-C__isolate4__rep3,Hepadnaviridae,3,HBV-genotype-C,2,4,3,data/reads_multi/Hepadnaviridae/HBV-genotype-C/isolate_4/rep3_1.fq,data/reads_multi/Hepadnaviridae/HBV-genotype-C/isolate_4/rep3_2.fq,4,train
Hepadnaviridae__HBV-genotype-C__isolate4__rep4,Hepadnaviridae,3,HBV-genotype-C,2,4,4,data/reads_multi/Hepadnaviridae/HBV-genotype-C/isolate_4/rep4_1.fq,data/reads_multi/Hepadnaviridae/HBV-genotype-C/isolate_4/rep4_2.fq,4,train
Hepadnaviridae__HBV-genotype-C__isolate4__rep5,Hepadnaviridae,3,HBV-genotype-C,2,4,5,data/reads_multi/Hepadnaviridae/HBV-genotype-C/isolate_4/rep5_1.fq,data/reads_multi/Hepadnaviridae/HBV-genotype-C/isolate_4/rep5_2.fq,4,train
Hepadnaviridae__HBV-genotype-C__isolate5__rep0,Hepadnaviridae,3,HBV-genotype-C,2,5,0,data/reads_multi/Hepadnaviridae/HBV-genotype-C/isolate_5/rep0_1.fq,data/reads_multi/Hepadnaviridae/HBV-genotype-C/isolate_5/rep0_2.fq,0,train
Hepadnaviridae__HBV-genotype-C__isolate5__rep1,Hepadnaviridae,3,HBV-genotype-C,2,5,1,data/reads_multi/Hepadnaviridae/HBV-genotype-C/isolate_5/rep1_1.fq,data/reads_multi/Hepadnaviridae/HBV-genotype-C/isolate_5/rep1_2.fq,0,train
Hepadnaviridae__HBV-genotype-C__isolate5__rep2,Hepadnaviridae,3,HBV-genotype-C,2,5,2,data/reads_multi/Hepadnaviridae/HBV-genotype-C/isolate_5/rep2_1.fq,data/reads_multi/Hepadnaviridae/HBV-genotype-C/isolate_5/rep2_2.fq,0,train
Hepadnaviridae__HBV-genotype-C__isolate5__rep3,Hepadnaviridae,3,HBV-genotype-C,2,5,3,data/reads_multi/Hepadnaviridae/HBV-genotype-C/isolate_5/rep3_1.fq,data/reads_multi/Hepadnaviridae/HBV-genotype-C/isolate_5/rep3_2.fq,0,train
Hepadnaviridae__HBV-genotype-C__isolate5__rep4,Hepadnaviridae,3,HBV-genotype-C,2,5,4,data/reads_multi/Hepadnaviridae/HBV-genotype-C/isolate_5/rep4_1.fq,data/reads_multi/Hepadnaviridae/HBV-genotype-C/isolate_5/rep4_2.fq,0,train
Hepadnaviridae__HBV-genotype-C__isolate5__rep5,Hepadnaviridae,3,HBV-genotype-C,2,5,5,data/reads_multi/Hepadnaviridae/HBV-genotype-C/isolate_5/rep5_1.fq,data/reads_multi/Hepadnaviridae/HBV-genotype-C/isolate_5/rep5_2.fq,0,train
Hepadnaviridae__HBV-genotype-C__isolate6__rep0,Hepadnaviridae,3,HBV-genotype-C,2,6,0,data/reads_multi/Hepadnaviridae/HBV-genotype-C/isolate_6/rep0_1.fq,data/reads_multi/Hepadnaviridae/HBV-genotype-C/isolate_6/rep0_2.fq,1,test
Hepadnaviridae__HBV-genotype-C__isolate6__rep1,Hepadnaviridae,3,HBV-genotype-C,2,6,1,data/reads_multi/Hepadnaviridae/HBV-genotype-C/isolate_6/rep1_1.fq,data/reads_multi/Hepadnaviridae/HBV-genotype-C/isolate_6/rep1_2.fq,1,test
Hepadnaviridae__HBV-genotype-C__isolate6__rep2,Hepadnaviridae,3,HBV-genotype-C,2,6,2,data/reads_multi/Hepadnaviridae/HBV-genotype-C/isolate_6/rep2_1.fq,data/reads_multi/Hepadnaviridae/HBV-genotype-C/isolate_6/rep2_2.fq,1,test
Hepadnaviridae__HBV-genotype-C__isolate6__rep3,Hepadnaviridae,3,HBV-genotype-C,2,6,3,data/reads_multi/Hepadnaviridae/HBV-genotype-C/isolate_6/rep3_1.fq,data/reads_multi/Hepadnaviridae/HBV-genotype-C/isolate_6/rep3_2.fq,1,test
Hepadnaviridae__HBV-genotype-C__isolate6__rep4,Hepadnaviridae,3,HBV-genotype-C,2,6,4,data/reads_multi/Hepadnaviridae/HBV-genotype-C/isolate_6/rep4_1.fq,data/reads_multi/Hepadnaviridae/HBV-genotype-C/isolate_6/rep4_2.fq,1,test
Hepadnaviridae__HBV-genotype-C__isolate6__rep5,Hepadnaviridae,3,HBV-genotype-C,2,6,5,data/reads_multi/Hepadnaviridae/HBV-genotype-C/isolate_6/rep5_1.fq,data/reads_multi/Hepadnaviridae/HBV-genotype-C/isolate_6/rep5_2.fq,1,test
Hepadnaviridae__HBV-genotype-C__isolate7__rep0,Hepadnaviridae,3,HBV-genotype-C,2,7,0,data/reads_multi/Hepadnaviridae/HBV-genotype-C/isolate_7/rep0_1.fq,data/reads_multi/Hepadnaviridae/HBV-genotype-C/isolate_7/rep0_2.fq,2,val
Hepadnaviridae__HBV-genotype-C__isolate7__rep1,Hepadnaviridae,3,HBV-genotype-C,2,7,1,data/reads_multi/Hepadnaviridae/HBV-genotype-C/isolate_7/rep1_1.fq,data/reads_multi/Hepadnaviridae/HBV-genotype-C/isolate_7/rep1_2.fq,2,val
Hepadnaviridae__HBV-genotype-C__isolate7__rep2,Hepadnaviridae,3,HBV-genotype-C,2,7,2,data/reads_multi/Hepadnaviridae/HBV-genotype-C/isolate_7/rep2_1.fq,data/reads_multi/Hepadnaviridae/HBV-genotype-C/isolate_7/rep2_2.fq,2,val
Hepadnaviridae__HBV-genotype-C__isolate7__rep3,Hepadnaviridae,3,HBV-genotype-C,2,7,3,data/reads_multi/Hepadnaviridae/HBV-genotype-C/isolate_7/rep3_1.fq,data/reads_multi/Hepadnaviridae/HBV-genotype-C/isolate_7/rep3_2.fq,2,val
Hepadnaviridae__HBV-genotype-C__isolate7__rep4,Hepadnaviridae,3,HBV-genotype-C,2,7,4,data/reads_multi/Hepadnaviridae/HBV-genotype-C/isolate_7/rep4_1.fq,data/reads_multi/Hepadnaviridae/HBV-genotype-C/isolate_7/rep4_2.fq,2,val
Hepadnaviridae__HBV-genotype-C__isolate7__rep5,Hepadnaviridae,3,HBV-genotype-C,2,7,5,data/reads_multi/Hepadnaviridae/HBV-genotype-C/isolate_7/rep5_1.fq,data/reads_multi/Hepadnaviridae/HBV-genotype-C/isolate_7/rep5_2.fq,2,val
Hepadnaviridae__HBV-genotype-C__isolate8__rep0,Hepadnaviridae,3,HBV-genotype-C,2,8,0,data/reads_multi/Hepadnaviridae/HBV-genotype-C/isolate_8/rep0_1.fq,data/reads_multi/Hepadnaviridae/HBV-genotype-C/isolate_8/rep0_2.fq,3,train
Hepadnaviridae__HBV-genotype-C__isolate8__rep1,Hepadnaviridae,3,HBV-genotype-C,2,8,1,data/reads_multi/Hepadnaviridae/HBV-genotype-C/isolate_8/rep1_1.fq,data/reads_multi/Hepadnaviridae/HBV-genotype-C/isolate_8/rep1_2.fq,3,train
Hepadnaviridae__HBV-genotype-C__isolate8__rep2,Hepadnaviridae,3,HBV-genotype-C,2,8,2,data/reads_multi/Hepadnaviridae/HBV-genotype-C/isolate_8/rep2_1.fq,data/reads_multi/Hepadnaviridae/HBV-genotype-C/isolate_8/rep2_2.fq,3,train
Hepadnaviridae__HBV-genotype-C__isolate8__rep3,Hepadnaviridae,3,HBV-genotype-C,2,8,3,data/reads_multi/Hepadnaviridae/HBV-genotype-C/isolate_8/rep3_1.fq,data/reads_multi/Hepadnaviridae/HBV-genotype-C/isolate_8/rep3_2.fq,3,train
Hepadnaviridae__HBV-genotype-C__isolate8__rep4,Hepadnaviridae,3,HBV-genotype-C,2,8,4,data/reads_multi/Hepadnaviridae/HBV-genotype-C/isolate_8/rep4_1.fq,data/reads_multi/Hepadnaviridae/HBV-genotype-C/isolate_8/rep4_2.fq,3,train
Hepadnaviridae__HBV-genotype-C__isolate8__rep5,Hepadnaviridae,3,HBV-genotype-C,2,8,5,data/reads_multi/Hepadnaviridae/HBV-genotype-C/isolate_8/rep5_1.fq,data/reads_multi/Hepadnaviridae/HBV-genotype-C/isolate_8/rep5_2.fq,3,train
Hepadnaviridae__HBV-genotype-C__isolate9__rep0,Hepadnaviridae,3,HBV-genotype-C,2,9,0,data/reads_multi/Hepadnaviridae/HBV-genotype-C/isolate_9/rep0_1.fq,data/reads_multi/Hepadnaviridae/HBV-genotype-C/isolate_9/rep0_2.fq,4,train
Hepadnaviridae__HBV-genotype-C__isolate9__rep1,Hepadnaviridae,3,HBV-genotype-C,2,9,1,data/reads_multi/Hepadnaviridae/HBV-genotype-C/isolate_9/rep1_1.fq,data/reads_multi/Hepadnaviridae/HBV-genotype-C/isolate_9/rep1_2.fq,4,train
Hepadnaviridae__HBV-genotype-C__isolate9__rep2,Hepadnaviridae,3,HBV-genotype-C,2,9,2,data/reads_multi/Hepadnaviridae/HBV-genotype-C/isolate_9/rep2_1.fq,data/reads_multi/Hepadnaviridae/HBV-genotype-C/isolate_9/rep2_2.fq,4,train
Hepadnaviridae__HBV-genotype-C__isolate9__rep3,Hepadnaviridae,3,HBV-genotype-C,2,9,3,data/reads_multi/Hepadnaviridae/HBV-genotype-C/isolate_9/rep3_1.fq,data/reads_multi/Hepadnaviridae/HBV-genotype-C/isolate_9/rep3_2.fq,4,train
Hepadnaviridae__HBV-genotype-C__isolate9__rep4,Hepadnaviridae,3,HBV-genotype-C,2,9,4,data/reads_multi/Hepadnaviridae/HBV-genotype-C/isolate_9/rep4_1.fq,data/reads_multi/Hepadnaviridae/HBV-genotype-C/isolate_9/rep4_2.fq,4,train
Hepadnaviridae__HBV-genotype-C__isolate9__rep5,Hepadnaviridae,3,HBV-genotype-C,2,9,5,data/reads_multi/Hepadnaviridae/HBV-genotype-C/isolate_9/rep5_1.fq,data/reads_multi/Hepadnaviridae/HBV-genotype-C/isolate_9/rep5_2.fq,4,train
Hepadnaviridae__HBV-genotype-D__isolate0__rep0,Hepadnaviridae,3,HBV-genotype-D,3,0,0,data/reads_multi/Hepadnaviridae/HBV-genotype-D/isolate_0/rep0_1.fq,data/reads_multi/Hepadnaviridae/HBV-genotype-D/isolate_0/rep0_2.fq,0,train
Hepadnaviridae__HBV-genotype-D__isolate0__rep1,Hepadnaviridae,3,HBV-genotype-D,3,0,1,data/reads_multi/Hepadnaviridae/HBV-genotype-D/isolate_0/rep1_1.fq,data/reads_multi/Hepadnaviridae/HBV-genotype-D/isolate_0/rep1_2.fq,0,train
Hepadnaviridae__HBV-genotype-D__isolate0__rep2,Hepadnaviridae,3,HBV-genotype-D,3,0,2,data/reads_multi/Hepadnaviridae/HBV-genotype-D/isolate_0/rep2_1.fq,data/reads_multi/Hepadnaviridae/HBV-genotype-D/isolate_0/rep2_2.fq,0,train
Hepadnaviridae__HBV-genotype-D__isolate0__rep3,Hepadnaviridae,3,HBV-genotype-D,3,0,3,data/reads_multi/Hepadnaviridae/HBV-genotype-D/isolate_0/rep3_1.fq,data/reads_multi/Hepadnaviridae/HBV-genotype-D/isolate_0/rep3_2.fq,0,train
Hepadnaviridae__HBV-genotype-D__isolate0__rep4,Hepadnaviridae,3,HBV-genotype-D,3,0,4,data/reads_multi/Hepadnaviridae/HBV-genotype-D/isolate_0/rep4_1.fq,data/reads_multi/Hepadnaviridae/HBV-genotype-D/isolate_0/rep4_2.fq,0,train
Hepadnaviridae__HBV-genotype-D__isolate0__rep5,Hepadnaviridae,3,HBV-genotype-D,3,0,5,data/reads_multi/Hepadnaviridae/HBV-genotype-D/isolate_0/rep5_1.fq,data/reads_multi/Hepadnaviridae/HBV-genotype-D/isolate_0/rep5_2.fq,0,train
Hepadnaviridae__HBV-genotype-D__isolate1__rep0,Hepadnaviridae,3,HBV-genotype-D,3,1,0,data/reads_multi/Hepadnaviridae/HBV-genotype-D/isolate_1/rep0_1.fq,data/reads_multi/Hepadnaviridae/HBV-genotype-D/isolate_1/rep0_2.fq,1,test
Hepadnaviridae__HBV-genotype-D__isolate1__rep1,Hepadnaviridae,3,HBV-genotype-D,3,1,1,data/reads_multi/Hepadnaviridae/HBV-genotype-D/isolate_1/rep1_1.fq,data/reads_multi/Hepadnaviridae/HBV-genotype-D/isolate_1/rep1_2.fq,1,test
Hepadnaviridae__HBV-genotype-D__isolate1__rep2,Hepadnaviridae,3,HBV-genotype-D,3,1,2,data/reads_multi/Hepadnaviridae/HBV-genotype-D/isolate_1/rep2_1.fq,data/reads_multi/Hepadnaviridae/HBV-genotype-D/isolate_1/rep2_2.fq,1,test
Hepadnaviridae__HBV-genotype-D__isolate1__rep3,Hepadnaviridae,3,HBV-genotype-D,3,1,3,data/reads_multi/Hepadnaviridae/HBV-genotype-D/isolate_1/rep3_1.fq,data/reads_multi/Hepadnaviridae/HBV-genotype-D/isolate_1/rep3_2.fq,1,test
Hepadnaviridae__HBV-genotype-D__isolate1__rep4,Hepadnaviridae,3,HBV-genotype-D,3,1,4,data/reads_multi/Hepadnaviridae/HBV-genotype-D/isolate_1/rep4_1.fq,data/reads_multi/Hepadnaviridae/HBV-genotype-D/isolate_1/rep4_2.fq,1,test
Hepadnaviridae__HBV-genotype-D__isolate1__rep5,Hepadnaviridae,3,HBV-genotype-D,3,1,5,data/reads_multi/Hepadnaviridae/HBV-genotype-D/isolate_1/rep5_1.fq,data/reads_multi/Hepadnaviridae/HBV-genotype-D/isolate_1/rep5_2.fq,1,test
Hepadnaviridae__HBV-genotype-D__isolate2__rep0,Hepadnaviridae,3,HBV-genotype-D,3,2,0,data/reads_multi/Hepadnaviridae/HBV-genotype-D/isolate_2/rep0_1.fq,data/reads_multi/Hepadnaviridae/HBV-genotype-D/isolate_2/rep0_2.fq,2,val
Hepadnaviridae__HBV-genotype-D__isolate2__rep1,Hepadnaviridae,3,HBV-genotype-D,3,2,1,data/reads_multi/Hepadnaviridae/HBV-genotype-D/isolate_2/rep1_1.fq,data/reads_multi/Hepadnaviridae/HBV-genotype-D/isolate_2/rep1_2.fq,2,val
Hepadnaviridae__HBV-genotype-D__isolate2__rep2,Hepadnaviridae,3,HBV-genotype-D,3,2,2,data/reads_multi/Hepadnaviridae/HBV-genotype-D/isolate_2/rep2_1.fq,data/reads_multi/Hepadnaviridae/HBV-genotype-D/isolate_2/rep2_2.fq,2,val
Hepadnaviridae__HBV-genotype-D__isolate2__rep3,Hepadnaviridae,3,HBV-genotype-D,3,2,3,data/reads_multi/Hepadnaviridae/HBV-genotype-D/isolate_2/rep3_1.fq,data/reads_multi/Hepadnaviridae/HBV-genotype-D/isolate_2/rep3_2.fq,2,val
Hepadnaviridae__HBV-genotype-D__isolate2__rep4,Hepadnaviridae,3,HBV-genotype-D,3,2,4,data/reads_multi/Hepadnaviridae/HBV-genotype-D/isolate_2/rep4_1.fq,data/reads_multi/Hepadnaviridae/HBV-genotype-D/isolate_2/rep4_2.fq,2,val
Hepadnaviridae__HBV-genotype-D__isolate2__rep5,Hepadnaviridae,3,HBV-genotype-D,3,2,5,data/reads_multi/Hepadnaviridae/HBV-genotype-D/isolate_2/rep5_1.fq,data/reads_multi/Hepadnaviridae/HBV-genotype-D/isolate_2/rep5_2.fq,2,val
Hepadnaviridae__HBV-genotype-D__isolate3__rep0,Hepadnaviridae,3,HBV-genotype-D,3,3,0,data/reads_multi/Hepadnaviridae/HBV-genotype-D/isolate_3/rep0_1.fq,data/reads_multi/Hepadnaviridae/HBV-genotype-D/isolate_3/rep0_2.fq,3,train
Hepadnaviridae__HBV-genotype-D__isolate3__rep1,Hepadnaviridae,3,HBV-genotype-D,3,3,1,data/reads_multi/Hepadnaviridae/HBV-genotype-D/isolate_3/rep1_1.fq,data/reads_multi/Hepadnaviridae/HBV-genotype-D/isolate_3/rep1_2.fq,3,train
Hepadnaviridae__HBV-genotype-D__isolate3__rep2,Hepadnaviridae,3,HBV-genotype-D,3,3,2,data/reads_multi/Hepadnaviridae/HBV-genotype-D/isolate_3/rep2_1.fq,data/reads_multi/Hepadnaviridae/HBV-genotype-D/isolate_3/rep2_2.fq,3,train
Hepadnaviridae__HBV-genotype-D__isolate3__rep3,Hepadnaviridae,3,HBV-genotype-D,3,3,3,data/reads_multi/Hepadnaviridae/HBV-genotype-D/isolate_3/rep3_1.fq,data/reads_multi/Hepadnaviridae/HBV-genotype-D/isolate_3/rep3_2.fq,3,train
Hepadnaviridae__HBV-genotype-D__isolate3__rep4,Hepadnaviridae,3,HBV-genotype-D,3,3,4,data/reads_multi/Hepadnaviridae/HBV-genotype-D/isolate_3/rep4_1.fq,data/reads_multi/Hepadnaviridae/HBV-genotype-D/isolate_3/rep4_2.fq,3,train
Hepadnaviridae__HBV-genotype-D__isolate3__rep5,Hepadnaviridae,3,HBV-genotype-D,3,3,5,data/reads_multi/Hepadnaviridae/HBV-genotype-D/isolate_3/rep5_1.fq,data/reads_multi/Hepadnaviridae/HBV-genotype-D/isolate_3/rep5_2.fq,3,train
Hepadnaviridae__HBV-genotype-D__isolate4__rep0,Hepadnaviridae,3,HBV-genotype-D,3,4,0,data/reads_multi/Hepadnaviridae/HBV-genotype-D/isolate_4/rep0_1.fq,data/reads_multi/Hepadnaviridae/HBV-genotype-D/isolate_4/rep0_2.fq,4,train
Hepadnaviridae__HBV-genotype-D__isolate4__rep1,Hepadnaviridae,3,HBV-genotype-D,3,4,1,data/reads_multi/Hepadnaviridae/HBV-genotype-D/isolate_4/rep1_1.fq,data/reads_multi/Hepadnaviridae/HBV-genotype-D/isolate_4/rep1_2.fq,4,train
Hepadnaviridae__HBV-genotype-D__isolate4__rep2,Hepadnaviridae,3,HBV-genotype-D,3,4,2,data/reads_multi/Hepadnaviridae/HBV-genotype-D/isolate_4/rep2_1.fq,data/reads_multi/Hepadnaviridae/HBV-genotype-D/isolate_4/rep2_2.fq,4,train
Hepadnaviridae__HBV-genotype-D__isolate4__rep3,Hepadnaviridae,3,HBV-genotype-D,3,4,3,data/reads_multi/Hepadnaviridae/HBV-genotype-D/isolate_4/rep3_1.fq,data/reads_multi/Hepadnaviridae/HBV-genotype-D/isolate_4/rep3_2.fq,4,train
Hepadnaviridae__HBV-genotype-D__isolate4__rep4,Hepadnaviridae,3,HBV-genotype-D,3,4,4,data/reads_multi/Hepadnaviridae/HBV-genotype-D/isolate_4/rep4_1.fq,data/reads_multi/Hepadnaviridae/HBV-genotype-D/isolate_4/rep4_2.fq,4,train
Hepadnaviridae__HBV-genotype-D__isolate4__rep5,Hepadnaviridae,3,HBV-genotype-D,3,4,5,data/reads_multi/Hepadnaviridae/HBV-genotype-D/isolate_4/rep5_1.fq,data/reads_multi/Hepadnaviridae/HBV-genotype-D/isolate_4/rep5_2.fq,4,train
Hepadnaviridae__HBV-genotype-D__isolate5__rep0,Hepadnaviridae,3,HBV-genotype-D,3,5,0,data/reads_multi/Hepadnaviridae/HBV-genotype-D/isolate_5/rep0_1.fq,data/reads_multi/Hepadnaviridae/HBV-genotype-D/isolate_5/rep0_2.fq,0,train
Hepadnaviridae__HBV-genotype-D__isolate5__rep1,Hepadnaviridae,3,HBV-genotype-D,3,5,1,data/reads_multi/Hepadnaviridae/HBV-genotype-D/isolate_5/rep1_1.fq,data/reads_multi/Hepadnaviridae/HBV-genotype-D/isolate_5/rep1_2.fq,0,train
Hepadnaviridae__HBV-genotype-D__isolate5__rep2,Hepadnaviridae,3,HBV-genotype-D,3,5,2,data/reads_multi/Hepadnaviridae/HBV-genotype-D/isolate_5/rep2_1.fq,data/reads_multi/Hepadnaviridae/HBV-genotype-D/isolate_5/rep2_2.fq,0,train
Hepadnaviridae__HBV-genotype-D__isolate5__rep3,Hepadnaviridae,3,HBV-genotype-D,3,5,3,data/reads_multi/Hepadnaviridae/HBV-genotype-D/isolate_5/rep3_1.fq,data/reads_multi/Hepadnaviridae/HBV-genotype-D/isolate_5/rep3_2.fq,0,train
Hepadnaviridae__HBV-genotype-D__isolate5__rep4,Hepadnaviridae,3,HBV-genotype-D,3,5,4,data/reads_multi/Hepadnaviridae/HBV-genotype-D/isolate_5/rep4_1.fq,data/reads_multi/Hepadnaviridae/HBV-genotype-D/isolate_5/rep4_2.fq,0,train
Hepadnaviridae__HBV-genotype-D__isolate5__rep5,Hepadnaviridae,3,HBV-genotype-D,3,5,5,data/reads_multi/Hepadnaviridae/HBV-genotype-D/isolate_5/rep5_1.fq,data/reads_multi/Hepadnaviridae/HBV-genotype-D/isolate_5/rep5_2.fq,0,train
Hepadnaviridae__HBV-genotype-D__isolate6__rep0,Hepadnaviridae,3,HBV-genotype-D,3,6,0,data/reads_multi/Hepadnaviridae/HBV-genotype-D/isolate_6/rep0_1.fq,data/reads_multi/Hepadnaviridae/HBV-genotype-D/isolate_6/rep0_2.fq,1,test
Hepadnaviridae__HBV-genotype-D__isolate6__rep1,Hepadnaviridae,3,HBV-genotype-D,3,6,1,data/reads_multi/Hepadnaviridae/HBV-genotype-D/isolate_6/rep1_1.fq,data/reads_multi/Hepadnaviridae/HBV-genotype-D/isolate_6/rep1_2.fq,1,test
Hepadnaviridae__HBV-genotype-D__isolate6__rep2,Hepadnaviridae,3,HBV-genotype-D,3,6,2,data/reads_multi/Hepadnaviridae/HBV-genotype-D/isolate_6/rep2_1.fq,data/reads_multi/Hepadnaviridae/HBV-genotype-D/isolate_6/rep2_2.fq,1,test
Hepadnaviridae__HBV-genotype-D__isolate6__rep3,Hepadnaviridae,3,HBV-genotype-D,3,6,3,data/reads_multi/Hepadnaviridae/HBV-genotype-D/isolate_6/rep3_1.fq,data/reads_multi/Hepadnaviridae/HBV-genotype-D/isolate_6/rep3_2.fq,1,test
Hepadnaviridae__HBV-genotype-D__isolate6__rep4,Hepadnaviridae,3,HBV-genotype-D,3,6,4,data/reads_multi/Hepadnaviridae/HBV-genotype-D/isolate_6/rep4_1.fq,data/reads_multi/Hepadnaviridae/HBV-genotype-D/isolate_6/rep4_2.fq,1,test
Hepadnaviridae__HBV-genotype-D__isolate6__rep5,Hepadnaviridae,3,HBV-genotype-D,3,6,5,data/reads_multi/Hepadnaviridae/HBV-genotype-D/isolate_6/rep5_1.fq,data/reads_multi/Hepadnaviridae/HBV-genotype-D/isolate_6/rep5_2.fq,1,test
Hepadnaviridae__HBV-genotype-D__isolate7__rep0,Hepadnaviridae,3,HBV-genotype-D,3,7,0,data/reads_multi/Hepadnaviridae/HBV-genotype-D/isolate_7/rep0_1.fq,data/reads_multi/Hepadnaviridae/HBV-genotype-D/isolate_7/rep0_2.fq,2,val
Hepadnaviridae__HBV-genotype-D__isolate7__rep1,Hepadnaviridae,3,HBV-genotype-D,3,7,1,data/reads_multi/Hepadnaviridae/HBV-genotype-D/isolate_7/rep1_1.fq,data/reads_multi/Hepadnaviridae/HBV-genotype-D/isolate_7/rep1_2.fq,2,val
Hepadnaviridae__HBV-genotype-D__isolate7__rep2,Hepadnaviridae,3,HBV-genotype-D,3,7,2,data/reads_multi/Hepadnaviridae/HBV-genotype-D/isolate_7/rep2_1.fq,data/reads_multi/Hepadnaviridae/HBV-genotype-D/isolate_7/rep2_2.fq,2,val
Hepadnaviridae__HBV-genotype-D__isolate7__rep3,Hepadnaviridae,3,HBV-genotype-D,3,7,3,data/reads_multi/Hepadnaviridae/HBV-genotype-D/isolate_7/rep3_1.fq,data/reads_multi/Hepadnaviridae/HBV-genotype-D/isolate_7/rep3_2.fq,2,val
Hepadnaviridae__HBV-genotype-D__isolate7__rep4,Hepadnaviridae,3,HBV-genotype-D,3,7,4,data/reads_multi/Hepadnaviridae/HBV-genotype-D/isolate_7/rep4_1.fq,data/reads_multi/Hepadnaviridae/HBV-genotype-D/isolate_7/rep4_2.fq,2,val
Hepadnaviridae__HBV-genotype-D__isolate7__rep5,Hepadnaviridae,3,HBV-genotype-D,3,7,5,data/reads_multi/Hepadnaviridae/HBV-genotype-D/isolate_7/rep5_1.fq,data/reads_multi/Hepadnaviridae/HBV-genotype-D/isolate_7/rep5_2.fq,2,val
Hepadnaviridae__HBV-genotype-D__isolate8__rep0,Hepadnaviridae,3,HBV-genotype-D,3,8,0,data/reads_multi/Hepadnaviridae/HBV-genotype-D/isolate_8/rep0_1.fq,data/reads_multi/Hepadnaviridae/HBV-genotype-D/isolate_8/rep0_2.fq,3,train
Hepadnaviridae__HBV-genotype-D__isolate8__rep1,Hepadnaviridae,3,HBV-genotype-D,3,8,1,data/reads_multi/Hepadnaviridae/HBV-genotype-D/isolate_8/rep1_1.fq,data/reads_multi/Hepadnaviridae/HBV-genotype-D/isolate_8/rep1_2.fq,3,train
Hepadnaviridae__HBV-genotype-D__isolate8__rep2,Hepadnaviridae,3,HBV-genotype-D,3,8,2,data/reads_multi/Hepadnaviridae/HBV-genotype-D/isolate_8/rep2_1.fq,data/reads_multi/Hepadnaviridae/HBV-genotype-D/isolate_8/rep2_2.fq,3,train
Hepadnaviridae__HBV-genotype-D__isolate8__rep3,Hepadnaviridae,3,HBV-genotype-D,3,8,3,data/reads_multi/Hepadnaviridae/HBV-genotype-D/isolate_8/rep3_1.fq,data/reads_multi/Hepadnaviridae/HBV-genotype-D/isolate_8/rep3_2.fq,3,train
Hepadnaviridae__HBV-genotype-D__isolate8__rep4,Hepadnaviridae,3,HBV-genotype-D,3,8,4,data/reads_multi/Hepadnaviridae/HBV-genotype-D/isolate_8/rep4_1.fq,data/reads_multi/Hepadnaviridae/HBV-genotype-D/isolate_8/rep4_2.fq,3,train
Hepadnaviridae__HBV-genotype-D__isolate8__rep5,Hepadnaviridae,3,HBV-genotype-D,3,8,5,data/reads_multi/Hepadnaviridae/HBV-genotype-D/isolate_8/rep5_1.fq,data/reads_multi/Hepadnaviridae/HBV-genotype-D/isolate_8/rep5_2.fq,3,train
Hepadnaviridae__HBV-genotype-D__isolate9__rep0,Hepadnaviridae,3,HBV-genotype-D,3,9,0,data/reads_multi/Hepadnaviridae/HBV-genotype-D/isolate_9/rep0_1.fq,data/reads_multi/Hepadnaviridae/HBV-genotype-D/isolate_9/rep0_2.fq,4,train
Hepadnaviridae__HBV-genotype-D__isolate9__rep1,Hepadnaviridae,3,HBV-genotype-D,3,9,1,data/reads_multi/Hepadnaviridae/HBV-genotype-D/isolate_9/rep1_1.fq,data/reads_multi/Hepadnaviridae/HBV-genotype-D/isolate_9/rep1_2.fq,4,train
Hepadnaviridae__HBV-genotype-D__isolate9__rep2,Hepadnaviridae,3,HBV-genotype-D,3,9,2,data/reads_multi/Hepadnaviridae/HBV-genotype-D/isolate_9/rep2_1.fq,data/reads_multi/Hepadnaviridae/HBV-genotype-D/isolate_9/rep2_2.fq,4,train
Hepadnaviridae__HBV-genotype-D__isolate9__rep3,Hepadnaviridae,3,HBV-genotype-D,3,9,3,data/reads_multi/Hepadnaviridae/HBV-genotype-D/isolate_9/rep3_1.fq,data/reads_multi/Hepadnaviridae/HBV-genotype-D/isolate_9/rep3_2.fq,4,train
Hepadnaviridae__HBV-genotype-D__isolate9__rep4,Hepadnaviridae,3,HBV-genotype-D,3,9,4,data/reads_multi/Hepadnaviridae/HBV-genotype-D/isolate_9/rep4_1.fq,data/reads_multi/Hepadnaviridae/HBV-genotype-D/isolate_9/rep4_2.fq,4,train
Hepadnaviridae__HBV-genotype-D__isolate9__rep5,Hepadnaviridae,3,HBV-genotype-D,3,9,5,data/reads_multi/Hepadnaviridae/HBV-genotype-D/isolate_9/rep5_1.fq,data/reads_multi/Hepadnaviridae/HBV-genotype-D/isolate_9/rep5_2.fq,4,train
Hepadnaviridae__HBV-genotype-E__isolate0__rep0,Hepadnaviridae,3,HBV-genotype-E,4,0,0,data/reads_multi/Hepadnaviridae/HBV-genotype-E/isolate_0/rep0_1.fq,data/reads_multi/Hepadnaviridae/HBV-genotype-E/isolate_0/rep0_2.fq,0,train
Hepadnaviridae__HBV-genotype-E__isolate0__rep1,Hepadnaviridae,3,HBV-genotype-E,4,0,1,data/reads_multi/Hepadnaviridae/HBV-genotype-E/isolate_0/rep1_1.fq,data/reads_multi/Hepadnaviridae/HBV-genotype-E/isolate_0/rep1_2.fq,0,train
Hepadnaviridae__HBV-genotype-E__isolate0__rep2,Hepadnaviridae,3,HBV-genotype-E,4,0,2,data/reads_multi/Hepadnaviridae/HBV-genotype-E/isolate_0/rep2_1.fq,data/reads_multi/Hepadnaviridae/HBV-genotype-E/isolate_0/rep2_2.fq,0,train
Hepadnaviridae__HBV-genotype-E__isolate0__rep3,Hepadnaviridae,3,HBV-genotype-E,4,0,3,data/reads_multi/Hepadnaviridae/HBV-genotype-E/isolate_0/rep3_1.fq,data/reads_multi/Hepadnaviridae/HBV-genotype-E/isolate_0/rep3_2.fq,0,train
Hepadnaviridae__HBV-genotype-E__isolate0__rep4,Hepadnaviridae,3,HBV-genotype-E,4,0,4,data/reads_multi/Hepadnaviridae/HBV-genotype-E/isolate_0/rep4_1.fq,data/reads_multi/Hepadnaviridae/HBV-genotype-E/isolate_0/rep4_2.fq,0,train
Hepadnaviridae__HBV-genotype-E__isolate0__rep5,Hepadnaviridae,3,HBV-genotype-E,4,0,5,data/reads_multi/Hepadnaviridae/HBV-genotype-E/isolate_0/rep5_1.fq,data/reads_multi/Hepadnaviridae/HBV-genotype-E/isolate_0/rep5_2.fq,0,train
Hepadnaviridae__HBV-genotype-E__isolate1__rep0,Hepadnaviridae,3,HBV-genotype-E,4,1,0,data/reads_multi/Hepadnaviridae/HBV-genotype-E/isolate_1/rep0_1.fq,data/reads_multi/Hepadnaviridae/HBV-genotype-E/isolate_1/rep0_2.fq,1,test
Hepadnaviridae__HBV-genotype-E__isolate1__rep1,Hepadnaviridae,3,HBV-genotype-E,4,1,1,data/reads_multi/Hepadnaviridae/HBV-genotype-E/isolate_1/rep1_1.fq,data/reads_multi/Hepadnaviridae/HBV-genotype-E/isolate_1/rep1_2.fq,1,test
Hepadnaviridae__HBV-genotype-E__isolate1__rep2,Hepadnaviridae,3,HBV-genotype-E,4,1,2,data/reads_multi/Hepadnaviridae/HBV-genotype-E/isolate_1/rep2_1.fq,data/reads_multi/Hepadnaviridae/HBV-genotype-E/isolate_1/rep2_2.fq,1,test
Hepadnaviridae__HBV-genotype-E__isolate1__rep3,Hepadnaviridae,3,HBV-genotype-E,4,1,3,data/reads_multi/Hepadnaviridae/HBV-genotype-E/isolate_1/rep3_1.fq,data/reads_multi/Hepadnaviridae/HBV-genotype-E/isolate_1/rep3_2.fq,1,test
Hepadnaviridae__HBV-genotype-E__isolate1__rep4,Hepadnaviridae,3,HBV-genotype-E,4,1,4,data/reads_multi/Hepadnaviridae/HBV-genotype-E/isolate_1/rep4_1.fq,data/reads_multi/Hepadnaviridae/HBV-genotype-E/isolate_1/rep4_2.fq,1,test
Hepadnaviridae__HBV-genotype-E__isolate1__rep5,Hepadnaviridae,3,HBV-genotype-E,4,1,5,data/reads_multi/Hepadnaviridae/HBV-genotype-E/isolate_1/rep5_1.fq,data/reads_multi/Hepadnaviridae/HBV-genotype-E/isolate_1/rep5_2.fq,1,test
Hepadnaviridae__HBV-genotype-E__isolate2__rep0,Hepadnaviridae,3,HBV-genotype-E,4,2,0,data/reads_multi/Hepadnaviridae/HBV-genotype-E/isolate_2/rep0_1.fq,data/reads_multi/Hepadnaviridae/HBV-genotype-E/isolate_2/rep0_2.fq,2,val
Hepadnaviridae__HBV-genotype-E__isolate2__rep1,Hepadnaviridae,3,HBV-genotype-E,4,2,1,data/reads_multi/Hepadnaviridae/HBV-genotype-E/isolate_2/rep1_1.fq,data/reads_multi/Hepadnaviridae/HBV-genotype-E/isolate_2/rep1_2.fq,2,val
Hepadnaviridae__HBV-genotype-E__isolate2__rep2,Hepadnaviridae,3,HBV-genotype-E,4,2,2,data/reads_multi/Hepadnaviridae/HBV-genotype-E/isolate_2/rep2_1.fq,data/reads_multi/Hepadnaviridae/HBV-genotype-E/isolate_2/rep2_2.fq,2,val
Hepadnaviridae__HBV-genotype-E__isolate2__rep3,Hepadnaviridae,3,HBV-genotype-E,4,2,3,data/reads_multi/Hepadnaviridae/HBV-genotype-E/isolate_2/rep3_1.fq,data/reads_multi/Hepadnaviridae/HBV-genotype-E/isolate_2/rep3_2.fq,2,val
Hepadnaviridae__HBV-genotype-E__isolate2__rep4,Hepadnaviridae,3,HBV-genotype-E,4,2,4,data/reads_multi/Hepadnaviridae/HBV-genotype-E/isolate_2/rep4_1.fq,data/reads_multi/Hepadnaviridae/HBV-genotype-E/isolate_2/rep4_2.fq,2,val
Hepadnaviridae__HBV-genotype-E__isolate2__rep5,Hepadnaviridae,3,HBV-genotype-E,4,2,5,data/reads_multi/Hepadnaviridae/HBV-genotype-E/isolate_2/rep5_1.fq,data/reads_multi/Hepadnaviridae/HBV-genotype-E/isolate_2/rep5_2.fq,2,val
Hepadnaviridae__HBV-genotype-E__isolate3__rep0,Hepadnaviridae,3,HBV-genotype-E,4,3,0,data/reads_multi/Hepadnaviridae/HBV-genotype-E/isolate_3/rep0_1.fq,data/reads_multi/Hepadnaviridae/HBV-genotype-E/isolate_3/rep0_2.fq,3,train
Hepadnaviridae__HBV-genotype-E__isolate3__rep1,Hepadnaviridae,3,HBV-genotype-E,4,3,1,data/reads_multi/Hepadnaviridae/HBV-genotype-E/isolate_3/rep1_1.fq,data/reads_multi/Hepadnaviridae/HBV-genotype-E/isolate_3/rep1_2.fq,3,train
Hepadnaviridae__HBV-genotype-E__isolate3__rep2,Hepadnaviridae,3,HBV-genotype-E,4,3,2,data/reads_multi/Hepadnaviridae/HBV-genotype-E/isolate_3/rep2_1.fq,data/reads_multi/Hepadnaviridae/HBV-genotype-E/isolate_3/rep2_2.fq,3,train
Hepadnaviridae__HBV-genotype-E__isolate3__rep3,Hepadnaviridae,3,HBV-genotype-E,4,3,3,data/reads_multi/Hepadnaviridae/HBV-genotype-E/isolate_3/rep3_1.fq,data/reads_multi/Hepadnaviridae/HBV-genotype-E/isolate_3/rep3_2.fq,3,train
Hepadnaviridae__HBV-genotype-E__isolate3__rep4,Hepadnaviridae,3,HBV-genotype-E,4,3,4,data/reads_multi/Hepadnaviridae/HBV-genotype-E/isolate_3/rep4_1.fq,data/reads_multi/Hepadnaviridae/HBV-genotype-E/isolate_3/rep4_2.fq,3,train
Hepadnaviridae__HBV-genotype-E__isolate3__rep5,Hepadnaviridae,3,HBV-genotype-E,4,3,5,data/reads_multi/Hepadnaviridae/HBV-genotype-E/isolate_3/rep5_1.fq,data/reads_multi/Hepadnaviridae/HBV-genotype-E/isolate_3/rep5_2.fq,3,train
Hepadnaviridae__HBV-genotype-E__isolate4__rep0,Hepadnaviridae,3,HBV-genotype-E,4,4,0,data/reads_multi/Hepadnaviridae/HBV-genotype-E/isolate_4/rep0_1.fq,data/reads_multi/Hepadnaviridae/HBV-genotype-E/isolate_4/rep0_2.fq,4,train
Hepadnaviridae__HBV-genotype-E__isolate4__rep1,Hepadnaviridae,3,HBV-genotype-E,4,4,1,data/reads_multi/Hepadnaviridae/HBV-genotype-E/isolate_4/rep1_1.fq,data/reads_multi/Hepadnaviridae/HBV-genotype-E/isolate_4/rep1_2.fq,4,train
Hepadnaviridae__HBV-genotype-E__isolate4__rep2,Hepadnaviridae,3,HBV-genotype-E,4,4,2,data/reads_multi/Hepadnaviridae/HBV-genotype-E/isolate_4/rep2_1.fq,data/reads_multi/Hepadnaviridae/HBV-genotype-E/isolate_4/rep2_2.fq,4,train
Hepadnaviridae__HBV-genotype-E__isolate4__rep3,Hepadnaviridae,3,HBV-genotype-E,4,4,3,data/reads_multi/Hepadnaviridae/HBV-genotype-E/isolate_4/rep3_1.fq,data/reads_multi/Hepadnaviridae/HBV-genotype-E/isolate_4/rep3_2.fq,4,train
Hepadnaviridae__HBV-genotype-E__isolate4__rep4,Hepadnaviridae,3,HBV-genotype-E,4,4,4,data/reads_multi/Hepadnaviridae/HBV-genotype-E/isolate_4/rep4_1.fq,data/reads_multi/Hepadnaviridae/HBV-genotype-E/isolate_4/rep4_2.fq,4,train
Hepadnaviridae__HBV-genotype-E__isolate4__rep5,Hepadnaviridae,3,HBV-genotype-E,4,4,5,data/reads_multi/Hepadnaviridae/HBV-genotype-E/isolate_4/rep5_1.fq,data/reads_multi/Hepadnaviridae/HBV-genotype-E/isolate_4/rep5_2.fq,4,train
Hepadnaviridae__HBV-genotype-E__isolate5__rep0,Hepadnaviridae,3,HBV-genotype-E,4,5,0,data/reads_multi/Hepadnaviridae/HBV-genotype-E/isolate_5/rep0_1.fq,data/reads_multi/Hepadnaviridae/HBV-genotype-E/isolate_5/rep0_2.fq,0,train
Hepadnaviridae__HBV-genotype-E__isolate5__rep1,Hepadnaviridae,3,HBV-genotype-E,4,5,1,data/reads_multi/Hepadnaviridae/HBV-genotype-E/isolate_5/rep1_1.fq,data/reads_multi/Hepadnaviridae/HBV-genotype-E/isolate_5/rep1_2.fq,0,train
Hepadnaviridae__HBV-genotype-E__isolate5__rep2,Hepadnaviridae,3,HBV-genotype-E,4,5,2,data/reads_multi/Hepadnaviridae/HBV-genotype-E/isolate_5/rep2_1.fq,data/reads_multi/Hepadnaviridae/HBV-genotype-E/isolate_5/rep2_2.fq,0,train
Hepadnaviridae__HBV-genotype-E__isolate5__rep3,Hepadnaviridae,3,HBV-genotype-E,4,5,3,data/reads_multi/Hepadnaviridae/HBV-genotype-E/isolate_5/rep3_1.fq,data/reads_multi/Hepadnaviridae/HBV-genotype-E/isolate_5/rep3_2.fq,0,train
Hepadnaviridae__HBV-genotype-E__isolate5__rep4,Hepadnaviridae,3,HBV-genotype-E,4,5,4,data/reads_multi/Hepadnaviridae/HBV-genotype-E/isolate_5/rep4_1.fq,data/reads_multi/Hepadnaviridae/HBV-genotype-E/isolate_5/rep4_2.fq,0,train
Hepadnaviridae__HBV-genotype-E__isolate5__rep5,Hepadnaviridae,3,HBV-genotype-E,4,5,5,data/reads_multi/Hepadnaviridae/HBV-genotype-E/isolate_5/rep5_1.fq,data/reads_multi/Hepadnaviridae/HBV-genotype-E/isolate_5/rep5_2.fq,0,train
Hepadnaviridae__HBV-genotype-E__isolate6__rep0,Hepadnaviridae,3,HBV-genotype-E,4,6,0,data/reads_multi/Hepadnaviridae/HBV-genotype-E/isolate_6/rep0_1.fq,data/reads_multi/Hepadnaviridae/HBV-genotype-E/isolate_6/rep0_2.fq,1,test
Hepadnaviridae__HBV-genotype-E__isolate6__rep1,Hepadnaviridae,3,HBV-genotype-E,4,6,1,data/reads_multi/Hepadnaviridae/HBV-genotype-E/isolate_6/rep1_1.fq,data/reads_multi/Hepadnaviridae/HBV-genotype-E/isolate_6/rep1_2.fq,1,test
Hepadnaviridae__HBV-genotype-E__isolate6__rep2,Hepadnaviridae,3,HBV-genotype-E,4,6,2,data/reads_multi/Hepadnaviridae/HBV-genotype-E/isolate_6/rep2_1.fq,data/reads_multi/Hepadnaviridae/HBV-genotype-E/isolate_6/rep2_2.fq,1,test
Hepadnaviridae__HBV-genotype-E__isolate6__rep3,Hepadnaviridae,3,HBV-genotype-E,4,6,3,data/reads_multi/Hepadnaviridae/HBV-genotype-E/isolate_6/rep3_1.fq,data/reads_multi/Hepadnaviridae/HBV-genotype-E/isolate_6/rep3_2.fq,1,test
Hepadnaviridae__HBV-genotype-E__isolate6__rep4,Hepadnaviridae,3,HBV-genotype-E,4,6,4,data/reads_multi/Hepadnaviridae/HBV-genotype-E/isolate_6/rep4_1.fq,data/reads_multi/Hepadnaviridae/HBV-genotype-E/isolate_6/rep4_2.fq,1,test
Hepadnaviridae__HBV-genotype-E__isolate6__rep5,Hepadnaviridae,3,HBV-genotype-E,4,6,5,data/reads_multi/Hepadnaviridae/HBV-genotype-E/isolate_6/rep5_1.fq,data/reads_multi/Hepadnaviridae/HBV-genotype-E/isolate_6/rep5_2.fq,1,test
Hepadnaviridae__HBV-genotype-E__isolate7__rep0,Hepadnaviridae,3,HBV-genotype-E,4,7,0,data/reads_multi/Hepadnaviridae/HBV-genotype-E/isolate_7/rep0_1.fq,data/reads_multi/Hepadnaviridae/HBV-genotype-E/isolate_7/rep0_2.fq,2,val
Hepadnaviridae__HBV-genotype-E__isolate7__rep1,Hepadnaviridae,3,HBV-genotype-E,4,7,1,data/reads_multi/Hepadnaviridae/HBV-genotype-E/isolate_7/rep1_1.fq,data/reads_multi/Hepadnaviridae/HBV-genotype-E/isolate_7/rep1_2.fq,2,val
Hepadnaviridae__HBV-genotype-E__isolate7__rep2,Hepadnaviridae,3,HBV-genotype-E,4,7,2,data/reads_multi/Hepadnaviridae/HBV-genotype-E/isolate_7/rep2_1.fq,data/reads_multi/Hepadnaviridae/HBV-genotype-E/isolate_7/rep2_2.fq,2,val
Hepadnaviridae__HBV-genotype-E__isolate7__rep3,Hepadnaviridae,3,HBV-genotype-E,4,7,3,data/reads_multi/Hepadnaviridae/HBV-genotype-E/isolate_7/rep3_1.fq,data/reads_multi/Hepadnaviridae/HBV-genotype-E/isolate_7/rep3_2.fq,2,val
Hepadnaviridae__HBV-genotype-E__isolate7__rep4,Hepadnaviridae,3,HBV-genotype-E,4,7,4,data/reads_multi/Hepadnaviridae/HBV-genotype-E/isolate_7/rep4_1.fq,data/reads_multi/Hepadnaviridae/HBV-genotype-E/isolate_7/rep4_2.fq,2,val
Hepadnaviridae__HBV-genotype-E__isolate7__rep5,Hepadnaviridae,3,HBV-genotype-E,4,7,5,data/reads_multi/Hepadnaviridae/HBV-genotype-E/isolate_7/rep5_1.fq,data/reads_multi/Hepadnaviridae/HBV-genotype-E/isolate_7/rep5_2.fq,2,val
Hepadnaviridae__HBV-genotype-E__isolate8__rep0,Hepadnaviridae,3,HBV-genotype-E,4,8,0,data/reads_multi/Hepadnaviridae/HBV-genotype-E/isolate_8/rep0_1.fq,data/reads_multi/Hepadnaviridae/HBV-genotype-E/isolate_8/rep0_2.fq,3,train
Hepadnaviridae__HBV-genotype-E__isolate8__rep1,Hepadnaviridae,3,HBV-genotype-E,4,8,1,data/reads_multi/Hepadnaviridae/HBV-genotype-E/isolate_8/rep1_1.fq,data/reads_multi/Hepadnaviridae/HBV-genotype-E/isolate_8/rep1_2.fq,3,train
Hepadnaviridae__HBV-genotype-E__isolate8__rep2,Hepadnaviridae,3,HBV-genotype-E,4,8,2,data/reads_multi/Hepadnaviridae/HBV-genotype-E/isolate_8/rep2_1.fq,data/reads_multi/Hepadnaviridae/HBV-genotype-E/isolate_8/rep2_2.fq,3,train
Hepadnaviridae__HBV-genotype-E__isolate8__rep3,Hepadnaviridae,3,HBV-genotype-E,4,8,3,data/reads_multi/Hepadnaviridae/HBV-genotype-E/isolate_8/rep3_1.fq,data/reads_multi/Hepadnaviridae/HBV-genotype-E/isolate_8/rep3_2.fq,3,train
Hepadnaviridae__HBV-genotype-E__isolate8__rep4,Hepadnaviridae,3,HBV-genotype-E,4,8,4,data/reads_multi/Hepadnaviridae/HBV-genotype-E/isolate_8/rep4_1.fq,data/reads_multi/Hepadnaviridae/HBV-genotype-E/isolate_8/rep4_2.fq,3,train
Hepadnaviridae__HBV-genotype-E__isolate8__rep5,Hepadnaviridae,3,HBV-genotype-E,4,8,5,data/reads_multi/Hepadnaviridae/HBV-genotype-E/isolate_8/rep5_1.fq,data/reads_multi/Hepadnaviridae/HBV-genotype-E/isolate_8/rep5_2.fq,3,train
Hepadnaviridae__HBV-genotype-E__isolate9__rep0,Hepadnaviridae,3,HBV-genotype-E,4,9,0,data/reads_multi/Hepadnaviridae/HBV-genotype-E/isolate_9/rep0_1.fq,data/reads_multi/Hepadnaviridae/HBV-genotype-E/isolate_9/rep0_2.fq,4,train
Hepadnaviridae__HBV-genotype-E__isolate9__rep1,Hepadnaviridae,3,HBV-genotype-E,4,9,1,data/reads_multi/Hepadnaviridae/HBV-genotype-E/isolate_9/rep1_1.fq,data/reads_multi/Hepadnaviridae/HBV-genotype-E/isolate_9/rep1_2.fq,4,train
Hepadnaviridae__HBV-genotype-E__isolate9__rep2,Hepadnaviridae,3,HBV-genotype-E,4,9,2,data/reads_multi/Hepadnaviridae/HBV-genotype-E/isolate_9/rep2_1.fq,data/reads_multi/Hepadnaviridae/HBV-genotype-E/isolate_9/rep2_2.fq,4,train
Hepadnaviridae__HBV-genotype-E__isolate9__rep3,Hepadnaviridae,3,HBV-genotype-E,4,9,3,data/reads_multi/Hepadnaviridae/HBV-genotype-E/isolate_9/rep3_1.fq,data/reads_multi/Hepadnaviridae/HBV-genotype-E/isolate_9/rep3_2.fq,4,train
Hepadnaviridae__HBV-genotype-E__isolate9__rep4,Hepadnaviridae,3,HBV-genotype-E,4,9,4,data/reads_multi/Hepadnaviridae/HBV-genotype-E/isolate_9/rep4_1.fq,data/reads_multi/Hepadnaviridae/HBV-genotype-E/isolate_9/rep4_2.fq,4,train
Hepadnaviridae__HBV-genotype-E__isolate9__rep5,Hepadnaviridae,3,HBV-genotype-E,4,9,5,data/reads_multi/Hepadnaviridae/HBV-genotype-E/isolate_9/rep5_1.fq,data/reads_multi/Hepadnaviridae/HBV-genotype-E/isolate_9/rep5_2.fq,4,train
Hepadnaviridae__HBV-genotype-F__isolate0__rep0,Hepadnaviridae,3,HBV-genotype-F,5,0,0,data/reads_multi/Hepadnaviridae/HBV-genotype-F/isolate_0/rep0_1.fq,data/reads_multi/Hepadnaviridae/HBV-genotype-F/isolate_0/rep0_2.fq,0,train
Hepadnaviridae__HBV-genotype-F__isolate0__rep1,Hepadnaviridae,3,HBV-genotype-F,5,0,1,data/reads_multi/Hepadnaviridae/HBV-genotype-F/isolate_0/rep1_1.fq,data/reads_multi/Hepadnaviridae/HBV-genotype-F/isolate_0/rep1_2.fq,0,train
Hepadnaviridae__HBV-genotype-F__isolate0__rep2,Hepadnaviridae,3,HBV-genotype-F,5,0,2,data/reads_multi/Hepadnaviridae/HBV-genotype-F/isolate_0/rep2_1.fq,data/reads_multi/Hepadnaviridae/HBV-genotype-F/isolate_0/rep2_2.fq,0,train
Hepadnaviridae__HBV-genotype-F__isolate0__rep3,Hepadnaviridae,3,HBV-genotype-F,5,0,3,data/reads_multi/Hepadnaviridae/HBV-genotype-F/isolate_0/rep3_1.fq,data/reads_multi/Hepadnaviridae/HBV-genotype-F/isolate_0/rep3_2.fq,0,train
Hepadnaviridae__HBV-genotype-F__isolate0__rep4,Hepadnaviridae,3,HBV-genotype-F,5,0,4,data/reads_multi/Hepadnaviridae/HBV-genotype-F/isolate_0/rep4_1.fq,data/reads_multi/Hepadnaviridae/HBV-genotype-F/isolate_0/rep4_2.fq,0,train
Hepadnaviridae__HBV-genotype-F__isolate0__rep5,Hepadnaviridae,3,HBV-genotype-F,5,0,5,data/reads_multi/Hepadnaviridae/HBV-genotype-F/isolate_0/rep5_1.fq,data/reads_multi/Hepadnaviridae/HBV-genotype-F/isolate_0/rep5_2.fq,0,train
Hepadnaviridae__HBV-genotype-F__isolate1__rep0,Hepadnaviridae,3,HBV-genotype-F,5,1,0,data/reads_multi/Hepadnaviridae/HBV-genotype-F/isolate_1/rep0_1.fq,data/reads_multi/Hepadnaviridae/HBV-genotype-F/isolate_1/rep0_2.fq,1,test
Hepadnaviridae__HBV-genotype-F__isolate1__rep1,Hepadnaviridae,3,HBV-genotype-F,5,1,1,data/reads_multi/Hepadnaviridae/HBV-genotype-F/isolate_1/rep1_1.fq,data/reads_multi/Hepadnaviridae/HBV-genotype-F/isolate_1/rep1_2.fq,1,test
Hepadnaviridae__HBV-genotype-F__isolate1__rep2,Hepadnaviridae,3,HBV-genotype-F,5,1,2,data/reads_multi/Hepadnaviridae/HBV-genotype-F/isolate_1/rep2_1.fq,data/reads_multi/Hepadnaviridae/HBV-genotype-F/isolate_1/rep2_2.fq,1,test
Hepadnaviridae__HBV-genotype-F__isolate1__rep3,Hepadnaviridae,3,HBV-genotype-F,5,1,3,data/reads_multi/Hepadnaviridae/HBV-genotype-F/isolate_1/rep3_1.fq,data/reads_multi/Hepadnaviridae/HBV-genotype-F/isolate_1/rep3_2.fq,1,test
Hepadnaviridae__HBV-genotype-F__isolate1__rep4,Hepadnaviridae,3,HBV-genotype-F,5,1,4,data/reads_multi/Hepadnaviridae/HBV-genotype-F/isolate_1/rep4_1.fq,data/reads_multi/Hepadnaviridae/HBV-genotype-F/isolate_1/rep4_2.fq,1,test
Hepadnaviridae__HBV-genotype-F__isolate1__rep5,Hepadnaviridae,3,HBV-genotype-F,5,1,5,data/reads_multi/Hepadnaviridae/HBV-genotype-F/isolate_1/rep5_1.fq,data/reads_multi/Hepadnaviridae/HBV-genotype-F/isolate_1/rep5_2.fq,1,test
Hepadnaviridae__HBV-genotype-F__isolate2__rep0,Hepadnaviridae,3,HBV-genotype-F,5,2,0,data/reads_multi/Hepadnaviridae/HBV-genotype-F/isolate_2/rep0_1.fq,data/reads_multi/Hepadnaviridae/HBV-genotype-F/isolate_2/rep0_2.fq,2,val
Hepadnaviridae__HBV-genotype-F__isolate2__rep1,Hepadnaviridae,3,HBV-genotype-F,5,2,1,data/reads_multi/Hepadnaviridae/HBV-genotype-F/isolate_2/rep1_1.fq,data/reads_multi/Hepadnaviridae/HBV-genotype-F/isolate_2/rep1_2.fq,2,val
Hepadnaviridae__HBV-genotype-F__isolate2__rep2,Hepadnaviridae,3,HBV-genotype-F,5,2,2,data/reads_multi/Hepadnaviridae/HBV-genotype-F/isolate_2/rep2_1.fq,data/reads_multi/Hepadnaviridae/HBV-genotype-F/isolate_2/rep2_2.fq,2,val
Hepadnaviridae__HBV-genotype-F__isolate2__rep3,Hepadnaviridae,3,HBV-genotype-F,5,2,3,data/reads_multi/Hepadnaviridae/HBV-genotype-F/isolate_2/rep3_1.fq,data/reads_multi/Hepadnaviridae/HBV-genotype-F/isolate_2/rep3_2.fq,2,val
Hepadnaviridae__HBV-genotype-F__isolate2__rep4,Hepadnaviridae,3,HBV-genotype-F,5,2,4,data/reads_multi/Hepadnaviridae/HBV-genotype-F/isolate_2/rep4_1.fq,data/reads_multi/Hepadnaviridae/HBV-genotype-F/isolate_2/rep4_2.fq,2,val
Hepadnaviridae__HBV-genotype-F__isolate2__rep5,Hepadnaviridae,3,HBV-genotype-F,5,2,5,data/reads_multi/Hepadnaviridae/HBV-genotype-F/isolate_2/rep5_1.fq,data/reads_multi/Hepadnaviridae/HBV-genotype-F/isolate_2/rep5_2.fq,2,val
Hepadnaviridae__HBV-genotype-G__isolate0__rep0,Hepadnaviridae,3,HBV-genotype-G,6,0,0,data/reads_multi/Hepadnaviridae/HBV-genotype-G/isolate_0/rep0_1.fq,data/reads_multi/Hepadnaviridae/HBV-genotype-G/isolate_0/rep0_2.fq,0,train
Hepadnaviridae__HBV-genotype-G__isolate0__rep1,Hepadnaviridae,3,HBV-genotype-G,6,0,1,data/reads_multi/Hepadnaviridae/HBV-genotype-G/isolate_0/rep1_1.fq,data/reads_multi/Hepadnaviridae/HBV-genotype-G/isolate_0/rep1_2.fq,0,train
Hepadnaviridae__HBV-genotype-G__isolate0__rep2,Hepadnaviridae,3,HBV-genotype-G,6,0,2,data/reads_multi/Hepadnaviridae/HBV-genotype-G/isolate_0/rep2_1.fq,data/reads_multi/Hepadnaviridae/HBV-genotype-G/isolate_0/rep2_2.fq,0,train
Hepadnaviridae__HBV-genotype-G__isolate0__rep3,Hepadnaviridae,3,HBV-genotype-G,6,0,3,data/reads_multi/Hepadnaviridae/HBV-genotype-G/isolate_0/rep3_1.fq,data/reads_multi/Hepadnaviridae/HBV-genotype-G/isolate_0/rep3_2.fq,0,train
Hepadnaviridae__HBV-genotype-G__isolate0__rep4,Hepadnaviridae,3,HBV-genotype-G,6,0,4,data/reads_multi/Hepadnaviridae/HBV-genotype-G/isolate_0/rep4_1.fq,data/reads_multi/Hepadnaviridae/HBV-genotype-G/isolate_0/rep4_2.fq,0,train
Hepadnaviridae__HBV-genotype-G__isolate0__rep5,Hepadnaviridae,3,HBV-genotype-G,6,0,5,data/reads_multi/Hepadnaviridae/HBV-genotype-G/isolate_0/rep5_1.fq,data/reads_multi/Hepadnaviridae/HBV-genotype-G/isolate_0/rep5_2.fq,0,train
Hepadnaviridae__HBV-genotype-G__isolate1__rep0,Hepadnaviridae,3,HBV-genotype-G,6,1,0,data/reads_multi/Hepadnaviridae/HBV-genotype-G/isolate_1/rep0_1.fq,data/reads_multi/Hepadnaviridae/HBV-genotype-G/isolate_1/rep0_2.fq,1,test
Hepadnaviridae__HBV-genotype-G__isolate1__rep1,Hepadnaviridae,3,HBV-genotype-G,6,1,1,data/reads_multi/Hepadnaviridae/HBV-genotype-G/isolate_1/rep1_1.fq,data/reads_multi/Hepadnaviridae/HBV-genotype-G/isolate_1/rep1_2.fq,1,test
Hepadnaviridae__HBV-genotype-G__isolate1__rep2,Hepadnaviridae,3,HBV-genotype-G,6,1,2,data/reads_multi/Hepadnaviridae/HBV-genotype-G/isolate_1/rep2_1.fq,data/reads_multi/Hepadnaviridae/HBV-genotype-G/isolate_1/rep2_2.fq,1,test
Hepadnaviridae__HBV-genotype-G__isolate1__rep3,Hepadnaviridae,3,HBV-genotype-G,6,1,3,data/reads_multi/Hepadnaviridae/HBV-genotype-G/isolate_1/rep3_1.fq,data/reads_multi/Hepadnaviridae/HBV-genotype-G/isolate_1/rep3_2.fq,1,test
Hepadnaviridae__HBV-genotype-G__isolate1__rep4,Hepadnaviridae,3,HBV-genotype-G,6,1,4,data/reads_multi/Hepadnaviridae/HBV-genotype-G/isolate_1/rep4_1.fq,data/reads_multi/Hepadnaviridae/HBV-genotype-G/isolate_1/rep4_2.fq,1,test
Hepadnaviridae__HBV-genotype-G__isolate1__rep5,Hepadnaviridae,3,HBV-genotype-G,6,1,5,data/reads_multi/Hepadnaviridae/HBV-genotype-G/isolate_1/rep5_1.fq,data/reads_multi/Hepadnaviridae/HBV-genotype-G/isolate_1/rep5_2.fq,1,test
Hepadnaviridae__HBV-genotype-G__isolate2__rep0,Hepadnaviridae,3,HBV-genotype-G,6,2,0,data/reads_multi/Hepadnaviridae/HBV-genotype-G/isolate_2/rep0_1.fq,data/reads_multi/Hepadnaviridae/HBV-genotype-G/isolate_2/rep0_2.fq,2,val
Hepadnaviridae__HBV-genotype-G__isolate2__rep1,Hepadnaviridae,3,HBV-genotype-G,6,2,1,data/reads_multi/Hepadnaviridae/HBV-genotype-G/isolate_2/rep1_1.fq,data/reads_multi/Hepadnaviridae/HBV-genotype-G/isolate_2/rep1_2.fq,2,val
Hepadnaviridae__HBV-genotype-G__isolate2__rep2,Hepadnaviridae,3,HBV-genotype-G,6,2,2,data/reads_multi/Hepadnaviridae/HBV-genotype-G/isolate_2/rep2_1.fq,data/reads_multi/Hepadnaviridae/HBV-genotype-G/isolate_2/rep2_2.fq,2,val
Hepadnaviridae__HBV-genotype-G__isolate2__rep3,Hepadnaviridae,3,HBV-genotype-G,6,2,3,data/reads_multi/Hepadnaviridae/HBV-genotype-G/isolate_2/rep3_1.fq,data/reads_multi/Hepadnaviridae/HBV-genotype-G/isolate_2/rep3_2.fq,2,val
Hepadnaviridae__HBV-genotype-G__isolate2__rep4,Hepadnaviridae,3,HBV-genotype-G,6,2,4,data/reads_multi/Hepadnaviridae/HBV-genotype-G/isolate_2/rep4_1.fq,data/reads_multi/Hepadnaviridae/HBV-genotype-G/isolate_2/rep4_2.fq,2,val
Hepadnaviridae__HBV-genotype-G__isolate2__rep5,Hepadnaviridae,3,HBV-genotype-G,6,2,5,data/reads_multi/Hepadnaviridae/HBV-genotype-G/isolate_2/rep5_1.fq,data/reads_multi/Hepadnaviridae/HBV-genotype-G/isolate_2/rep5_2.fq,2,val
Hepadnaviridae__HBV-genotype-G__isolate3__rep0,Hepadnaviridae,3,HBV-genotype-G,6,3,0,data/reads_multi/Hepadnaviridae/HBV-genotype-G/isolate_3/rep0_1.fq,data/reads_multi/Hepadnaviridae/HBV-genotype-G/isolate_3/rep0_2.fq,3,train
Hepadnaviridae__HBV-genotype-G__isolate3__rep1,Hepadnaviridae,3,HBV-genotype-G,6,3,1,data/reads_multi/Hepadnaviridae/HBV-genotype-G/isolate_3/rep1_1.fq,data/reads_multi/Hepadnaviridae/HBV-genotype-G/isolate_3/rep1_2.fq,3,train
Hepadnaviridae__HBV-genotype-G__isolate3__rep2,Hepadnaviridae,3,HBV-genotype-G,6,3,2,data/reads_multi/Hepadnaviridae/HBV-genotype-G/isolate_3/rep2_1.fq,data/reads_multi/Hepadnaviridae/HBV-genotype-G/isolate_3/rep2_2.fq,3,train
Hepadnaviridae__HBV-genotype-G__isolate3__rep3,Hepadnaviridae,3,HBV-genotype-G,6,3,3,data/reads_multi/Hepadnaviridae/HBV-genotype-G/isolate_3/rep3_1.fq,data/reads_multi/Hepadnaviridae/HBV-genotype-G/isolate_3/rep3_2.fq,3,train
Hepadnaviridae__HBV-genotype-G__isolate3__rep4,Hepadnaviridae,3,HBV-genotype-G,6,3,4,data/reads_multi/Hepadnaviridae/HBV-genotype-G/isolate_3/rep4_1.fq,data/reads_multi/Hepadnaviridae/HBV-genotype-G/isolate_3/rep4_2.fq,3,train
Hepadnaviridae__HBV-genotype-G__isolate3__rep5,Hepadnaviridae,3,HBV-genotype-G,6,3,5,data/reads_multi/Hepadnaviridae/HBV-genotype-G/isolate_3/rep5_1.fq,data/reads_multi/Hepadnaviridae/HBV-genotype-G/isolate_3/rep5_2.fq,3,train
Hepadnaviridae__HBV-genotype-G__isolate4__rep0,Hepadnaviridae,3,HBV-genotype-G,6,4,0,data/reads_multi/Hepadnaviridae/HBV-genotype-G/isolate_4/rep0_1.fq,data/reads_multi/Hepadnaviridae/HBV-genotype-G/isolate_4/rep0_2.fq,4,train
Hepadnaviridae__HBV-genotype-G__isolate4__rep1,Hepadnaviridae,3,HBV-genotype-G,6,4,1,data/reads_multi/Hepadnaviridae/HBV-genotype-G/isolate_4/rep1_1.fq,data/reads_multi/Hepadnaviridae/HBV-genotype-G/isolate_4/rep1_2.fq,4,train
Hepadnaviridae__HBV-genotype-G__isolate4__rep2,Hepadnaviridae,3,HBV-genotype-G,6,4,2,data/reads_multi/Hepadnaviridae/HBV-genotype-G/isolate_4/rep2_1.fq,data/reads_multi/Hepadnaviridae/HBV-genotype-G/isolate_4/rep2_2.fq,4,train
Hepadnaviridae__HBV-genotype-G__isolate4__rep3,Hepadnaviridae,3,HBV-genotype-G,6,4,3,data/reads_multi/Hepadnaviridae/HBV-genotype-G/isolate_4/rep3_1.fq,data/reads_multi/Hepadnaviridae/HBV-genotype-G/isolate_4/rep3_2.fq,4,train
Hepadnaviridae__HBV-genotype-G__isolate4__rep4,Hepadnaviridae,3,HBV-genotype-G,6,4,4,data/reads_multi/Hepadnaviridae/HBV-genotype-G/isolate_4/rep4_1.fq,data/reads_multi/Hepadnaviridae/HBV-genotype-G/isolate_4/rep4_2.fq,4,train
Hepadnaviridae__HBV-genotype-G__isolate4__rep5,Hepadnaviridae,3,HBV-genotype-G,6,4,5,data/reads_multi/Hepadnaviridae/HBV-genotype-G/isolate_4/rep5_1.fq,data/reads_multi/Hepadnaviridae/HBV-genotype-G/isolate_4/rep5_2.fq,4,train
Hepadnaviridae__HBV-genotype-G__isolate5__rep0,Hepadnaviridae,3,HBV-genotype-G,6,5,0,data/reads_multi/Hepadnaviridae/HBV-genotype-G/isolate_5/rep0_1.fq,data/reads_multi/Hepadnaviridae/HBV-genotype-G/isolate_5/rep0_2.fq,0,train
Hepadnaviridae__HBV-genotype-G__isolate5__rep1,Hepadnaviridae,3,HBV-genotype-G,6,5,1,data/reads_multi/Hepadnaviridae/HBV-genotype-G/isolate_5/rep1_1.fq,data/reads_multi/Hepadnaviridae/HBV-genotype-G/isolate_5/rep1_2.fq,0,train
Hepadnaviridae__HBV-genotype-G__isolate5__rep2,Hepadnaviridae,3,HBV-genotype-G,6,5,2,data/reads_multi/Hepadnaviridae/HBV-genotype-G/isolate_5/rep2_1.fq,data/reads_multi/Hepadnaviridae/HBV-genotype-G/isolate_5/rep2_2.fq,0,train
Hepadnaviridae__HBV-genotype-G__isolate5__rep3,Hepadnaviridae,3,HBV-genotype-G,6,5,3,data/reads_multi/Hepadnaviridae/HBV-genotype-G/isolate_5/rep3_1.fq,data/reads_multi/Hepadnaviridae/HBV-genotype-G/isolate_5/rep3_2.fq,0,train
Hepadnaviridae__HBV-genotype-G__isolate5__rep4,Hepadnaviridae,3,HBV-genotype-G,6,5,4,data/reads_multi/Hepadnaviridae/HBV-genotype-G/isolate_5/rep4_1.fq,data/reads_multi/Hepadnaviridae/HBV-genotype-G/isolate_5/rep4_2.fq,0,train
Hepadnaviridae__HBV-genotype-G__isolate5__rep5,Hepadnaviridae,3,HBV-genotype-G,6,5,5,data/reads_multi/Hepadnaviridae/HBV-genotype-G/isolate_5/rep5_1.fq,data/reads_multi/Hepadnaviridae/HBV-genotype-G/isolate_5/rep5_2.fq,0,train
Hepadnaviridae__HBV-genotype-G__isolate6__rep0,Hepadnaviridae,3,HBV-genotype-G,6,6,0,data/reads_multi/Hepadnaviridae/HBV-genotype-G/isolate_6/rep0_1.fq,data/reads_multi/Hepadnaviridae/HBV-genotype-G/isolate_6/rep0_2.fq,1,test
Hepadnaviridae__HBV-genotype-G__isolate6__rep1,Hepadnaviridae,3,HBV-genotype-G,6,6,1,data/reads_multi/Hepadnaviridae/HBV-genotype-G/isolate_6/rep1_1.fq,data/reads_multi/Hepadnaviridae/HBV-genotype-G/isolate_6/rep1_2.fq,1,test
Hepadnaviridae__HBV-genotype-G__isolate6__rep2,Hepadnaviridae,3,HBV-genotype-G,6,6,2,data/reads_multi/Hepadnaviridae/HBV-genotype-G/isolate_6/rep2_1.fq,data/reads_multi/Hepadnaviridae/HBV-genotype-G/isolate_6/rep2_2.fq,1,test
Hepadnaviridae__HBV-genotype-G__isolate6__rep3,Hepadnaviridae,3,HBV-genotype-G,6,6,3,data/reads_multi/Hepadnaviridae/HBV-genotype-G/isolate_6/rep3_1.fq,data/reads_multi/Hepadnaviridae/HBV-genotype-G/isolate_6/rep3_2.fq,1,test
Hepadnaviridae__HBV-genotype-G__isolate6__rep4,Hepadnaviridae,3,HBV-genotype-G,6,6,4,data/reads_multi/Hepadnaviridae/HBV-genotype-G/isolate_6/rep4_1.fq,data/reads_multi/Hepadnaviridae/HBV-genotype-G/isolate_6/rep4_2.fq,1,test
Hepadnaviridae__HBV-genotype-G__isolate6__rep5,Hepadnaviridae,3,HBV-genotype-G,6,6,5,data/reads_multi/Hepadnaviridae/HBV-genotype-G/isolate_6/rep5_1.fq,data/reads_multi/Hepadnaviridae/HBV-genotype-G/isolate_6/rep5_2.fq,1,test
Hepadnaviridae__HBV-genotype-G__isolate7__rep0,Hepadnaviridae,3,HBV-genotype-G,6,7,0,data/reads_multi/Hepadnaviridae/HBV-genotype-G/isolate_7/rep0_1.fq,data/reads_multi/Hepadnaviridae/HBV-genotype-G/isolate_7/rep0_2.fq,2,val
Hepadnaviridae__HBV-genotype-G__isolate7__rep1,Hepadnaviridae,3,HBV-genotype-G,6,7,1,data/reads_multi/Hepadnaviridae/HBV-genotype-G/isolate_7/rep1_1.fq,data/reads_multi/Hepadnaviridae/HBV-genotype-G/isolate_7/rep1_2.fq,2,val
Hepadnaviridae__HBV-genotype-G__isolate7__rep2,Hepadnaviridae,3,HBV-genotype-G,6,7,2,data/reads_multi/Hepadnaviridae/HBV-genotype-G/isolate_7/rep2_1.fq,data/reads_multi/Hepadnaviridae/HBV-genotype-G/isolate_7/rep2_2.fq,2,val
Hepadnaviridae__HBV-genotype-G__isolate7__rep3,Hepadnaviridae,3,HBV-genotype-G,6,7,3,data/reads_multi/Hepadnaviridae/HBV-genotype-G/isolate_7/rep3_1.fq,data/reads_multi/Hepadnaviridae/HBV-genotype-G/isolate_7/rep3_2.fq,2,val
Hepadnaviridae__HBV-genotype-G__isolate7__rep4,Hepadnaviridae,3,HBV-genotype-G,6,7,4,data/reads_multi/Hepadnaviridae/HBV-genotype-G/isolate_7/rep4_1.fq,data/reads_multi/Hepadnaviridae/HBV-genotype-G/isolate_7/rep4_2.fq,2,val
Hepadnaviridae__HBV-genotype-G__isolate7__rep5,Hepadnaviridae,3,HBV-genotype-G,6,7,5,data/reads_multi/Hepadnaviridae/HBV-genotype-G/isolate_7/rep5_1.fq,data/reads_multi/Hepadnaviridae/HBV-genotype-G/isolate_7/rep5_2.fq,2,val
Hepadnaviridae__HBV-genotype-H__isolate0__rep0,Hepadnaviridae,3,HBV-genotype-H,7,0,0,data/reads_multi/Hepadnaviridae/HBV-genotype-H/isolate_0/rep0_1.fq,data/reads_multi/Hepadnaviridae/HBV-genotype-H/isolate_0/rep0_2.fq,0,train
Hepadnaviridae__HBV-genotype-H__isolate0__rep1,Hepadnaviridae,3,HBV-genotype-H,7,0,1,data/reads_multi/Hepadnaviridae/HBV-genotype-H/isolate_0/rep1_1.fq,data/reads_multi/Hepadnaviridae/HBV-genotype-H/isolate_0/rep1_2.fq,0,train
Hepadnaviridae__HBV-genotype-H__isolate0__rep2,Hepadnaviridae,3,HBV-genotype-H,7,0,2,data/reads_multi/Hepadnaviridae/HBV-genotype-H/isolate_0/rep2_1.fq,data/reads_multi/Hepadnaviridae/HBV-genotype-H/isolate_0/rep2_2.fq,0,train
Hepadnaviridae__HBV-genotype-H__isolate0__rep3,Hepadnaviridae,3,HBV-genotype-H,7,0,3,data/reads_multi/Hepadnaviridae/HBV-genotype-H/isolate_0/rep3_1.fq,data/reads_multi/Hepadnaviridae/HBV-genotype-H/isolate_0/rep3_2.fq,0,train
Hepadnaviridae__HBV-genotype-H__isolate0__rep4,Hepadnaviridae,3,HBV-genotype-H,7,0,4,data/reads_multi/Hepadnaviridae/HBV-genotype-H/isolate_0/rep4_1.fq,data/reads_multi/Hepadnaviridae/HBV-genotype-H/isolate_0/rep4_2.fq,0,train
Hepadnaviridae__HBV-genotype-H__isolate0__rep5,Hepadnaviridae,3,HBV-genotype-H,7,0,5,data/reads_multi/Hepadnaviridae/HBV-genotype-H/isolate_0/rep5_1.fq,data/reads_multi/Hepadnaviridae/HBV-genotype-H/isolate_0/rep5_2.fq,0,train
Hepadnaviridae__HBV-genotype-H__isolate1__rep0,Hepadnaviridae,3,HBV-genotype-H,7,1,0,data/reads_multi/Hepadnaviridae/HBV-genotype-H/isolate_1/rep0_1.fq,data/reads_multi/Hepadnaviridae/HBV-genotype-H/isolate_1/rep0_2.fq,1,test
Hepadnaviridae__HBV-genotype-H__isolate1__rep1,Hepadnaviridae,3,HBV-genotype-H,7,1,1,data/reads_multi/Hepadnaviridae/HBV-genotype-H/isolate_1/rep1_1.fq,data/reads_multi/Hepadnaviridae/HBV-genotype-H/isolate_1/rep1_2.fq,1,test
Hepadnaviridae__HBV-genotype-H__isolate1__rep2,Hepadnaviridae,3,HBV-genotype-H,7,1,2,data/reads_multi/Hepadnaviridae/HBV-genotype-H/isolate_1/rep2_1.fq,data/reads_multi/Hepadnaviridae/HBV-genotype-H/isolate_1/rep2_2.fq,1,test
Hepadnaviridae__HBV-genotype-H__isolate1__rep3,Hepadnaviridae,3,HBV-genotype-H,7,1,3,data/reads_multi/Hepadnaviridae/HBV-genotype-H/isolate_1/rep3_1.fq,data/reads_multi/Hepadnaviridae/HBV-genotype-H/isolate_1/rep3_2.fq,1,test
Hepadnaviridae__HBV-genotype-H__isolate1__rep4,Hepadnaviridae,3,HBV-genotype-H,7,1,4,data/reads_multi/Hepadnaviridae/HBV-genotype-H/isolate_1/rep4_1.fq,data/reads_multi/Hepadnaviridae/HBV-genotype-H/isolate_1/rep4_2.fq,1,test
Hepadnaviridae__HBV-genotype-H__isolate1__rep5,Hepadnaviridae,3,HBV-genotype-H,7,1,5,data/reads_multi/Hepadnaviridae/HBV-genotype-H/isolate_1/rep5_1.fq,data/reads_multi/Hepadnaviridae/HBV-genotype-H/isolate_1/rep5_2.fq,1,test
Hepadnaviridae__HBV-genotype-H__isolate2__rep0,Hepadnaviridae,3,HBV-genotype-H,7,2,0,data/reads_multi/Hepadnaviridae/HBV-genotype-H/isolate_2/rep0_1.fq,data/reads_multi/Hepadnaviridae/HBV-genotype-H/isolate_2/rep0_2.fq,2,val
Hepadnaviridae__HBV-genotype-H__isolate2__rep1,Hepadnaviridae,3,HBV-genotype-H,7,2,1,data/reads_multi/Hepadnaviridae/HBV-genotype-H/isolate_2/rep1_1.fq,data/reads_multi/Hepadnaviridae/HBV-genotype-H/isolate_2/rep1_2.fq,2,val
Hepadnaviridae__HBV-genotype-H__isolate2__rep2,Hepadnaviridae,3,HBV-genotype-H,7,2,2,data/reads_multi/Hepadnaviridae/HBV-genotype-H/isolate_2/rep2_1.fq,data/reads_multi/Hepadnaviridae/HBV-genotype-H/isolate_2/rep2_2.fq,2,val
Hepadnaviridae__HBV-genotype-H__isolate2__rep3,Hepadnaviridae,3,HBV-genotype-H,7,2,3,data/reads_multi/Hepadnaviridae/HBV-genotype-H/isolate_2/rep3_1.fq,data/reads_multi/Hepadnaviridae/HBV-genotype-H/isolate_2/rep3_2.fq,2,val
Hepadnaviridae__HBV-genotype-H__isolate2__rep4,Hepadnaviridae,3,HBV-genotype-H,7,2,4,data/reads_multi/Hepadnaviridae/HBV-genotype-H/isolate_2/rep4_1.fq,data/reads_multi/Hepadnaviridae/HBV-genotype-H/isolate_2/rep4_2.fq,2,val
Hepadnaviridae__HBV-genotype-H__isolate2__rep5,Hepadnaviridae,3,HBV-genotype-H,7,2,5,data/reads_multi/Hepadnaviridae/HBV-genotype-H/isolate_2/rep5_1.fq,data/reads_multi/Hepadnaviridae/HBV-genotype-H/isolate_2/rep5_2.fq,2,val
Hepadnaviridae__HBV-genotype-H__isolate3__rep0,Hepadnaviridae,3,HBV-genotype-H,7,3,0,data/reads_multi/Hepadnaviridae/HBV-genotype-H/isolate_3/rep0_1.fq,data/reads_multi/Hepadnaviridae/HBV-genotype-H/isolate_3/rep0_2.fq,3,train
Hepadnaviridae__HBV-genotype-H__isolate3__rep1,Hepadnaviridae,3,HBV-genotype-H,7,3,1,data/reads_multi/Hepadnaviridae/HBV-genotype-H/isolate_3/rep1_1.fq,data/reads_multi/Hepadnaviridae/HBV-genotype-H/isolate_3/rep1_2.fq,3,train
Hepadnaviridae__HBV-genotype-H__isolate3__rep2,Hepadnaviridae,3,HBV-genotype-H,7,3,2,data/reads_multi/Hepadnaviridae/HBV-genotype-H/isolate_3/rep2_1.fq,data/reads_multi/Hepadnaviridae/HBV-genotype-H/isolate_3/rep2_2.fq,3,train
Hepadnaviridae__HBV-genotype-H__isolate3__rep3,Hepadnaviridae,3,HBV-genotype-H,7,3,3,data/reads_multi/Hepadnaviridae/HBV-genotype-H/isolate_3/rep3_1.fq,data/reads_multi/Hepadnaviridae/HBV-genotype-H/isolate_3/rep3_2.fq,3,train
Hepadnaviridae__HBV-genotype-H__isolate3__rep4,Hepadnaviridae,3,HBV-genotype-H,7,3,4,data/reads_multi/Hepadnaviridae/HBV-genotype-H/isolate_3/rep4_1.fq,data/reads_multi/Hepadnaviridae/HBV-genotype-H/isolate_3/rep4_2.fq,3,train
Hepadnaviridae__HBV-genotype-H__isolate3__rep5,Hepadnaviridae,3,HBV-genotype-H,7,3,5,data/reads_multi/Hepadnaviridae/HBV-genotype-H/isolate_3/rep5_1.fq,data/reads_multi/Hepadnaviridae/HBV-genotype-H/isolate_3/rep5_2.fq,3,train
Hepadnaviridae__HBV-genotype-H__isolate4__rep0,Hepadnaviridae,3,HBV-genotype-H,7,4,0,data/reads_multi/Hepadnaviridae/HBV-genotype-H/isolate_4/rep0_1.fq,data/reads_multi/Hepadnaviridae/HBV-genotype-H/isolate_4/rep0_2.fq,4,train
Hepadnaviridae__HBV-genotype-H__isolate4__rep1,Hepadnaviridae,3,HBV-genotype-H,7,4,1,data/reads_multi/Hepadnaviridae/HBV-genotype-H/isolate_4/rep1_1.fq,data/reads_multi/Hepadnaviridae/HBV-genotype-H/isolate_4/rep1_2.fq,4,train
Hepadnaviridae__HBV-genotype-H__isolate4__rep2,Hepadnaviridae,3,HBV-genotype-H,7,4,2,data/reads_multi/Hepadnaviridae/HBV-genotype-H/isolate_4/rep2_1.fq,data/reads_multi/Hepadnaviridae/HBV-genotype-H/isolate_4/rep2_2.fq,4,train
Hepadnaviridae__HBV-genotype-H__isolate4__rep3,Hepadnaviridae,3,HBV-genotype-H,7,4,3,data/reads_multi/Hepadnaviridae/HBV-genotype-H/isolate_4/rep3_1.fq,data/reads_multi/Hepadnaviridae/HBV-genotype-H/isolate_4/rep3_2.fq,4,train
Hepadnaviridae__HBV-genotype-H__isolate4__rep4,Hepadnaviridae,3,HBV-genotype-H,7,4,4,data/reads_multi/Hepadnaviridae/HBV-genotype-H/isolate_4/rep4_1.fq,data/reads_multi/Hepadnaviridae/HBV-genotype-H/isolate_4/rep4_2.fq,4,train
Hepadnaviridae__HBV-genotype-H__isolate4__rep5,Hepadnaviridae,3,HBV-genotype-H,7,4,5,data/reads_multi/Hepadnaviridae/HBV-genotype-H/isolate_4/rep5_1.fq,data/reads_multi/Hepadnaviridae/HBV-genotype-H/isolate_4/rep5_2.fq,4,train
Hepadnaviridae__HBV-genotype-H__isolate5__rep0,Hepadnaviridae,3,HBV-genotype-H,7,5,0,data/reads_multi/Hepadnaviridae/HBV-genotype-H/isolate_5/rep0_1.fq,data/reads_multi/Hepadnaviridae/HBV-genotype-H/isolate_5/rep0_2.fq,0,train
Hepadnaviridae__HBV-genotype-H__isolate5__rep1,Hepadnaviridae,3,HBV-genotype-H,7,5,1,data/reads_multi/Hepadnaviridae/HBV-genotype-H/isolate_5/rep1_1.fq,data/reads_multi/Hepadnaviridae/HBV-genotype-H/isolate_5/rep1_2.fq,0,train
Hepadnaviridae__HBV-genotype-H__isolate5__rep2,Hepadnaviridae,3,HBV-genotype-H,7,5,2,data/reads_multi/Hepadnaviridae/HBV-genotype-H/isolate_5/rep2_1.fq,data/reads_multi/Hepadnaviridae/HBV-genotype-H/isolate_5/rep2_2.fq,0,train
Hepadnaviridae__HBV-genotype-H__isolate5__rep3,Hepadnaviridae,3,HBV-genotype-H,7,5,3,data/reads_multi/Hepadnaviridae/HBV-genotype-H/isolate_5/rep3_1.fq,data/reads_multi/Hepadnaviridae/HBV-genotype-H/isolate_5/rep3_2.fq,0,train
Hepadnaviridae__HBV-genotype-H__isolate5__rep4,Hepadnaviridae,3,HBV-genotype-H,7,5,4,data/reads_multi/Hepadnaviridae/HBV-genotype-H/isolate_5/rep4_1.fq,data/reads_multi/Hepadnaviridae/HBV-genotype-H/isolate_5/rep4_2.fq,0,train
Hepadnaviridae__HBV-genotype-H__isolate5__rep5,Hepadnaviridae,3,HBV-genotype-H,7,5,5,data/reads_multi/Hepadnaviridae/HBV-genotype-H/isolate_5/rep5_1.fq,data/reads_multi/Hepadnaviridae/HBV-genotype-H/isolate_5/rep5_2.fq,0,train
Hepadnaviridae__HBV-genotype-H__isolate6__rep0,Hepadnaviridae,3,HBV-genotype-H,7,6,0,data/reads_multi/Hepadnaviridae/HBV-genotype-H/isolate_6/rep0_1.fq,data/reads_multi/Hepadnaviridae/HBV-genotype-H/isolate_6/rep0_2.fq,1,test
Hepadnaviridae__HBV-genotype-H__isolate6__rep1,Hepadnaviridae,3,HBV-genotype-H,7,6,1,data/reads_multi/Hepadnaviridae/HBV-genotype-H/isolate_6/rep1_1.fq,data/reads_multi/Hepadnaviridae/HBV-genotype-H/isolate_6/rep1_2.fq,1,test
Hepadnaviridae__HBV-genotype-H__isolate6__rep2,Hepadnaviridae,3,HBV-genotype-H,7,6,2,data/reads_multi/Hepadnaviridae/HBV-genotype-H/isolate_6/rep2_1.fq,data/reads_multi/Hepadnaviridae/HBV-genotype-H/isolate_6/rep2_2.fq,1,test
Hepadnaviridae__HBV-genotype-H__isolate6__rep3,Hepadnaviridae,3,HBV-genotype-H,7,6,3,data/reads_multi/Hepadnaviridae/HBV-genotype-H/isolate_6/rep3_1.fq,data/reads_multi/Hepadnaviridae/HBV-genotype-H/isolate_6/rep3_2.fq,1,test
Hepadnaviridae__HBV-genotype-H__isolate6__rep4,Hepadnaviridae,3,HBV-genotype-H,7,6,4,data/reads_multi/Hepadnaviridae/HBV-genotype-H/isolate_6/rep4_1.fq,data/reads_multi/Hepadnaviridae/HBV-genotype-H/isolate_6/rep4_2.fq,1,test
Hepadnaviridae__HBV-genotype-H__isolate6__rep5,Hepadnaviridae,3,HBV-genotype-H,7,6,5,data/reads_multi/Hepadnaviridae/HBV-genotype-H/isolate_6/rep5_1.fq,data/reads_multi/Hepadnaviridae/HBV-genotype-H/isolate_6/rep5_2.fq,1,test
Hepadnaviridae__HBV-genotype-H__isolate7__rep0,Hepadnaviridae,3,HBV-genotype-H,7,7,0,data/reads_multi/Hepadnaviridae/HBV-genotype-H/isolate_7/rep0_1.fq,data/reads_multi/Hepadnaviridae/HBV-genotype-H/isolate_7/rep0_2.fq,2,val
Hepadnaviridae__HBV-genotype-H__isolate7__rep1,Hepadnaviridae,3,HBV-genotype-H,7,7,1,data/reads_multi/Hepadnaviridae/HBV-genotype-H/isolate_7/rep1_1.fq,data/reads_multi/Hepadnaviridae/HBV-genotype-H/isolate_7/rep1_2.fq,2,val
Hepadnaviridae__HBV-genotype-H__isolate7__rep2,Hepadnaviridae,3,HBV-genotype-H,7,7,2,data/reads_multi/Hepadnaviridae/HBV-genotype-H/isolate_7/rep2_1.fq,data/reads_multi/Hepadnaviridae/HBV-genotype-H/isolate_7/rep2_2.fq,2,val
Hepadnaviridae__HBV-genotype-H__isolate7__rep3,Hepadnaviridae,3,HBV-genotype-H,7,7,3,data/reads_multi/Hepadnaviridae/HBV-genotype-H/isolate_7/rep3_1.fq,data/reads_multi/Hepadnaviridae/HBV-genotype-H/isolate_7/rep3_2.fq,2,val
Hepadnaviridae__HBV-genotype-H__isolate7__rep4,Hepadnaviridae,3,HBV-genotype-H,7,7,4,data/reads_multi/Hepadnaviridae/HBV-genotype-H/isolate_7/rep4_1.fq,data/reads_multi/Hepadnaviridae/HBV-genotype-H/isolate_7/rep4_2.fq,2,val
Hepadnaviridae__HBV-genotype-H__isolate7__rep5,Hepadnaviridae,3,HBV-genotype-H,7,7,5,data/reads_multi/Hepadnaviridae/HBV-genotype-H/isolate_7/rep5_1.fq,data/reads_multi/Hepadnaviridae/HBV-genotype-H/isolate_7/rep5_2.fq,2,val
Hepadnaviridae__HBV-genotype-H__isolate8__rep0,Hepadnaviridae,3,HBV-genotype-H,7,8,0,data/reads_multi/Hepadnaviridae/HBV-genotype-H/isolate_8/rep0_1.fq,data/reads_multi/Hepadnaviridae/HBV-genotype-H/isolate_8/rep0_2.fq,3,train
Hepadnaviridae__HBV-genotype-H__isolate8__rep1,Hepadnaviridae,3,HBV-genotype-H,7,8,1,data/reads_multi/Hepadnaviridae/HBV-genotype-H/isolate_8/rep1_1.fq,data/reads_multi/Hepadnaviridae/HBV-genotype-H/isolate_8/rep1_2.fq,3,train
Hepadnaviridae__HBV-genotype-H__isolate8__rep2,Hepadnaviridae,3,HBV-genotype-H,7,8,2,data/reads_multi/Hepadnaviridae/HBV-genotype-H/isolate_8/rep2_1.fq,data/reads_multi/Hepadnaviridae/HBV-genotype-H/isolate_8/rep2_2.fq,3,train
Hepadnaviridae__HBV-genotype-H__isolate8__rep3,Hepadnaviridae,3,HBV-genotype-H,7,8,3,data/reads_multi/Hepadnaviridae/HBV-genotype-H/isolate_8/rep3_1.fq,data/reads_multi/Hepadnaviridae/HBV-genotype-H/isolate_8/rep3_2.fq,3,train
Hepadnaviridae__HBV-genotype-H__isolate8__rep4,Hepadnaviridae,3,HBV-genotype-H,7,8,4,data/reads_multi/Hepadnaviridae/HBV-genotype-H/isolate_8/rep4_1.fq,data/reads_multi/Hepadnaviridae/HBV-genotype-H/isolate_8/rep4_2.fq,3,train
Hepadnaviridae__HBV-genotype-H__isolate8__rep5,Hepadnaviridae,3,HBV-genotype-H,7,8,5,data/reads_multi/Hepadnaviridae/HBV-genotype-H/isolate_8/rep5_1.fq,data/reads_multi/Hepadnaviridae/HBV-genotype-H/isolate_8/rep5_2.fq,3,train
Retroviridae__HIV-1-subtype-B__isolate0__rep0,Retroviridae,4,HIV-1-subtype-B,1,0,0,data/reads_multi/Retroviridae/HIV-1-subtype-B/isolate_0/rep0_1.fq,data/reads_multi/Retroviridae/HIV-1-subtype-B/isolate_0/rep0_2.fq,0,train
Retroviridae__HIV-1-subtype-B__isolate0__rep1,Retroviridae,4,HIV-1-subtype-B,1,0,1,data/reads_multi/Retroviridae/HIV-1-subtype-B/isolate_0/rep1_1.fq,data/reads_multi/Retroviridae/HIV-1-subtype-B/isolate_0/rep1_2.fq,0,train
Retroviridae__HIV-1-subtype-B__isolate0__rep2,Retroviridae,4,HIV-1-subtype-B,1,0,2,data/reads_multi/Retroviridae/HIV-1-subtype-B/isolate_0/rep2_1.fq,data/reads_multi/Retroviridae/HIV-1-subtype-B/isolate_0/rep2_2.fq,0,train
Retroviridae__HIV-1-subtype-B__isolate0__rep3,Retroviridae,4,HIV-1-subtype-B,1,0,3,data/reads_multi/Retroviridae/HIV-1-subtype-B/isolate_0/rep3_1.fq,data/reads_multi/Retroviridae/HIV-1-subtype-B/isolate_0/rep3_2.fq,0,train
Retroviridae__HIV-1-subtype-B__isolate0__rep4,Retroviridae,4,HIV-1-subtype-B,1,0,4,data/reads_multi/Retroviridae/HIV-1-subtype-B/isolate_0/rep4_1.fq,data/reads_multi/Retroviridae/HIV-1-subtype-B/isolate_0/rep4_2.fq,0,train
Retroviridae__HIV-1-subtype-B__isolate0__rep5,Retroviridae,4,HIV-1-subtype-B,1,0,5,data/reads_multi/Retroviridae/HIV-1-subtype-B/isolate_0/rep5_1.fq,data/reads_multi/Retroviridae/HIV-1-subtype-B/isolate_0/rep5_2.fq,0,train
Retroviridae__HIV-1-subtype-C__isolate0__rep0,Retroviridae,4,HIV-1-subtype-C,2,0,0,data/reads_multi/Retroviridae/HIV-1-subtype-C/isolate_0/rep0_1.fq,data/reads_multi/Retroviridae/HIV-1-subtype-C/isolate_0/rep0_2.fq,0,train
Retroviridae__HIV-1-subtype-C__isolate0__rep1,Retroviridae,4,HIV-1-subtype-C,2,0,1,data/reads_multi/Retroviridae/HIV-1-subtype-C/isolate_0/rep1_1.fq,data/reads_multi/Retroviridae/HIV-1-subtype-C/isolate_0/rep1_2.fq,0,train
Retroviridae__HIV-1-subtype-C__isolate0__rep2,Retroviridae,4,HIV-1-subtype-C,2,0,2,data/reads_multi/Retroviridae/HIV-1-subtype-C/isolate_0/rep2_1.fq,data/reads_multi/Retroviridae/HIV-1-subtype-C/isolate_0/rep2_2.fq,0,train
Retroviridae__HIV-1-subtype-C__isolate0__rep3,Retroviridae,4,HIV-1-subtype-C,2,0,3,data/reads_multi/Retroviridae/HIV-1-subtype-C/isolate_0/rep3_1.fq,data/reads_multi/Retroviridae/HIV-1-subtype-C/isolate_0/rep3_2.fq,0,train
Retroviridae__HIV-1-subtype-C__isolate0__rep4,Retroviridae,4,HIV-1-subtype-C,2,0,4,data/reads_multi/Retroviridae/HIV-1-subtype-C/isolate_0/rep4_1.fq,data/reads_multi/Retroviridae/HIV-1-subtype-C/isolate_0/rep4_2.fq,0,train
Retroviridae__HIV-1-subtype-C__isolate0__rep5,Retroviridae,4,HIV-1-subtype-C,2,0,5,data/reads_multi/Retroviridae/HIV-1-subtype-C/isolate_0/rep5_1.fq,data/reads_multi/Retroviridae/HIV-1-subtype-C/isolate_0/rep5_2.fq,0,train
Retroviridae__HIV-1-subtype-C__isolate1__rep0,Retroviridae,4,HIV-1-subtype-C,2,1,0,data/reads_multi/Retroviridae/HIV-1-subtype-C/isolate_1/rep0_1.fq,data/reads_multi/Retroviridae/HIV-1-subtype-C/isolate_1/rep0_2.fq,1,test
Retroviridae__HIV-1-subtype-C__isolate1__rep1,Retroviridae,4,HIV-1-subtype-C,2,1,1,data/reads_multi/Retroviridae/HIV-1-subtype-C/isolate_1/rep1_1.fq,data/reads_multi/Retroviridae/HIV-1-subtype-C/isolate_1/rep1_2.fq,1,test
Retroviridae__HIV-1-subtype-C__isolate1__rep2,Retroviridae,4,HIV-1-subtype-C,2,1,2,data/reads_multi/Retroviridae/HIV-1-subtype-C/isolate_1/rep2_1.fq,data/reads_multi/Retroviridae/HIV-1-subtype-C/isolate_1/rep2_2.fq,1,test
Retroviridae__HIV-1-subtype-C__isolate1__rep3,Retroviridae,4,HIV-1-subtype-C,2,1,3,data/reads_multi/Retroviridae/HIV-1-subtype-C/isolate_1/rep3_1.fq,data/reads_multi/Retroviridae/HIV-1-subtype-C/isolate_1/rep3_2.fq,1,test
Retroviridae__HIV-1-subtype-C__isolate1__rep4,Retroviridae,4,HIV-1-subtype-C,2,1,4,data/reads_multi/Retroviridae/HIV-1-subtype-C/isolate_1/rep4_1.fq,data/reads_multi/Retroviridae/HIV-1-subtype-C/isolate_1/rep4_2.fq,1,test
Retroviridae__HIV-1-subtype-C__isolate1__rep5,Retroviridae,4,HIV-1-subtype-C,2,1,5,data/reads_multi/Retroviridae/HIV-1-subtype-C/isolate_1/rep5_1.fq,data/reads_multi/Retroviridae/HIV-1-subtype-C/isolate_1/rep5_2.fq,1,test
Retroviridae__HIV-1-subtype-C__isolate2__rep0,Retroviridae,4,HIV-1-subtype-C,2,2,0,data/reads_multi/Retroviridae/HIV-1-subtype-C/isolate_2/rep0_1.fq,data/reads_multi/Retroviridae/HIV-1-subtype-C/isolate_2/rep0_2.fq,2,val
Retroviridae__HIV-1-subtype-C__isolate2__rep1,Retroviridae,4,HIV-1-subtype-C,2,2,1,data/reads_multi/Retroviridae/HIV-1-subtype-C/isolate_2/rep1_1.fq,data/reads_multi/Retroviridae/HIV-1-subtype-C/isolate_2/rep1_2.fq,2,val
Retroviridae__HIV-1-subtype-C__isolate2__rep2,Retroviridae,4,HIV-1-subtype-C,2,2,2,data/reads_multi/Retroviridae/HIV-1-subtype-C/isolate_2/rep2_1.fq,data/reads_multi/Retroviridae/HIV-1-subtype-C/isolate_2/rep2_2.fq,2,val
Retroviridae__HIV-1-subtype-C__isolate2__rep3,Retroviridae,4,HIV-1-subtype-C,2,2,3,data/reads_multi/Retroviridae/HIV-1-subtype-C/isolate_2/rep3_1.fq,data/reads_multi/Retroviridae/HIV-1-subtype-C/isolate_2/rep3_2.fq,2,val
Retroviridae__HIV-1-subtype-C__isolate2__rep4,Retroviridae,4,HIV-1-subtype-C,2,2,4,data/reads_multi/Retroviridae/HIV-1-subtype-C/isolate_2/rep4_1.fq,data/reads_multi/Retroviridae/HIV-1-subtype-C/isolate_2/rep4_2.fq,2,val
Retroviridae__HIV-1-subtype-C__isolate2__rep5,Retroviridae,4,HIV-1-subtype-C,2,2,5,data/reads_multi/Retroviridae/HIV-1-subtype-C/isolate_2/rep5_1.fq,data/reads_multi/Retroviridae/HIV-1-subtype-C/isolate_2/rep5_2.fq,2,val
Retroviridae__HIV-1-subtype-C__isolate3__rep0,Retroviridae,4,HIV-1-subtype-C,2,3,0,data/reads_multi/Retroviridae/HIV-1-subtype-C/isolate_3/rep0_1.fq,data/reads_multi/Retroviridae/HIV-1-subtype-C/isolate_3/rep0_2.fq,3,train
Retroviridae__HIV-1-subtype-C__isolate3__rep1,Retroviridae,4,HIV-1-subtype-C,2,3,1,data/reads_multi/Retroviridae/HIV-1-subtype-C/isolate_3/rep1_1.fq,data/reads_multi/Retroviridae/HIV-1-subtype-C/isolate_3/rep1_2.fq,3,train
Retroviridae__HIV-1-subtype-C__isolate3__rep2,Retroviridae,4,HIV-1-subtype-C,2,3,2,data/reads_multi/Retroviridae/HIV-1-subtype-C/isolate_3/rep2_1.fq,data/reads_multi/Retroviridae/HIV-1-subtype-C/isolate_3/rep2_2.fq,3,train
Retroviridae__HIV-1-subtype-C__isolate3__rep3,Retroviridae,4,HIV-1-subtype-C,2,3,3,data/reads_multi/Retroviridae/HIV-1-subtype-C/isolate_3/rep3_1.fq,data/reads_multi/Retroviridae/HIV-1-subtype-C/isolate_3/rep3_2.fq,3,train
Retroviridae__HIV-1-subtype-C__isolate3__rep4,Retroviridae,4,HIV-1-subtype-C,2,3,4,data/reads_multi/Retroviridae/HIV-1-subtype-C/isolate_3/rep4_1.fq,data/reads_multi/Retroviridae/HIV-1-subtype-C/isolate_3/rep4_2.fq,3,train
Retroviridae__HIV-1-subtype-C__isolate3__rep5,Retroviridae,4,HIV-1-subtype-C,2,3,5,data/reads_multi/Retroviridae/HIV-1-subtype-C/isolate_3/rep5_1.fq,data/reads_multi/Retroviridae/HIV-1-subtype-C/isolate_3/rep5_2.fq,3,train
Retroviridae__HIV-2__isolate0__rep0,Retroviridae,4,HIV-2,7,0,0,data/reads_multi/Retroviridae/HIV-2/isolate_0/rep0_1.fq,data/reads_multi/Retroviridae/HIV-2/isolate_0/rep0_2.fq,0,train
Retroviridae__HIV-2__isolate0__rep1,Retroviridae,4,HIV-2,7,0,1,data/reads_multi/Retroviridae/HIV-2/isolate_0/rep1_1.fq,data/reads_multi/Retroviridae/HIV-2/isolate_0/rep1_2.fq,0,train
Retroviridae__HIV-2__isolate0__rep2,Retroviridae,4,HIV-2,7,0,2,data/reads_multi/Retroviridae/HIV-2/isolate_0/rep2_1.fq,data/reads_multi/Retroviridae/HIV-2/isolate_0/rep2_2.fq,0,train
Retroviridae__HIV-2__isolate0__rep3,Retroviridae,4,HIV-2,7,0,3,data/reads_multi/Retroviridae/HIV-2/isolate_0/rep3_1.fq,data/reads_multi/Retroviridae/HIV-2/isolate_0/rep3_2.fq,0,train
Retroviridae__HIV-2__isolate0__rep4,Retroviridae,4,HIV-2,7,0,4,data/reads_multi/Retroviridae/HIV-2/isolate_0/rep4_1.fq,data/reads_multi/Retroviridae/HIV-2/isolate_0/rep4_2.fq,0,train
Retroviridae__HIV-2__isolate0__rep5,Retroviridae,4,HIV-2,7,0,5,data/reads_multi/Retroviridae/HIV-2/isolate_0/rep5_1.fq,data/reads_multi/Retroviridae/HIV-2/isolate_0/rep5_2.fq,0,train
Retroviridae__HIV-2__isolate1__rep0,Retroviridae,4,HIV-2,7,1,0,data/reads_multi/Retroviridae/HIV-2/isolate_1/rep0_1.fq,data/reads_multi/Retroviridae/HIV-2/isolate_1/rep0_2.fq,1,test
Retroviridae__HIV-2__isolate1__rep1,Retroviridae,4,HIV-2,7,1,1,data/reads_multi/Retroviridae/HIV-2/isolate_1/rep1_1.fq,data/reads_multi/Retroviridae/HIV-2/isolate_1/rep1_2.fq,1,test
Retroviridae__HIV-2__isolate1__rep2,Retroviridae,4,HIV-2,7,1,2,data/reads_multi/Retroviridae/HIV-2/isolate_1/rep2_1.fq,data/reads_multi/Retroviridae/HIV-2/isolate_1/rep2_2.fq,1,test
Retroviridae__HIV-2__isolate1__rep3,Retroviridae,4,HIV-2,7,1,3,data/reads_multi/Retroviridae/HIV-2/isolate_1/rep3_1.fq,data/reads_multi/Retroviridae/HIV-2/isolate_1/rep3_2.fq,1,test
Retroviridae__HIV-2__isolate1__rep4,Retroviridae,4,HIV-2,7,1,4,data/reads_multi/Retroviridae/HIV-2/isolate_1/rep4_1.fq,data/reads_multi/Retroviridae/HIV-2/isolate_1/rep4_2.fq,1,test
Retroviridae__HIV-2__isolate1__rep5,Retroviridae,4,HIV-2,7,1,5,data/reads_multi/Retroviridae/HIV-2/isolate_1/rep5_1.fq,data/reads_multi/Retroviridae/HIV-2/isolate_1/rep5_2.fq,1,test
Retroviridae__HIV-2__isolate2__rep0,Retroviridae,4,HIV-2,7,2,0,data/reads_multi/Retroviridae/HIV-2/isolate_2/rep0_1.fq,data/reads_multi/Retroviridae/HIV-2/isolate_2/rep0_2.fq,2,val
Retroviridae__HIV-2__isolate2__rep1,Retroviridae,4,HIV-2,7,2,1,data/reads_multi/Retroviridae/HIV-2/isolate_2/rep1_1.fq,data/reads_multi/Retroviridae/HIV-2/isolate_2/rep1_2.fq,2,val
Retroviridae__HIV-2__isolate2__rep2,Retroviridae,4,HIV-2,7,2,2,data/reads_multi/Retroviridae/HIV-2/isolate_2/rep2_1.fq,data/reads_multi/Retroviridae/HIV-2/isolate_2/rep2_2.fq,2,val
Retroviridae__HIV-2__isolate2__rep3,Retroviridae,4,HIV-2,7,2,3,data/reads_multi/Retroviridae/HIV-2/isolate_2/rep3_1.fq,data/reads_multi/Retroviridae/HIV-2/isolate_2/rep3_2.fq,2,val
Retroviridae__HIV-2__isolate2__rep4,Retroviridae,4,HIV-2,7,2,4,data/reads_multi/Retroviridae/HIV-2/isolate_2/rep4_1.fq,data/reads_multi/Retroviridae/HIV-2/isolate_2/rep4_2.fq,2,val
Retroviridae__HIV-2__isolate2__rep5,Retroviridae,4,HIV-2,7,2,5,data/reads_multi/Retroviridae/HIV-2/isolate_2/rep5_1.fq,data/reads_multi/Retroviridae/HIV-2/isolate_2/rep5_2.fq,2,val
Herpesviridae__HSV-1__isolate0__rep0,Herpesviridae,5,HSV-1,0,0,0,data/reads_multi/Herpesviridae/HSV-1/isolate_0/rep0_1.fq,data/reads_multi/Herpesviridae/HSV-1/isolate_0/rep0_2.fq,0,train
Herpesviridae__HSV-1__isolate0__rep1,Herpesviridae,5,HSV-1,0,0,1,data/reads_multi/Herpesviridae/HSV-1/isolate_0/rep1_1.fq,data/reads_multi/Herpesviridae/HSV-1/isolate_0/rep1_2.fq,0,train
Herpesviridae__HSV-1__isolate0__rep2,Herpesviridae,5,HSV-1,0,0,2,data/reads_multi/Herpesviridae/HSV-1/isolate_0/rep2_1.fq,data/reads_multi/Herpesviridae/HSV-1/isolate_0/rep2_2.fq,0,train
Herpesviridae__HSV-1__isolate0__rep3,Herpesviridae,5,HSV-1,0,0,3,data/reads_multi/Herpesviridae/HSV-1/isolate_0/rep3_1.fq,data/reads_multi/Herpesviridae/HSV-1/isolate_0/rep3_2.fq,0,train
Herpesviridae__HSV-1__isolate0__rep4,Herpesviridae,5,HSV-1,0,0,4,data/reads_multi/Herpesviridae/HSV-1/isolate_0/rep4_1.fq,data/reads_multi/Herpesviridae/HSV-1/isolate_0/rep4_2.fq,0,train
Herpesviridae__HSV-1__isolate0__rep5,Herpesviridae,5,HSV-1,0,0,5,data/reads_multi/Herpesviridae/HSV-1/isolate_0/rep5_1.fq,data/reads_multi/Herpesviridae/HSV-1/isolate_0/rep5_2.fq,0,train
Herpesviridae__HSV-1__isolate1__rep0,Herpesviridae,5,HSV-1,0,1,0,data/reads_multi/Herpesviridae/HSV-1/isolate_1/rep0_1.fq,data/reads_multi/Herpesviridae/HSV-1/isolate_1/rep0_2.fq,1,test
Herpesviridae__HSV-1__isolate1__rep1,Herpesviridae,5,HSV-1,0,1,1,data/reads_multi/Herpesviridae/HSV-1/isolate_1/rep1_1.fq,data/reads_multi/Herpesviridae/HSV-1/isolate_1/rep1_2.fq,1,test
Herpesviridae__HSV-1__isolate1__rep2,Herpesviridae,5,HSV-1,0,1,2,data/reads_multi/Herpesviridae/HSV-1/isolate_1/rep2_1.fq,data/reads_multi/Herpesviridae/HSV-1/isolate_1/rep2_2.fq,1,test
Herpesviridae__HSV-1__isolate1__rep3,Herpesviridae,5,HSV-1,0,1,3,data/reads_multi/Herpesviridae/HSV-1/isolate_1/rep3_1.fq,data/reads_multi/Herpesviridae/HSV-1/isolate_1/rep3_2.fq,1,test
Herpesviridae__HSV-1__isolate1__rep4,Herpesviridae,5,HSV-1,0,1,4,data/reads_multi/Herpesviridae/HSV-1/isolate_1/rep4_1.fq,data/reads_multi/Herpesviridae/HSV-1/isolate_1/rep4_2.fq,1,test
Herpesviridae__HSV-1__isolate1__rep5,Herpesviridae,5,HSV-1,0,1,5,data/reads_multi/Herpesviridae/HSV-1/isolate_1/rep5_1.fq,data/reads_multi/Herpesviridae/HSV-1/isolate_1/rep5_2.fq,1,test
Herpesviridae__HSV-1__isolate2__rep0,Herpesviridae,5,HSV-1,0,2,0,data/reads_multi/Herpesviridae/HSV-1/isolate_2/rep0_1.fq,data/reads_multi/Herpesviridae/HSV-1/isolate_2/rep0_2.fq,2,val
Herpesviridae__HSV-1__isolate2__rep1,Herpesviridae,5,HSV-1,0,2,1,data/reads_multi/Herpesviridae/HSV-1/isolate_2/rep1_1.fq,data/reads_multi/Herpesviridae/HSV-1/isolate_2/rep1_2.fq,2,val
Herpesviridae__HSV-1__isolate2__rep2,Herpesviridae,5,HSV-1,0,2,2,data/reads_multi/Herpesviridae/HSV-1/isolate_2/rep2_1.fq,data/reads_multi/Herpesviridae/HSV-1/isolate_2/rep2_2.fq,2,val
Herpesviridae__HSV-1__isolate2__rep3,Herpesviridae,5,HSV-1,0,2,3,data/reads_multi/Herpesviridae/HSV-1/isolate_2/rep3_1.fq,data/reads_multi/Herpesviridae/HSV-1/isolate_2/rep3_2.fq,2,val
Herpesviridae__HSV-1__isolate2__rep4,Herpesviridae,5,HSV-1,0,2,4,data/reads_multi/Herpesviridae/HSV-1/isolate_2/rep4_1.fq,data/reads_multi/Herpesviridae/HSV-1/isolate_2/rep4_2.fq,2,val
Herpesviridae__HSV-1__isolate2__rep5,Herpesviridae,5,HSV-1,0,2,5,data/reads_multi/Herpesviridae/HSV-1/isolate_2/rep5_1.fq,data/reads_multi/Herpesviridae/HSV-1/isolate_2/rep5_2.fq,2,val
Herpesviridae__HSV-1__isolate3__rep0,Herpesviridae,5,HSV-1,0,3,0,data/reads_multi/Herpesviridae/HSV-1/isolate_3/rep0_1.fq,data/reads_multi/Herpesviridae/HSV-1/isolate_3/rep0_2.fq,3,train
Herpesviridae__HSV-1__isolate3__rep1,Herpesviridae,5,HSV-1,0,3,1,data/reads_multi/Herpesviridae/HSV-1/isolate_3/rep1_1.fq,data/reads_multi/Herpesviridae/HSV-1/isolate_3/rep1_2.fq,3,train
Herpesviridae__HSV-1__isolate3__rep2,Herpesviridae,5,HSV-1,0,3,2,data/reads_multi/Herpesviridae/HSV-1/isolate_3/rep2_1.fq,data/reads_multi/Herpesviridae/HSV-1/isolate_3/rep2_2.fq,3,train
Herpesviridae__HSV-1__isolate3__rep3,Herpesviridae,5,HSV-1,0,3,3,data/reads_multi/Herpesviridae/HSV-1/isolate_3/rep3_1.fq,data/reads_multi/Herpesviridae/HSV-1/isolate_3/rep3_2.fq,3,train
Herpesviridae__HSV-1__isolate3__rep4,Herpesviridae,5,HSV-1,0,3,4,data/reads_multi/Herpesviridae/HSV-1/isolate_3/rep4_1.fq,data/reads_multi/Herpesviridae/HSV-1/isolate_3/rep4_2.fq,3,train
Herpesviridae__HSV-1__isolate3__rep5,Herpesviridae,5,HSV-1,0,3,5,data/reads_multi/Herpesviridae/HSV-1/isolate_3/rep5_1.fq,data/reads_multi/Herpesviridae/HSV-1/isolate_3/rep5_2.fq,3,train
Herpesviridae__HSV-1__isolate4__rep0,Herpesviridae,5,HSV-1,0,4,0,data/reads_multi/Herpesviridae/HSV-1/isolate_4/rep0_1.fq,data/reads_multi/Herpesviridae/HSV-1/isolate_4/rep0_2.fq,4,train
Herpesviridae__HSV-1__isolate4__rep1,Herpesviridae,5,HSV-1,0,4,1,data/reads_multi/Herpesviridae/HSV-1/isolate_4/rep1_1.fq,data/reads_multi/Herpesviridae/HSV-1/isolate_4/rep1_2.fq,4,train
Herpesviridae__HSV-1__isolate4__rep2,Herpesviridae,5,HSV-1,0,4,2,data/reads_multi/Herpesviridae/HSV-1/isolate_4/rep2_1.fq,data/reads_multi/Herpesviridae/HSV-1/isolate_4/rep2_2.fq,4,train
Herpesviridae__HSV-1__isolate4__rep3,Herpesviridae,5,HSV-1,0,4,3,data/reads_multi/Herpesviridae/HSV-1/isolate_4/rep3_1.fq,data/reads_multi/Herpesviridae/HSV-1/isolate_4/rep3_2.fq,4,train
Herpesviridae__HSV-1__isolate4__rep4,Herpesviridae,5,HSV-1,0,4,4,data/reads_multi/Herpesviridae/HSV-1/isolate_4/rep4_1.fq,data/reads_multi/Herpesviridae/HSV-1/isolate_4/rep4_2.fq,4,train
Herpesviridae__HSV-1__isolate4__rep5,Herpesviridae,5,HSV-1,0,4,5,data/reads_multi/Herpesviridae/HSV-1/isolate_4/rep5_1.fq,data/reads_multi/Herpesviridae/HSV-1/isolate_4/rep5_2.fq,4,train
Herpesviridae__HSV-1__isolate5__rep0,Herpesviridae,5,HSV-1,0,5,0,data/reads_multi/Herpesviridae/HSV-1/isolate_5/rep0_1.fq,data/reads_multi/Herpesviridae/HSV-1/isolate_5/rep0_2.fq,0,train
Herpesviridae__HSV-1__isolate5__rep1,Herpesviridae,5,HSV-1,0,5,1,data/reads_multi/Herpesviridae/HSV-1/isolate_5/rep1_1.fq,data/reads_multi/Herpesviridae/HSV-1/isolate_5/rep1_2.fq,0,train
Herpesviridae__HSV-1__isolate5__rep2,Herpesviridae,5,HSV-1,0,5,2,data/reads_multi/Herpesviridae/HSV-1/isolate_5/rep2_1.fq,data/reads_multi/Herpesviridae/HSV-1/isolate_5/rep2_2.fq,0,train
Herpesviridae__HSV-1__isolate5__rep3,Herpesviridae,5,HSV-1,0,5,3,data/reads_multi/Herpesviridae/HSV-1/isolate_5/rep3_1.fq,data/reads_multi/Herpesviridae/HSV-1/isolate_5/rep3_2.fq,0,train
Herpesviridae__HSV-1__isolate5__rep4,Herpesviridae,5,HSV-1,0,5,4,data/reads_multi/Herpesviridae/HSV-1/isolate_5/rep4_1.fq,data/reads_multi/Herpesviridae/HSV-1/isolate_5/rep4_2.fq,0,train
Herpesviridae__HSV-1__isolate5__rep5,Herpesviridae,5,HSV-1,0,5,5,data/reads_multi/Herpesviridae/HSV-1/isolate_5/rep5_1.fq,data/reads_multi/Herpesviridae/HSV-1/isolate_5/rep5_2.fq,0,train
Herpesviridae__HSV-1__isolate6__rep0,Herpesviridae,5,HSV-1,0,6,0,data/reads_multi/Herpesviridae/HSV-1/isolate_6/rep0_1.fq,data/reads_multi/Herpesviridae/HSV-1/isolate_6/rep0_2.fq,1,test
Herpesviridae__HSV-1__isolate6__rep1,Herpesviridae,5,HSV-1,0,6,1,data/reads_multi/Herpesviridae/HSV-1/isolate_6/rep1_1.fq,data/reads_multi/Herpesviridae/HSV-1/isolate_6/rep1_2.fq,1,test
Herpesviridae__HSV-1__isolate6__rep2,Herpesviridae,5,HSV-1,0,6,2,data/reads_multi/Herpesviridae/HSV-1/isolate_6/rep2_1.fq,data/reads_multi/Herpesviridae/HSV-1/isolate_6/rep2_2.fq,1,test
Herpesviridae__HSV-1__isolate6__rep3,Herpesviridae,5,HSV-1,0,6,3,data/reads_multi/Herpesviridae/HSV-1/isolate_6/rep3_1.fq,data/reads_multi/Herpesviridae/HSV-1/isolate_6/rep3_2.fq,1,test
Herpesviridae__HSV-1__isolate6__rep4,Herpesviridae,5,HSV-1,0,6,4,data/reads_multi/Herpesviridae/HSV-1/isolate_6/rep4_1.fq,data/reads_multi/Herpesviridae/HSV-1/isolate_6/rep4_2.fq,1,test
Herpesviridae__HSV-1__isolate6__rep5,Herpesviridae,5,HSV-1,0,6,5,data/reads_multi/Herpesviridae/HSV-1/isolate_6/rep5_1.fq,data/reads_multi/Herpesviridae/HSV-1/isolate_6/rep5_2.fq,1,test
Herpesviridae__HSV-1__isolate7__rep0,Herpesviridae,5,HSV-1,0,7,0,data/reads_multi/Herpesviridae/HSV-1/isolate_7/rep0_1.fq,data/reads_multi/Herpesviridae/HSV-1/isolate_7/rep0_2.fq,2,val
Herpesviridae__HSV-1__isolate7__rep1,Herpesviridae,5,HSV-1,0,7,1,data/reads_multi/Herpesviridae/HSV-1/isolate_7/rep1_1.fq,data/reads_multi/Herpesviridae/HSV-1/isolate_7/rep1_2.fq,2,val
Herpesviridae__HSV-1__isolate7__rep2,Herpesviridae,5,HSV-1,0,7,2,data/reads_multi/Herpesviridae/HSV-1/isolate_7/rep2_1.fq,data/reads_multi/Herpesviridae/HSV-1/isolate_7/rep2_2.fq,2,val
Herpesviridae__HSV-1__isolate7__rep3,Herpesviridae,5,HSV-1,0,7,3,data/reads_multi/Herpesviridae/HSV-1/isolate_7/rep3_1.fq,data/reads_multi/Herpesviridae/HSV-1/isolate_7/rep3_2.fq,2,val
Herpesviridae__HSV-1__isolate7__rep4,Herpesviridae,5,HSV-1,0,7,4,data/reads_multi/Herpesviridae/HSV-1/isolate_7/rep4_1.fq,data/reads_multi/Herpesviridae/HSV-1/isolate_7/rep4_2.fq,2,val
Herpesviridae__HSV-1__isolate7__rep5,Herpesviridae,5,HSV-1,0,7,5,data/reads_multi/Herpesviridae/HSV-1/isolate_7/rep5_1.fq,data/reads_multi/Herpesviridae/HSV-1/isolate_7/rep5_2.fq,2,val
Herpesviridae__HSV-1__isolate8__rep0,Herpesviridae,5,HSV-1,0,8,0,data/reads_multi/Herpesviridae/HSV-1/isolate_8/rep0_1.fq,data/reads_multi/Herpesviridae/HSV-1/isolate_8/rep0_2.fq,3,train
Herpesviridae__HSV-1__isolate8__rep1,Herpesviridae,5,HSV-1,0,8,1,data/reads_multi/Herpesviridae/HSV-1/isolate_8/rep1_1.fq,data/reads_multi/Herpesviridae/HSV-1/isolate_8/rep1_2.fq,3,train
Herpesviridae__HSV-1__isolate8__rep2,Herpesviridae,5,HSV-1,0,8,2,data/reads_multi/Herpesviridae/HSV-1/isolate_8/rep2_1.fq,data/reads_multi/Herpesviridae/HSV-1/isolate_8/rep2_2.fq,3,train
Herpesviridae__HSV-1__isolate8__rep3,Herpesviridae,5,HSV-1,0,8,3,data/reads_multi/Herpesviridae/HSV-1/isolate_8/rep3_1.fq,data/reads_multi/Herpesviridae/HSV-1/isolate_8/rep3_2.fq,3,train
Herpesviridae__HSV-1__isolate8__rep4,Herpesviridae,5,HSV-1,0,8,4,data/reads_multi/Herpesviridae/HSV-1/isolate_8/rep4_1.fq,data/reads_multi/Herpesviridae/HSV-1/isolate_8/rep4_2.fq,3,train
Herpesviridae__HSV-1__isolate8__rep5,Herpesviridae,5,HSV-1,0,8,5,data/reads_multi/Herpesviridae/HSV-1/isolate_8/rep5_1.fq,data/reads_multi/Herpesviridae/HSV-1/isolate_8/rep5_2.fq,3,train
Herpesviridae__HSV-1__isolate9__rep0,Herpesviridae,5,HSV-1,0,9,0,data/reads_multi/Herpesviridae/HSV-1/isolate_9/rep0_1.fq,data/reads_multi/Herpesviridae/HSV-1/isolate_9/rep0_2.fq,4,train
Herpesviridae__HSV-1__isolate9__rep1,Herpesviridae,5,HSV-1,0,9,1,data/reads_multi/Herpesviridae/HSV-1/isolate_9/rep1_1.fq,data/reads_multi/Herpesviridae/HSV-1/isolate_9/rep1_2.fq,4,train
Herpesviridae__HSV-1__isolate9__rep2,Herpesviridae,5,HSV-1,0,9,2,data/reads_multi/Herpesviridae/HSV-1/isolate_9/rep2_1.fq,data/reads_multi/Herpesviridae/HSV-1/isolate_9/rep2_2.fq,4,train
Herpesviridae__HSV-1__isolate9__rep3,Herpesviridae,5,HSV-1,0,9,3,data/reads_multi/Herpesviridae/HSV-1/isolate_9/rep3_1.fq,data/reads_multi/Herpesviridae/HSV-1/isolate_9/rep3_2.fq,4,train
Herpesviridae__HSV-1__isolate9__rep4,Herpesviridae,5,HSV-1,0,9,4,data/reads_multi/Herpesviridae/HSV-1/isolate_9/rep4_1.fq,data/reads_multi/Herpesviridae/HSV-1/isolate_9/rep4_2.fq,4,train
Herpesviridae__HSV-1__isolate9__rep5,Herpesviridae,5,HSV-1,0,9,5,data/reads_multi/Herpesviridae/HSV-1/isolate_9/rep5_1.fq,data/reads_multi/Herpesviridae/HSV-1/isolate_9/rep5_2.fq,4,train
Herpesviridae__HSV-2__isolate0__rep0,Herpesviridae,5,HSV-2,1,0,0,data/reads_multi/Herpesviridae/HSV-2/isolate_0/rep0_1.fq,data/reads_multi/Herpesviridae/HSV-2/isolate_0/rep0_2.fq,0,train
Herpesviridae__HSV-2__isolate0__rep1,Herpesviridae,5,HSV-2,1,0,1,data/reads_multi/Herpesviridae/HSV-2/isolate_0/rep1_1.fq,data/reads_multi/Herpesviridae/HSV-2/isolate_0/rep1_2.fq,0,train
Herpesviridae__HSV-2__isolate0__rep2,Herpesviridae,5,HSV-2,1,0,2,data/reads_multi/Herpesviridae/HSV-2/isolate_0/rep2_1.fq,data/reads_multi/Herpesviridae/HSV-2/isolate_0/rep2_2.fq,0,train
Herpesviridae__HSV-2__isolate0__rep3,Herpesviridae,5,HSV-2,1,0,3,data/reads_multi/Herpesviridae/HSV-2/isolate_0/rep3_1.fq,data/reads_multi/Herpesviridae/HSV-2/isolate_0/rep3_2.fq,0,train
Herpesviridae__HSV-2__isolate0__rep4,Herpesviridae,5,HSV-2,1,0,4,data/reads_multi/Herpesviridae/HSV-2/isolate_0/rep4_1.fq,data/reads_multi/Herpesviridae/HSV-2/isolate_0/rep4_2.fq,0,train
Herpesviridae__HSV-2__isolate0__rep5,Herpesviridae,5,HSV-2,1,0,5,data/reads_multi/Herpesviridae/HSV-2/isolate_0/rep5_1.fq,data/reads_multi/Herpesviridae/HSV-2/isolate_0/rep5_2.fq,0,train
Herpesviridae__HSV-2__isolate1__rep0,Herpesviridae,5,HSV-2,1,1,0,data/reads_multi/Herpesviridae/HSV-2/isolate_1/rep0_1.fq,data/reads_multi/Herpesviridae/HSV-2/isolate_1/rep0_2.fq,1,test
Herpesviridae__HSV-2__isolate1__rep1,Herpesviridae,5,HSV-2,1,1,1,data/reads_multi/Herpesviridae/HSV-2/isolate_1/rep1_1.fq,data/reads_multi/Herpesviridae/HSV-2/isolate_1/rep1_2.fq,1,test
Herpesviridae__HSV-2__isolate1__rep2,Herpesviridae,5,HSV-2,1,1,2,data/reads_multi/Herpesviridae/HSV-2/isolate_1/rep2_1.fq,data/reads_multi/Herpesviridae/HSV-2/isolate_1/rep2_2.fq,1,test
Herpesviridae__HSV-2__isolate1__rep3,Herpesviridae,5,HSV-2,1,1,3,data/reads_multi/Herpesviridae/HSV-2/isolate_1/rep3_1.fq,data/reads_multi/Herpesviridae/HSV-2/isolate_1/rep3_2.fq,1,test
Herpesviridae__HSV-2__isolate1__rep4,Herpesviridae,5,HSV-2,1,1,4,data/reads_multi/Herpesviridae/HSV-2/isolate_1/rep4_1.fq,data/reads_multi/Herpesviridae/HSV-2/isolate_1/rep4_2.fq,1,test
Herpesviridae__HSV-2__isolate1__rep5,Herpesviridae,5,HSV-2,1,1,5,data/reads_multi/Herpesviridae/HSV-2/isolate_1/rep5_1.fq,data/reads_multi/Herpesviridae/HSV-2/isolate_1/rep5_2.fq,1,test
Herpesviridae__HSV-2__isolate2__rep0,Herpesviridae,5,HSV-2,1,2,0,data/reads_multi/Herpesviridae/HSV-2/isolate_2/rep0_1.fq,data/reads_multi/Herpesviridae/HSV-2/isolate_2/rep0_2.fq,2,val
Herpesviridae__HSV-2__isolate2__rep1,Herpesviridae,5,HSV-2,1,2,1,data/reads_multi/Herpesviridae/HSV-2/isolate_2/rep1_1.fq,data/reads_multi/Herpesviridae/HSV-2/isolate_2/rep1_2.fq,2,val
Herpesviridae__HSV-2__isolate2__rep2,Herpesviridae,5,HSV-2,1,2,2,data/reads_multi/Herpesviridae/HSV-2/isolate_2/rep2_1.fq,data/reads_multi/Herpesviridae/HSV-2/isolate_2/rep2_2.fq,2,val
Herpesviridae__HSV-2__isolate2__rep3,Herpesviridae,5,HSV-2,1,2,3,data/reads_multi/Herpesviridae/HSV-2/isolate_2/rep3_1.fq,data/reads_multi/Herpesviridae/HSV-2/isolate_2/rep3_2.fq,2,val
Herpesviridae__HSV-2__isolate2__rep4,Herpesviridae,5,HSV-2,1,2,4,data/reads_multi/Herpesviridae/HSV-2/isolate_2/rep4_1.fq,data/reads_multi/Herpesviridae/HSV-2/isolate_2/rep4_2.fq,2,val
Herpesviridae__HSV-2__isolate2__rep5,Herpesviridae,5,HSV-2,1,2,5,data/reads_multi/Herpesviridae/HSV-2/isolate_2/rep5_1.fq,data/reads_multi/Herpesviridae/HSV-2/isolate_2/rep5_2.fq,2,val
Herpesviridae__HSV-2__isolate3__rep0,Herpesviridae,5,HSV-2,1,3,0,data/reads_multi/Herpesviridae/HSV-2/isolate_3/rep0_1.fq,data/reads_multi/Herpesviridae/HSV-2/isolate_3/rep0_2.fq,3,train
Herpesviridae__HSV-2__isolate3__rep1,Herpesviridae,5,HSV-2,1,3,1,data/reads_multi/Herpesviridae/HSV-2/isolate_3/rep1_1.fq,data/reads_multi/Herpesviridae/HSV-2/isolate_3/rep1_2.fq,3,train
Herpesviridae__HSV-2__isolate3__rep2,Herpesviridae,5,HSV-2,1,3,2,data/reads_multi/Herpesviridae/HSV-2/isolate_3/rep2_1.fq,data/reads_multi/Herpesviridae/HSV-2/isolate_3/rep2_2.fq,3,train
Herpesviridae__HSV-2__isolate3__rep3,Herpesviridae,5,HSV-2,1,3,3,data/reads_multi/Herpesviridae/HSV-2/isolate_3/rep3_1.fq,data/reads_multi/Herpesviridae/HSV-2/isolate_3/rep3_2.fq,3,train
Herpesviridae__HSV-2__isolate3__rep4,Herpesviridae,5,HSV-2,1,3,4,data/reads_multi/Herpesviridae/HSV-2/isolate_3/rep4_1.fq,data/reads_multi/Herpesviridae/HSV-2/isolate_3/rep4_2.fq,3,train
Herpesviridae__HSV-2__isolate3__rep5,Herpesviridae,5,HSV-2,1,3,5,data/reads_multi/Herpesviridae/HSV-2/isolate_3/rep5_1.fq,data/reads_multi/Herpesviridae/HSV-2/isolate_3/rep5_2.fq,3,train
Herpesviridae__HSV-2__isolate4__rep0,Herpesviridae,5,HSV-2,1,4,0,data/reads_multi/Herpesviridae/HSV-2/isolate_4/rep0_1.fq,data/reads_multi/Herpesviridae/HSV-2/isolate_4/rep0_2.fq,4,train
Herpesviridae__HSV-2__isolate4__rep1,Herpesviridae,5,HSV-2,1,4,1,data/reads_multi/Herpesviridae/HSV-2/isolate_4/rep1_1.fq,data/reads_multi/Herpesviridae/HSV-2/isolate_4/rep1_2.fq,4,train
Herpesviridae__HSV-2__isolate4__rep2,Herpesviridae,5,HSV-2,1,4,2,data/reads_multi/Herpesviridae/HSV-2/isolate_4/rep2_1.fq,data/reads_multi/Herpesviridae/HSV-2/isolate_4/rep2_2.fq,4,train
Herpesviridae__HSV-2__isolate4__rep3,Herpesviridae,5,HSV-2,1,4,3,data/reads_multi/Herpesviridae/HSV-2/isolate_4/rep3_1.fq,data/reads_multi/Herpesviridae/HSV-2/isolate_4/rep3_2.fq,4,train
Herpesviridae__HSV-2__isolate4__rep4,Herpesviridae,5,HSV-2,1,4,4,data/reads_multi/Herpesviridae/HSV-2/isolate_4/rep4_1.fq,data/reads_multi/Herpesviridae/HSV-2/isolate_4/rep4_2.fq,4,train
Herpesviridae__HSV-2__isolate4__rep5,Herpesviridae,5,HSV-2,1,4,5,data/reads_multi/Herpesviridae/HSV-2/isolate_4/rep5_1.fq,data/reads_multi/Herpesviridae/HSV-2/isolate_4/rep5_2.fq,4,train
Herpesviridae__HSV-2__isolate5__rep0,Herpesviridae,5,HSV-2,1,5,0,data/reads_multi/Herpesviridae/HSV-2/isolate_5/rep0_1.fq,data/reads_multi/Herpesviridae/HSV-2/isolate_5/rep0_2.fq,0,train
Herpesviridae__HSV-2__isolate5__rep1,Herpesviridae,5,HSV-2,1,5,1,data/reads_multi/Herpesviridae/HSV-2/isolate_5/rep1_1.fq,data/reads_multi/Herpesviridae/HSV-2/isolate_5/rep1_2.fq,0,train
Herpesviridae__HSV-2__isolate5__rep2,Herpesviridae,5,HSV-2,1,5,2,data/reads_multi/Herpesviridae/HSV-2/isolate_5/rep2_1.fq,data/reads_multi/Herpesviridae/HSV-2/isolate_5/rep2_2.fq,0,train
Herpesviridae__HSV-2__isolate5__rep3,Herpesviridae,5,HSV-2,1,5,3,data/reads_multi/Herpesviridae/HSV-2/isolate_5/rep3_1.fq,data/reads_multi/Herpesviridae/HSV-2/isolate_5/rep3_2.fq,0,train
Herpesviridae__HSV-2__isolate5__rep4,Herpesviridae,5,HSV-2,1,5,4,data/reads_multi/Herpesviridae/HSV-2/isolate_5/rep4_1.fq,data/reads_multi/Herpesviridae/HSV-2/isolate_5/rep4_2.fq,0,train
Herpesviridae__HSV-2__isolate5__rep5,Herpesviridae,5,HSV-2,1,5,5,data/reads_multi/Herpesviridae/HSV-2/isolate_5/rep5_1.fq,data/reads_multi/Herpesviridae/HSV-2/isolate_5/rep5_2.fq,0,train
Herpesviridae__HSV-2__isolate6__rep0,Herpesviridae,5,HSV-2,1,6,0,data/reads_multi/Herpesviridae/HSV-2/isolate_6/rep0_1.fq,data/reads_multi/Herpesviridae/HSV-2/isolate_6/rep0_2.fq,1,test
Herpesviridae__HSV-2__isolate6__rep1,Herpesviridae,5,HSV-2,1,6,1,data/reads_multi/Herpesviridae/HSV-2/isolate_6/rep1_1.fq,data/reads_multi/Herpesviridae/HSV-2/isolate_6/rep1_2.fq,1,test
Herpesviridae__HSV-2__isolate6__rep2,Herpesviridae,5,HSV-2,1,6,2,data/reads_multi/Herpesviridae/HSV-2/isolate_6/rep2_1.fq,data/reads_multi/Herpesviridae/HSV-2/isolate_6/rep2_2.fq,1,test
Herpesviridae__HSV-2__isolate6__rep3,Herpesviridae,5,HSV-2,1,6,3,data/reads_multi/Herpesviridae/HSV-2/isolate_6/rep3_1.fq,data/reads_multi/Herpesviridae/HSV-2/isolate_6/rep3_2.fq,1,test
Herpesviridae__HSV-2__isolate6__rep4,Herpesviridae,5,HSV-2,1,6,4,data/reads_multi/Herpesviridae/HSV-2/isolate_6/rep4_1.fq,data/reads_multi/Herpesviridae/HSV-2/isolate_6/rep4_2.fq,1,test
Herpesviridae__HSV-2__isolate6__rep5,Herpesviridae,5,HSV-2,1,6,5,data/reads_multi/Herpesviridae/HSV-2/isolate_6/rep5_1.fq,data/reads_multi/Herpesviridae/HSV-2/isolate_6/rep5_2.fq,1,test
Herpesviridae__HSV-2__isolate7__rep0,Herpesviridae,5,HSV-2,1,7,0,data/reads_multi/Herpesviridae/HSV-2/isolate_7/rep0_1.fq,data/reads_multi/Herpesviridae/HSV-2/isolate_7/rep0_2.fq,2,val
Herpesviridae__HSV-2__isolate7__rep1,Herpesviridae,5,HSV-2,1,7,1,data/reads_multi/Herpesviridae/HSV-2/isolate_7/rep1_1.fq,data/reads_multi/Herpesviridae/HSV-2/isolate_7/rep1_2.fq,2,val
Herpesviridae__HSV-2__isolate7__rep2,Herpesviridae,5,HSV-2,1,7,2,data/reads_multi/Herpesviridae/HSV-2/isolate_7/rep2_1.fq,data/reads_multi/Herpesviridae/HSV-2/isolate_7/rep2_2.fq,2,val
Herpesviridae__HSV-2__isolate7__rep3,Herpesviridae,5,HSV-2,1,7,3,data/reads_multi/Herpesviridae/HSV-2/isolate_7/rep3_1.fq,data/reads_multi/Herpesviridae/HSV-2/isolate_7/rep3_2.fq,2,val
Herpesviridae__HSV-2__isolate7__rep4,Herpesviridae,5,HSV-2,1,7,4,data/reads_multi/Herpesviridae/HSV-2/isolate_7/rep4_1.fq,data/reads_multi/Herpesviridae/HSV-2/isolate_7/rep4_2.fq,2,val
Herpesviridae__HSV-2__isolate7__rep5,Herpesviridae,5,HSV-2,1,7,5,data/reads_multi/Herpesviridae/HSV-2/isolate_7/rep5_1.fq,data/reads_multi/Herpesviridae/HSV-2/isolate_7/rep5_2.fq,2,val
Herpesviridae__HSV-2__isolate8__rep0,Herpesviridae,5,HSV-2,1,8,0,data/reads_multi/Herpesviridae/HSV-2/isolate_8/rep0_1.fq,data/reads_multi/Herpesviridae/HSV-2/isolate_8/rep0_2.fq,3,train
Herpesviridae__HSV-2__isolate8__rep1,Herpesviridae,5,HSV-2,1,8,1,data/reads_multi/Herpesviridae/HSV-2/isolate_8/rep1_1.fq,data/reads_multi/Herpesviridae/HSV-2/isolate_8/rep1_2.fq,3,train
Herpesviridae__HSV-2__isolate8__rep2,Herpesviridae,5,HSV-2,1,8,2,data/reads_multi/Herpesviridae/HSV-2/isolate_8/rep2_1.fq,data/reads_multi/Herpesviridae/HSV-2/isolate_8/rep2_2.fq,3,train
Herpesviridae__HSV-2__isolate8__rep3,Herpesviridae,5,HSV-2,1,8,3,data/reads_multi/Herpesviridae/HSV-2/isolate_8/rep3_1.fq,data/reads_multi/Herpesviridae/HSV-2/isolate_8/rep3_2.fq,3,train
Herpesviridae__HSV-2__isolate8__rep4,Herpesviridae,5,HSV-2,1,8,4,data/reads_multi/Herpesviridae/HSV-2/isolate_8/rep4_1.fq,data/reads_multi/Herpesviridae/HSV-2/isolate_8/rep4_2.fq,3,train
Herpesviridae__HSV-2__isolate8__rep5,Herpesviridae,5,HSV-2,1,8,5,data/reads_multi/Herpesviridae/HSV-2/isolate_8/rep5_1.fq,data/reads_multi/Herpesviridae/HSV-2/isolate_8/rep5_2.fq,3,train
Herpesviridae__HSV-2__isolate9__rep0,Herpesviridae,5,HSV-2,1,9,0,data/reads_multi/Herpesviridae/HSV-2/isolate_9/rep0_1.fq,data/reads_multi/Herpesviridae/HSV-2/isolate_9/rep0_2.fq,4,train
Herpesviridae__HSV-2__isolate9__rep1,Herpesviridae,5,HSV-2,1,9,1,data/reads_multi/Herpesviridae/HSV-2/isolate_9/rep1_1.fq,data/reads_multi/Herpesviridae/HSV-2/isolate_9/rep1_2.fq,4,train
Herpesviridae__HSV-2__isolate9__rep2,Herpesviridae,5,HSV-2,1,9,2,data/reads_multi/Herpesviridae/HSV-2/isolate_9/rep2_1.fq,data/reads_multi/Herpesviridae/HSV-2/isolate_9/rep2_2.fq,4,train
Herpesviridae__HSV-2__isolate9__rep3,Herpesviridae,5,HSV-2,1,9,3,data/reads_multi/Herpesviridae/HSV-2/isolate_9/rep3_1.fq,data/reads_multi/Herpesviridae/HSV-2/isolate_9/rep3_2.fq,4,train
Herpesviridae__HSV-2__isolate9__rep4,Herpesviridae,5,HSV-2,1,9,4,data/reads_multi/Herpesviridae/HSV-2/isolate_9/rep4_1.fq,data/reads_multi/Herpesviridae/HSV-2/isolate_9/rep4_2.fq,4,train
Herpesviridae__HSV-2__isolate9__rep5,Herpesviridae,5,HSV-2,1,9,5,data/reads_multi/Herpesviridae/HSV-2/isolate_9/rep5_1.fq,data/reads_multi/Herpesviridae/HSV-2/isolate_9/rep5_2.fq,4,train
Herpesviridae__VZV__isolate0__rep0,Herpesviridae,5,VZV,2,0,0,data/reads_multi/Herpesviridae/VZV/isolate_0/rep0_1.fq,data/reads_multi/Herpesviridae/VZV/isolate_0/rep0_2.fq,0,train
Herpesviridae__VZV__isolate0__rep1,Herpesviridae,5,VZV,2,0,1,data/reads_multi/Herpesviridae/VZV/isolate_0/rep1_1.fq,data/reads_multi/Herpesviridae/VZV/isolate_0/rep1_2.fq,0,train
Herpesviridae__VZV__isolate0__rep2,Herpesviridae,5,VZV,2,0,2,data/reads_multi/Herpesviridae/VZV/isolate_0/rep2_1.fq,data/reads_multi/Herpesviridae/VZV/isolate_0/rep2_2.fq,0,train
Herpesviridae__VZV__isolate0__rep3,Herpesviridae,5,VZV,2,0,3,data/reads_multi/Herpesviridae/VZV/isolate_0/rep3_1.fq,data/reads_multi/Herpesviridae/VZV/isolate_0/rep3_2.fq,0,train
Herpesviridae__VZV__isolate0__rep4,Herpesviridae,5,VZV,2,0,4,data/reads_multi/Herpesviridae/VZV/isolate_0/rep4_1.fq,data/reads_multi/Herpesviridae/VZV/isolate_0/rep4_2.fq,0,train
Herpesviridae__VZV__isolate0__rep5,Herpesviridae,5,VZV,2,0,5,data/reads_multi/Herpesviridae/VZV/isolate_0/rep5_1.fq,data/reads_multi/Herpesviridae/VZV/isolate_0/rep5_2.fq,0,train
Herpesviridae__VZV__isolate1__rep0,Herpesviridae,5,VZV,2,1,0,data/reads_multi/Herpesviridae/VZV/isolate_1/rep0_1.fq,data/reads_multi/Herpesviridae/VZV/isolate_1/rep0_2.fq,1,test
Herpesviridae__VZV__isolate1__rep1,Herpesviridae,5,VZV,2,1,1,data/reads_multi/Herpesviridae/VZV/isolate_1/rep1_1.fq,data/reads_multi/Herpesviridae/VZV/isolate_1/rep1_2.fq,1,test
Herpesviridae__VZV__isolate1__rep2,Herpesviridae,5,VZV,2,1,2,data/reads_multi/Herpesviridae/VZV/isolate_1/rep2_1.fq,data/reads_multi/Herpesviridae/VZV/isolate_1/rep2_2.fq,1,test
Herpesviridae__VZV__isolate1__rep3,Herpesviridae,5,VZV,2,1,3,data/reads_multi/Herpesviridae/VZV/isolate_1/rep3_1.fq,data/reads_multi/Herpesviridae/VZV/isolate_1/rep3_2.fq,1,test
Herpesviridae__VZV__isolate1__rep4,Herpesviridae,5,VZV,2,1,4,data/reads_multi/Herpesviridae/VZV/isolate_1/rep4_1.fq,data/reads_multi/Herpesviridae/VZV/isolate_1/rep4_2.fq,1,test
Herpesviridae__VZV__isolate1__rep5,Herpesviridae,5,VZV,2,1,5,data/reads_multi/Herpesviridae/VZV/isolate_1/rep5_1.fq,data/reads_multi/Herpesviridae/VZV/isolate_1/rep5_2.fq,1,test
Herpesviridae__VZV__isolate2__rep0,Herpesviridae,5,VZV,2,2,0,data/reads_multi/Herpesviridae/VZV/isolate_2/rep0_1.fq,data/reads_multi/Herpesviridae/VZV/isolate_2/rep0_2.fq,2,val
Herpesviridae__VZV__isolate2__rep1,Herpesviridae,5,VZV,2,2,1,data/reads_multi/Herpesviridae/VZV/isolate_2/rep1_1.fq,data/reads_multi/Herpesviridae/VZV/isolate_2/rep1_2.fq,2,val
Herpesviridae__VZV__isolate2__rep2,Herpesviridae,5,VZV,2,2,2,data/reads_multi/Herpesviridae/VZV/isolate_2/rep2_1.fq,data/reads_multi/Herpesviridae/VZV/isolate_2/rep2_2.fq,2,val
Herpesviridae__VZV__isolate2__rep3,Herpesviridae,5,VZV,2,2,3,data/reads_multi/Herpesviridae/VZV/isolate_2/rep3_1.fq,data/reads_multi/Herpesviridae/VZV/isolate_2/rep3_2.fq,2,val
Herpesviridae__VZV__isolate2__rep4,Herpesviridae,5,VZV,2,2,4,data/reads_multi/Herpesviridae/VZV/isolate_2/rep4_1.fq,data/reads_multi/Herpesviridae/VZV/isolate_2/rep4_2.fq,2,val
Herpesviridae__VZV__isolate2__rep5,Herpesviridae,5,VZV,2,2,5,data/reads_multi/Herpesviridae/VZV/isolate_2/rep5_1.fq,data/reads_multi/Herpesviridae/VZV/isolate_2/rep5_2.fq,2,val
Herpesviridae__VZV__isolate3__rep0,Herpesviridae,5,VZV,2,3,0,data/reads_multi/Herpesviridae/VZV/isolate_3/rep0_1.fq,data/reads_multi/Herpesviridae/VZV/isolate_3/rep0_2.fq,3,train
Herpesviridae__VZV__isolate3__rep1,Herpesviridae,5,VZV,2,3,1,data/reads_multi/Herpesviridae/VZV/isolate_3/rep1_1.fq,data/reads_multi/Herpesviridae/VZV/isolate_3/rep1_2.fq,3,train
Herpesviridae__VZV__isolate3__rep2,Herpesviridae,5,VZV,2,3,2,data/reads_multi/Herpesviridae/VZV/isolate_3/rep2_1.fq,data/reads_multi/Herpesviridae/VZV/isolate_3/rep2_2.fq,3,train
Herpesviridae__VZV__isolate3__rep3,Herpesviridae,5,VZV,2,3,3,data/reads_multi/Herpesviridae/VZV/isolate_3/rep3_1.fq,data/reads_multi/Herpesviridae/VZV/isolate_3/rep3_2.fq,3,train
Herpesviridae__VZV__isolate3__rep4,Herpesviridae,5,VZV,2,3,4,data/reads_multi/Herpesviridae/VZV/isolate_3/rep4_1.fq,data/reads_multi/Herpesviridae/VZV/isolate_3/rep4_2.fq,3,train
Herpesviridae__VZV__isolate3__rep5,Herpesviridae,5,VZV,2,3,5,data/reads_multi/Herpesviridae/VZV/isolate_3/rep5_1.fq,data/reads_multi/Herpesviridae/VZV/isolate_3/rep5_2.fq,3,train
Herpesviridae__VZV__isolate4__rep0,Herpesviridae,5,VZV,2,4,0,data/reads_multi/Herpesviridae/VZV/isolate_4/rep0_1.fq,data/reads_multi/Herpesviridae/VZV/isolate_4/rep0_2.fq,4,train
Herpesviridae__VZV__isolate4__rep1,Herpesviridae,5,VZV,2,4,1,data/reads_multi/Herpesviridae/VZV/isolate_4/rep1_1.fq,data/reads_multi/Herpesviridae/VZV/isolate_4/rep1_2.fq,4,train
Herpesviridae__VZV__isolate4__rep2,Herpesviridae,5,VZV,2,4,2,data/reads_multi/Herpesviridae/VZV/isolate_4/rep2_1.fq,data/reads_multi/Herpesviridae/VZV/isolate_4/rep2_2.fq,4,train
Herpesviridae__VZV__isolate4__rep3,Herpesviridae,5,VZV,2,4,3,data/reads_multi/Herpesviridae/VZV/isolate_4/rep3_1.fq,data/reads_multi/Herpesviridae/VZV/isolate_4/rep3_2.fq,4,train
Herpesviridae__VZV__isolate4__rep4,Herpesviridae,5,VZV,2,4,4,data/reads_multi/Herpesviridae/VZV/isolate_4/rep4_1.fq,data/reads_multi/Herpesviridae/VZV/isolate_4/rep4_2.fq,4,train
Herpesviridae__VZV__isolate4__rep5,Herpesviridae,5,VZV,2,4,5,data/reads_multi/Herpesviridae/VZV/isolate_4/rep5_1.fq,data/reads_multi/Herpesviridae/VZV/isolate_4/rep5_2.fq,4,train
Herpesviridae__VZV__isolate5__rep0,Herpesviridae,5,VZV,2,5,0,data/reads_multi/Herpesviridae/VZV/isolate_5/rep0_1.fq,data/reads_multi/Herpesviridae/VZV/isolate_5/rep0_2.fq,0,train
Herpesviridae__VZV__isolate5__rep1,Herpesviridae,5,VZV,2,5,1,data/reads_multi/Herpesviridae/VZV/isolate_5/rep1_1.fq,data/reads_multi/Herpesviridae/VZV/isolate_5/rep1_2.fq,0,train
Herpesviridae__VZV__isolate5__rep2,Herpesviridae,5,VZV,2,5,2,data/reads_multi/Herpesviridae/VZV/isolate_5/rep2_1.fq,data/reads_multi/Herpesviridae/VZV/isolate_5/rep2_2.fq,0,train
Herpesviridae__VZV__isolate5__rep3,Herpesviridae,5,VZV,2,5,3,data/reads_multi/Herpesviridae/VZV/isolate_5/rep3_1.fq,data/reads_multi/Herpesviridae/VZV/isolate_5/rep3_2.fq,0,train
Herpesviridae__VZV__isolate5__rep4,Herpesviridae,5,VZV,2,5,4,data/reads_multi/Herpesviridae/VZV/isolate_5/rep4_1.fq,data/reads_multi/Herpesviridae/VZV/isolate_5/rep4_2.fq,0,train
Herpesviridae__VZV__isolate5__rep5,Herpesviridae,5,VZV,2,5,5,data/reads_multi/Herpesviridae/VZV/isolate_5/rep5_1.fq,data/reads_multi/Herpesviridae/VZV/isolate_5/rep5_2.fq,0,train
Herpesviridae__VZV__isolate6__rep0,Herpesviridae,5,VZV,2,6,0,data/reads_multi/Herpesviridae/VZV/isolate_6/rep0_1.fq,data/reads_multi/Herpesviridae/VZV/isolate_6/rep0_2.fq,1,test
Herpesviridae__VZV__isolate6__rep1,Herpesviridae,5,VZV,2,6,1,data/reads_multi/Herpesviridae/VZV/isolate_6/rep1_1.fq,data/reads_multi/Herpesviridae/VZV/isolate_6/rep1_2.fq,1,test
Herpesviridae__VZV__isolate6__rep2,Herpesviridae,5,VZV,2,6,2,data/reads_multi/Herpesviridae/VZV/isolate_6/rep2_1.fq,data/reads_multi/Herpesviridae/VZV/isolate_6/rep2_2.fq,1,test
Herpesviridae__VZV__isolate6__rep3,Herpesviridae,5,VZV,2,6,3,data/reads_multi/Herpesviridae/VZV/isolate_6/rep3_1.fq,data/reads_multi/Herpesviridae/VZV/isolate_6/rep3_2.fq,1,test
Herpesviridae__VZV__isolate6__rep4,Herpesviridae,5,VZV,2,6,4,data/reads_multi/Herpesviridae/VZV/isolate_6/rep4_1.fq,data/reads_multi/Herpesviridae/VZV/isolate_6/rep4_2.fq,1,test
Herpesviridae__VZV__isolate6__rep5,Herpesviridae,5,VZV,2,6,5,data/reads_multi/Herpesviridae/VZV/isolate_6/rep5_1.fq,data/reads_multi/Herpesviridae/VZV/isolate_6/rep5_2.fq,1,test
Herpesviridae__VZV__isolate7__rep0,Herpesviridae,5,VZV,2,7,0,data/reads_multi/Herpesviridae/VZV/isolate_7/rep0_1.fq,data/reads_multi/Herpesviridae/VZV/isolate_7/rep0_2.fq,2,val
Herpesviridae__VZV__isolate7__rep1,Herpesviridae,5,VZV,2,7,1,data/reads_multi/Herpesviridae/VZV/isolate_7/rep1_1.fq,data/reads_multi/Herpesviridae/VZV/isolate_7/rep1_2.fq,2,val
Herpesviridae__VZV__isolate7__rep2,Herpesviridae,5,VZV,2,7,2,data/reads_multi/Herpesviridae/VZV/isolate_7/rep2_1.fq,data/reads_multi/Herpesviridae/VZV/isolate_7/rep2_2.fq,2,val
Herpesviridae__VZV__isolate7__rep3,Herpesviridae,5,VZV,2,7,3,data/reads_multi/Herpesviridae/VZV/isolate_7/rep3_1.fq,data/reads_multi/Herpesviridae/VZV/isolate_7/rep3_2.fq,2,val
Herpesviridae__VZV__isolate7__rep4,Herpesviridae,5,VZV,2,7,4,data/reads_multi/Herpesviridae/VZV/isolate_7/rep4_1.fq,data/reads_multi/Herpesviridae/VZV/isolate_7/rep4_2.fq,2,val
Herpesviridae__VZV__isolate7__rep5,Herpesviridae,5,VZV,2,7,5,data/reads_multi/Herpesviridae/VZV/isolate_7/rep5_1.fq,data/reads_multi/Herpesviridae/VZV/isolate_7/rep5_2.fq,2,val
Herpesviridae__VZV__isolate8__rep0,Herpesviridae,5,VZV,2,8,0,data/reads_multi/Herpesviridae/VZV/isolate_8/rep0_1.fq,data/reads_multi/Herpesviridae/VZV/isolate_8/rep0_2.fq,3,train
Herpesviridae__VZV__isolate8__rep1,Herpesviridae,5,VZV,2,8,1,data/reads_multi/Herpesviridae/VZV/isolate_8/rep1_1.fq,data/reads_multi/Herpesviridae/VZV/isolate_8/rep1_2.fq,3,train
Herpesviridae__VZV__isolate8__rep2,Herpesviridae,5,VZV,2,8,2,data/reads_multi/Herpesviridae/VZV/isolate_8/rep2_1.fq,data/reads_multi/Herpesviridae/VZV/isolate_8/rep2_2.fq,3,train
Herpesviridae__VZV__isolate8__rep3,Herpesviridae,5,VZV,2,8,3,data/reads_multi/Herpesviridae/VZV/isolate_8/rep3_1.fq,data/reads_multi/Herpesviridae/VZV/isolate_8/rep3_2.fq,3,train
Herpesviridae__VZV__isolate8__rep4,Herpesviridae,5,VZV,2,8,4,data/reads_multi/Herpesviridae/VZV/isolate_8/rep4_1.fq,data/reads_multi/Herpesviridae/VZV/isolate_8/rep4_2.fq,3,train
Herpesviridae__VZV__isolate8__rep5,Herpesviridae,5,VZV,2,8,5,data/reads_multi/Herpesviridae/VZV/isolate_8/rep5_1.fq,data/reads_multi/Herpesviridae/VZV/isolate_8/rep5_2.fq,3,train
Herpesviridae__VZV__isolate9__rep0,Herpesviridae,5,VZV,2,9,0,data/reads_multi/Herpesviridae/VZV/isolate_9/rep0_1.fq,data/reads_multi/Herpesviridae/VZV/isolate_9/rep0_2.fq,4,train
Herpesviridae__VZV__isolate9__rep1,Herpesviridae,5,VZV,2,9,1,data/reads_multi/Herpesviridae/VZV/isolate_9/rep1_1.fq,data/reads_multi/Herpesviridae/VZV/isolate_9/rep1_2.fq,4,train
Herpesviridae__VZV__isolate9__rep2,Herpesviridae,5,VZV,2,9,2,data/reads_multi/Herpesviridae/VZV/isolate_9/rep2_1.fq,data/reads_multi/Herpesviridae/VZV/isolate_9/rep2_2.fq,4,train
Herpesviridae__VZV__isolate9__rep3,Herpesviridae,5,VZV,2,9,3,data/reads_multi/Herpesviridae/VZV/isolate_9/rep3_1.fq,data/reads_multi/Herpesviridae/VZV/isolate_9/rep3_2.fq,4,train
Herpesviridae__VZV__isolate9__rep4,Herpesviridae,5,VZV,2,9,4,data/reads_multi/Herpesviridae/VZV/isolate_9/rep4_1.fq,data/reads_multi/Herpesviridae/VZV/isolate_9/rep4_2.fq,4,train
Herpesviridae__VZV__isolate9__rep5,Herpesviridae,5,VZV,2,9,5,data/reads_multi/Herpesviridae/VZV/isolate_9/rep5_1.fq,data/reads_multi/Herpesviridae/VZV/isolate_9/rep5_2.fq,4,train
Herpesviridae__EBV__isolate0__rep0,Herpesviridae,5,EBV,3,0,0,data/reads_multi/Herpesviridae/EBV/isolate_0/rep0_1.fq,data/reads_multi/Herpesviridae/EBV/isolate_0/rep0_2.fq,0,train
Herpesviridae__EBV__isolate0__rep1,Herpesviridae,5,EBV,3,0,1,data/reads_multi/Herpesviridae/EBV/isolate_0/rep1_1.fq,data/reads_multi/Herpesviridae/EBV/isolate_0/rep1_2.fq,0,train
Herpesviridae__EBV__isolate0__rep2,Herpesviridae,5,EBV,3,0,2,data/reads_multi/Herpesviridae/EBV/isolate_0/rep2_1.fq,data/reads_multi/Herpesviridae/EBV/isolate_0/rep2_2.fq,0,train
Herpesviridae__EBV__isolate0__rep3,Herpesviridae,5,EBV,3,0,3,data/reads_multi/Herpesviridae/EBV/isolate_0/rep3_1.fq,data/reads_multi/Herpesviridae/EBV/isolate_0/rep3_2.fq,0,train
Herpesviridae__EBV__isolate0__rep4,Herpesviridae,5,EBV,3,0,4,data/reads_multi/Herpesviridae/EBV/isolate_0/rep4_1.fq,data/reads_multi/Herpesviridae/EBV/isolate_0/rep4_2.fq,0,train
Herpesviridae__EBV__isolate0__rep5,Herpesviridae,5,EBV,3,0,5,data/reads_multi/Herpesviridae/EBV/isolate_0/rep5_1.fq,data/reads_multi/Herpesviridae/EBV/isolate_0/rep5_2.fq,0,train
Herpesviridae__EBV__isolate1__rep0,Herpesviridae,5,EBV,3,1,0,data/reads_multi/Herpesviridae/EBV/isolate_1/rep0_1.fq,data/reads_multi/Herpesviridae/EBV/isolate_1/rep0_2.fq,1,test
Herpesviridae__EBV__isolate1__rep1,Herpesviridae,5,EBV,3,1,1,data/reads_multi/Herpesviridae/EBV/isolate_1/rep1_1.fq,data/reads_multi/Herpesviridae/EBV/isolate_1/rep1_2.fq,1,test
Herpesviridae__EBV__isolate1__rep2,Herpesviridae,5,EBV,3,1,2,data/reads_multi/Herpesviridae/EBV/isolate_1/rep2_1.fq,data/reads_multi/Herpesviridae/EBV/isolate_1/rep2_2.fq,1,test
Herpesviridae__EBV__isolate1__rep3,Herpesviridae,5,EBV,3,1,3,data/reads_multi/Herpesviridae/EBV/isolate_1/rep3_1.fq,data/reads_multi/Herpesviridae/EBV/isolate_1/rep3_2.fq,1,test
Herpesviridae__EBV__isolate1__rep4,Herpesviridae,5,EBV,3,1,4,data/reads_multi/Herpesviridae/EBV/isolate_1/rep4_1.fq,data/reads_multi/Herpesviridae/EBV/isolate_1/rep4_2.fq,1,test
Herpesviridae__EBV__isolate1__rep5,Herpesviridae,5,EBV,3,1,5,data/reads_multi/Herpesviridae/EBV/isolate_1/rep5_1.fq,data/reads_multi/Herpesviridae/EBV/isolate_1/rep5_2.fq,1,test
Herpesviridae__EBV__isolate2__rep0,Herpesviridae,5,EBV,3,2,0,data/reads_multi/Herpesviridae/EBV/isolate_2/rep0_1.fq,data/reads_multi/Herpesviridae/EBV/isolate_2/rep0_2.fq,2,val
Herpesviridae__EBV__isolate2__rep1,Herpesviridae,5,EBV,3,2,1,data/reads_multi/Herpesviridae/EBV/isolate_2/rep1_1.fq,data/reads_multi/Herpesviridae/EBV/isolate_2/rep1_2.fq,2,val
Herpesviridae__EBV__isolate2__rep2,Herpesviridae,5,EBV,3,2,2,data/reads_multi/Herpesviridae/EBV/isolate_2/rep2_1.fq,data/reads_multi/Herpesviridae/EBV/isolate_2/rep2_2.fq,2,val
Herpesviridae__EBV__isolate2__rep3,Herpesviridae,5,EBV,3,2,3,data/reads_multi/Herpesviridae/EBV/isolate_2/rep3_1.fq,data/reads_multi/Herpesviridae/EBV/isolate_2/rep3_2.fq,2,val
Herpesviridae__EBV__isolate2__rep4,Herpesviridae,5,EBV,3,2,4,data/reads_multi/Herpesviridae/EBV/isolate_2/rep4_1.fq,data/reads_multi/Herpesviridae/EBV/isolate_2/rep4_2.fq,2,val
Herpesviridae__EBV__isolate2__rep5,Herpesviridae,5,EBV,3,2,5,data/reads_multi/Herpesviridae/EBV/isolate_2/rep5_1.fq,data/reads_multi/Herpesviridae/EBV/isolate_2/rep5_2.fq,2,val
Herpesviridae__EBV__isolate3__rep0,Herpesviridae,5,EBV,3,3,0,data/reads_multi/Herpesviridae/EBV/isolate_3/rep0_1.fq,data/reads_multi/Herpesviridae/EBV/isolate_3/rep0_2.fq,3,train
Herpesviridae__EBV__isolate3__rep1,Herpesviridae,5,EBV,3,3,1,data/reads_multi/Herpesviridae/EBV/isolate_3/rep1_1.fq,data/reads_multi/Herpesviridae/EBV/isolate_3/rep1_2.fq,3,train
Herpesviridae__EBV__isolate3__rep2,Herpesviridae,5,EBV,3,3,2,data/reads_multi/Herpesviridae/EBV/isolate_3/rep2_1.fq,data/reads_multi/Herpesviridae/EBV/isolate_3/rep2_2.fq,3,train
Herpesviridae__EBV__isolate3__rep3,Herpesviridae,5,EBV,3,3,3,data/reads_multi/Herpesviridae/EBV/isolate_3/rep3_1.fq,data/reads_multi/Herpesviridae/EBV/isolate_3/rep3_2.fq,3,train
Herpesviridae__EBV__isolate3__rep4,Herpesviridae,5,EBV,3,3,4,data/reads_multi/Herpesviridae/EBV/isolate_3/rep4_1.fq,data/reads_multi/Herpesviridae/EBV/isolate_3/rep4_2.fq,3,train
Herpesviridae__EBV__isolate3__rep5,Herpesviridae,5,EBV,3,3,5,data/reads_multi/Herpesviridae/EBV/isolate_3/rep5_1.fq,data/reads_multi/Herpesviridae/EBV/isolate_3/rep5_2.fq,3,train
Herpesviridae__EBV__isolate4__rep0,Herpesviridae,5,EBV,3,4,0,data/reads_multi/Herpesviridae/EBV/isolate_4/rep0_1.fq,data/reads_multi/Herpesviridae/EBV/isolate_4/rep0_2.fq,4,train
Herpesviridae__EBV__isolate4__rep1,Herpesviridae,5,EBV,3,4,1,data/reads_multi/Herpesviridae/EBV/isolate_4/rep1_1.fq,data/reads_multi/Herpesviridae/EBV/isolate_4/rep1_2.fq,4,train
Herpesviridae__EBV__isolate4__rep2,Herpesviridae,5,EBV,3,4,2,data/reads_multi/Herpesviridae/EBV/isolate_4/rep2_1.fq,data/reads_multi/Herpesviridae/EBV/isolate_4/rep2_2.fq,4,train
Herpesviridae__EBV__isolate4__rep3,Herpesviridae,5,EBV,3,4,3,data/reads_multi/Herpesviridae/EBV/isolate_4/rep3_1.fq,data/reads_multi/Herpesviridae/EBV/isolate_4/rep3_2.fq,4,train
Herpesviridae__EBV__isolate4__rep4,Herpesviridae,5,EBV,3,4,4,data/reads_multi/Herpesviridae/EBV/isolate_4/rep4_1.fq,data/reads_multi/Herpesviridae/EBV/isolate_4/rep4_2.fq,4,train
Herpesviridae__EBV__isolate4__rep5,Herpesviridae,5,EBV,3,4,5,data/reads_multi/Herpesviridae/EBV/isolate_4/rep5_1.fq,data/reads_multi/Herpesviridae/EBV/isolate_4/rep5_2.fq,4,train
Herpesviridae__EBV__isolate5__rep0,Herpesviridae,5,EBV,3,5,0,data/reads_multi/Herpesviridae/EBV/isolate_5/rep0_1.fq,data/reads_multi/Herpesviridae/EBV/isolate_5/rep0_2.fq,0,train
Herpesviridae__EBV__isolate5__rep1,Herpesviridae,5,EBV,3,5,1,data/reads_multi/Herpesviridae/EBV/isolate_5/rep1_1.fq,data/reads_multi/Herpesviridae/EBV/isolate_5/rep1_2.fq,0,train
Herpesviridae__EBV__isolate5__rep2,Herpesviridae,5,EBV,3,5,2,data/reads_multi/Herpesviridae/EBV/isolate_5/rep2_1.fq,data/reads_multi/Herpesviridae/EBV/isolate_5/rep2_2.fq,0,train
Herpesviridae__EBV__isolate5__rep3,Herpesviridae,5,EBV,3,5,3,data/reads_multi/Herpesviridae/EBV/isolate_5/rep3_1.fq,data/reads_multi/Herpesviridae/EBV/isolate_5/rep3_2.fq,0,train
Herpesviridae__EBV__isolate5__rep4,Herpesviridae,5,EBV,3,5,4,data/reads_multi/Herpesviridae/EBV/isolate_5/rep4_1.fq,data/reads_multi/Herpesviridae/EBV/isolate_5/rep4_2.fq,0,train
Herpesviridae__EBV__isolate5__rep5,Herpesviridae,5,EBV,3,5,5,data/reads_multi/Herpesviridae/EBV/isolate_5/rep5_1.fq,data/reads_multi/Herpesviridae/EBV/isolate_5/rep5_2.fq,0,train
Herpesviridae__EBV__isolate6__rep0,Herpesviridae,5,EBV,3,6,0,data/reads_multi/Herpesviridae/EBV/isolate_6/rep0_1.fq,data/reads_multi/Herpesviridae/EBV/isolate_6/rep0_2.fq,1,test
Herpesviridae__EBV__isolate6__rep1,Herpesviridae,5,EBV,3,6,1,data/reads_multi/Herpesviridae/EBV/isolate_6/rep1_1.fq,data/reads_multi/Herpesviridae/EBV/isolate_6/rep1_2.fq,1,test
Herpesviridae__EBV__isolate6__rep2,Herpesviridae,5,EBV,3,6,2,data/reads_multi/Herpesviridae/EBV/isolate_6/rep2_1.fq,data/reads_multi/Herpesviridae/EBV/isolate_6/rep2_2.fq,1,test
Herpesviridae__EBV__isolate6__rep3,Herpesviridae,5,EBV,3,6,3,data/reads_multi/Herpesviridae/EBV/isolate_6/rep3_1.fq,data/reads_multi/Herpesviridae/EBV/isolate_6/rep3_2.fq,1,test
Herpesviridae__EBV__isolate6__rep4,Herpesviridae,5,EBV,3,6,4,data/reads_multi/Herpesviridae/EBV/isolate_6/rep4_1.fq,data/reads_multi/Herpesviridae/EBV/isolate_6/rep4_2.fq,1,test
Herpesviridae__EBV__isolate6__rep5,Herpesviridae,5,EBV,3,6,5,data/reads_multi/Herpesviridae/EBV/isolate_6/rep5_1.fq,data/reads_multi/Herpesviridae/EBV/isolate_6/rep5_2.fq,1,test
Herpesviridae__EBV__isolate7__rep0,Herpesviridae,5,EBV,3,7,0,data/reads_multi/Herpesviridae/EBV/isolate_7/rep0_1.fq,data/reads_multi/Herpesviridae/EBV/isolate_7/rep0_2.fq,2,val
Herpesviridae__EBV__isolate7__rep1,Herpesviridae,5,EBV,3,7,1,data/reads_multi/Herpesviridae/EBV/isolate_7/rep1_1.fq,data/reads_multi/Herpesviridae/EBV/isolate_7/rep1_2.fq,2,val
Herpesviridae__EBV__isolate7__rep2,Herpesviridae,5,EBV,3,7,2,data/reads_multi/Herpesviridae/EBV/isolate_7/rep2_1.fq,data/reads_multi/Herpesviridae/EBV/isolate_7/rep2_2.fq,2,val
Herpesviridae__EBV__isolate7__rep3,Herpesviridae,5,EBV,3,7,3,data/reads_multi/Herpesviridae/EBV/isolate_7/rep3_1.fq,data/reads_multi/Herpesviridae/EBV/isolate_7/rep3_2.fq,2,val
Herpesviridae__EBV__isolate7__rep4,Herpesviridae,5,EBV,3,7,4,data/reads_multi/Herpesviridae/EBV/isolate_7/rep4_1.fq,data/reads_multi/Herpesviridae/EBV/isolate_7/rep4_2.fq,2,val
Herpesviridae__EBV__isolate7__rep5,Herpesviridae,5,EBV,3,7,5,data/reads_multi/Herpesviridae/EBV/isolate_7/rep5_1.fq,data/reads_multi/Herpesviridae/EBV/isolate_7/rep5_2.fq,2,val
Herpesviridae__EBV__isolate8__rep0,Herpesviridae,5,EBV,3,8,0,data/reads_multi/Herpesviridae/EBV/isolate_8/rep0_1.fq,data/reads_multi/Herpesviridae/EBV/isolate_8/rep0_2.fq,3,train
Herpesviridae__EBV__isolate8__rep1,Herpesviridae,5,EBV,3,8,1,data/reads_multi/Herpesviridae/EBV/isolate_8/rep1_1.fq,data/reads_multi/Herpesviridae/EBV/isolate_8/rep1_2.fq,3,train
Herpesviridae__EBV__isolate8__rep2,Herpesviridae,5,EBV,3,8,2,data/reads_multi/Herpesviridae/EBV/isolate_8/rep2_1.fq,data/reads_multi/Herpesviridae/EBV/isolate_8/rep2_2.fq,3,train
Herpesviridae__EBV__isolate8__rep3,Herpesviridae,5,EBV,3,8,3,data/reads_multi/Herpesviridae/EBV/isolate_8/rep3_1.fq,data/reads_multi/Herpesviridae/EBV/isolate_8/rep3_2.fq,3,train
Herpesviridae__EBV__isolate8__rep4,Herpesviridae,5,EBV,3,8,4,data/reads_multi/Herpesviridae/EBV/isolate_8/rep4_1.fq,data/reads_multi/Herpesviridae/EBV/isolate_8/rep4_2.fq,3,train
Herpesviridae__EBV__isolate8__rep5,Herpesviridae,5,EBV,3,8,5,data/reads_multi/Herpesviridae/EBV/isolate_8/rep5_1.fq,data/reads_multi/Herpesviridae/EBV/isolate_8/rep5_2.fq,3,train
Herpesviridae__EBV__isolate9__rep0,Herpesviridae,5,EBV,3,9,0,data/reads_multi/Herpesviridae/EBV/isolate_9/rep0_1.fq,data/reads_multi/Herpesviridae/EBV/isolate_9/rep0_2.fq,4,train
Herpesviridae__EBV__isolate9__rep1,Herpesviridae,5,EBV,3,9,1,data/reads_multi/Herpesviridae/EBV/isolate_9/rep1_1.fq,data/reads_multi/Herpesviridae/EBV/isolate_9/rep1_2.fq,4,train
Herpesviridae__EBV__isolate9__rep2,Herpesviridae,5,EBV,3,9,2,data/reads_multi/Herpesviridae/EBV/isolate_9/rep2_1.fq,data/reads_multi/Herpesviridae/EBV/isolate_9/rep2_2.fq,4,train
Herpesviridae__EBV__isolate9__rep3,Herpesviridae,5,EBV,3,9,3,data/reads_multi/Herpesviridae/EBV/isolate_9/rep3_1.fq,data/reads_multi/Herpesviridae/EBV/isolate_9/rep3_2.fq,4,train
Herpesviridae__EBV__isolate9__rep4,Herpesviridae,5,EBV,3,9,4,data/reads_multi/Herpesviridae/EBV/isolate_9/rep4_1.fq,data/reads_multi/Herpesviridae/EBV/isolate_9/rep4_2.fq,4,train
Herpesviridae__EBV__isolate9__rep5,Herpesviridae,5,EBV,3,9,5,data/reads_multi/Herpesviridae/EBV/isolate_9/rep5_1.fq,data/reads_multi/Herpesviridae/EBV/isolate_9/rep5_2.fq,4,train
Herpesviridae__HCMV__isolate0__rep0,Herpesviridae,5,HCMV,4,0,0,data/reads_multi/Herpesviridae/HCMV/isolate_0/rep0_1.fq,data/reads_multi/Herpesviridae/HCMV/isolate_0/rep0_2.fq,0,train
Herpesviridae__HCMV__isolate0__rep1,Herpesviridae,5,HCMV,4,0,1,data/reads_multi/Herpesviridae/HCMV/isolate_0/rep1_1.fq,data/reads_multi/Herpesviridae/HCMV/isolate_0/rep1_2.fq,0,train
Herpesviridae__HCMV__isolate0__rep2,Herpesviridae,5,HCMV,4,0,2,data/reads_multi/Herpesviridae/HCMV/isolate_0/rep2_1.fq,data/reads_multi/Herpesviridae/HCMV/isolate_0/rep2_2.fq,0,train
Herpesviridae__HCMV__isolate0__rep3,Herpesviridae,5,HCMV,4,0,3,data/reads_multi/Herpesviridae/HCMV/isolate_0/rep3_1.fq,data/reads_multi/Herpesviridae/HCMV/isolate_0/rep3_2.fq,0,train
Herpesviridae__HCMV__isolate0__rep4,Herpesviridae,5,HCMV,4,0,4,data/reads_multi/Herpesviridae/HCMV/isolate_0/rep4_1.fq,data/reads_multi/Herpesviridae/HCMV/isolate_0/rep4_2.fq,0,train
Herpesviridae__HCMV__isolate0__rep5,Herpesviridae,5,HCMV,4,0,5,data/reads_multi/Herpesviridae/HCMV/isolate_0/rep5_1.fq,data/reads_multi/Herpesviridae/HCMV/isolate_0/rep5_2.fq,0,train
Herpesviridae__HCMV__isolate1__rep0,Herpesviridae,5,HCMV,4,1,0,data/reads_multi/Herpesviridae/HCMV/isolate_1/rep0_1.fq,data/reads_multi/Herpesviridae/HCMV/isolate_1/rep0_2.fq,1,test
Herpesviridae__HCMV__isolate1__rep1,Herpesviridae,5,HCMV,4,1,1,data/reads_multi/Herpesviridae/HCMV/isolate_1/rep1_1.fq,data/reads_multi/Herpesviridae/HCMV/isolate_1/rep1_2.fq,1,test
Herpesviridae__HCMV__isolate1__rep2,Herpesviridae,5,HCMV,4,1,2,data/reads_multi/Herpesviridae/HCMV/isolate_1/rep2_1.fq,data/reads_multi/Herpesviridae/HCMV/isolate_1/rep2_2.fq,1,test
Herpesviridae__HCMV__isolate1__rep3,Herpesviridae,5,HCMV,4,1,3,data/reads_multi/Herpesviridae/HCMV/isolate_1/rep3_1.fq,data/reads_multi/Herpesviridae/HCMV/isolate_1/rep3_2.fq,1,test
Herpesviridae__HCMV__isolate1__rep4,Herpesviridae,5,HCMV,4,1,4,data/reads_multi/Herpesviridae/HCMV/isolate_1/rep4_1.fq,data/reads_multi/Herpesviridae/HCMV/isolate_1/rep4_2.fq,1,test
Herpesviridae__HCMV__isolate1__rep5,Herpesviridae,5,HCMV,4,1,5,data/reads_multi/Herpesviridae/HCMV/isolate_1/rep5_1.fq,data/reads_multi/Herpesviridae/HCMV/isolate_1/rep5_2.fq,1,test
Herpesviridae__HCMV__isolate2__rep0,Herpesviridae,5,HCMV,4,2,0,data/reads_multi/Herpesviridae/HCMV/isolate_2/rep0_1.fq,data/reads_multi/Herpesviridae/HCMV/isolate_2/rep0_2.fq,2,val
Herpesviridae__HCMV__isolate2__rep1,Herpesviridae,5,HCMV,4,2,1,data/reads_multi/Herpesviridae/HCMV/isolate_2/rep1_1.fq,data/reads_multi/Herpesviridae/HCMV/isolate_2/rep1_2.fq,2,val
Herpesviridae__HCMV__isolate2__rep2,Herpesviridae,5,HCMV,4,2,2,data/reads_multi/Herpesviridae/HCMV/isolate_2/rep2_1.fq,data/reads_multi/Herpesviridae/HCMV/isolate_2/rep2_2.fq,2,val
Herpesviridae__HCMV__isolate2__rep3,Herpesviridae,5,HCMV,4,2,3,data/reads_multi/Herpesviridae/HCMV/isolate_2/rep3_1.fq,data/reads_multi/Herpesviridae/HCMV/isolate_2/rep3_2.fq,2,val
Herpesviridae__HCMV__isolate2__rep4,Herpesviridae,5,HCMV,4,2,4,data/reads_multi/Herpesviridae/HCMV/isolate_2/rep4_1.fq,data/reads_multi/Herpesviridae/HCMV/isolate_2/rep4_2.fq,2,val
Herpesviridae__HCMV__isolate2__rep5,Herpesviridae,5,HCMV,4,2,5,data/reads_multi/Herpesviridae/HCMV/isolate_2/rep5_1.fq,data/reads_multi/Herpesviridae/HCMV/isolate_2/rep5_2.fq,2,val
Herpesviridae__HCMV__isolate3__rep0,Herpesviridae,5,HCMV,4,3,0,data/reads_multi/Herpesviridae/HCMV/isolate_3/rep0_1.fq,data/reads_multi/Herpesviridae/HCMV/isolate_3/rep0_2.fq,3,train
Herpesviridae__HCMV__isolate3__rep1,Herpesviridae,5,HCMV,4,3,1,data/reads_multi/Herpesviridae/HCMV/isolate_3/rep1_1.fq,data/reads_multi/Herpesviridae/HCMV/isolate_3/rep1_2.fq,3,train
Herpesviridae__HCMV__isolate3__rep2,Herpesviridae,5,HCMV,4,3,2,data/reads_multi/Herpesviridae/HCMV/isolate_3/rep2_1.fq,data/reads_multi/Herpesviridae/HCMV/isolate_3/rep2_2.fq,3,train
Herpesviridae__HCMV__isolate3__rep3,Herpesviridae,5,HCMV,4,3,3,data/reads_multi/Herpesviridae/HCMV/isolate_3/rep3_1.fq,data/reads_multi/Herpesviridae/HCMV/isolate_3/rep3_2.fq,3,train
Herpesviridae__HCMV__isolate3__rep4,Herpesviridae,5,HCMV,4,3,4,data/reads_multi/Herpesviridae/HCMV/isolate_3/rep4_1.fq,data/reads_multi/Herpesviridae/HCMV/isolate_3/rep4_2.fq,3,train
Herpesviridae__HCMV__isolate3__rep5,Herpesviridae,5,HCMV,4,3,5,data/reads_multi/Herpesviridae/HCMV/isolate_3/rep5_1.fq,data/reads_multi/Herpesviridae/HCMV/isolate_3/rep5_2.fq,3,train
Herpesviridae__HCMV__isolate4__rep0,Herpesviridae,5,HCMV,4,4,0,data/reads_multi/Herpesviridae/HCMV/isolate_4/rep0_1.fq,data/reads_multi/Herpesviridae/HCMV/isolate_4/rep0_2.fq,4,train
Herpesviridae__HCMV__isolate4__rep1,Herpesviridae,5,HCMV,4,4,1,data/reads_multi/Herpesviridae/HCMV/isolate_4/rep1_1.fq,data/reads_multi/Herpesviridae/HCMV/isolate_4/rep1_2.fq,4,train
Herpesviridae__HCMV__isolate4__rep2,Herpesviridae,5,HCMV,4,4,2,data/reads_multi/Herpesviridae/HCMV/isolate_4/rep2_1.fq,data/reads_multi/Herpesviridae/HCMV/isolate_4/rep2_2.fq,4,train
Herpesviridae__HCMV__isolate4__rep3,Herpesviridae,5,HCMV,4,4,3,data/reads_multi/Herpesviridae/HCMV/isolate_4/rep3_1.fq,data/reads_multi/Herpesviridae/HCMV/isolate_4/rep3_2.fq,4,train
Herpesviridae__HCMV__isolate4__rep4,Herpesviridae,5,HCMV,4,4,4,data/reads_multi/Herpesviridae/HCMV/isolate_4/rep4_1.fq,data/reads_multi/Herpesviridae/HCMV/isolate_4/rep4_2.fq,4,train
Herpesviridae__HCMV__isolate4__rep5,Herpesviridae,5,HCMV,4,4,5,data/reads_multi/Herpesviridae/HCMV/isolate_4/rep5_1.fq,data/reads_multi/Herpesviridae/HCMV/isolate_4/rep5_2.fq,4,train
Herpesviridae__HCMV__isolate5__rep0,Herpesviridae,5,HCMV,4,5,0,data/reads_multi/Herpesviridae/HCMV/isolate_5/rep0_1.fq,data/reads_multi/Herpesviridae/HCMV/isolate_5/rep0_2.fq,0,train
Herpesviridae__HCMV__isolate5__rep1,Herpesviridae,5,HCMV,4,5,1,data/reads_multi/Herpesviridae/HCMV/isolate_5/rep1_1.fq,data/reads_multi/Herpesviridae/HCMV/isolate_5/rep1_2.fq,0,train
Herpesviridae__HCMV__isolate5__rep2,Herpesviridae,5,HCMV,4,5,2,data/reads_multi/Herpesviridae/HCMV/isolate_5/rep2_1.fq,data/reads_multi/Herpesviridae/HCMV/isolate_5/rep2_2.fq,0,train
Herpesviridae__HCMV__isolate5__rep3,Herpesviridae,5,HCMV,4,5,3,data/reads_multi/Herpesviridae/HCMV/isolate_5/rep3_1.fq,data/reads_multi/Herpesviridae/HCMV/isolate_5/rep3_2.fq,0,train
Herpesviridae__HCMV__isolate5__rep4,Herpesviridae,5,HCMV,4,5,4,data/reads_multi/Herpesviridae/HCMV/isolate_5/rep4_1.fq,data/reads_multi/Herpesviridae/HCMV/isolate_5/rep4_2.fq,0,train
Herpesviridae__HCMV__isolate5__rep5,Herpesviridae,5,HCMV,4,5,5,data/reads_multi/Herpesviridae/HCMV/isolate_5/rep5_1.fq,data/reads_multi/Herpesviridae/HCMV/isolate_5/rep5_2.fq,0,train
Herpesviridae__HCMV__isolate6__rep0,Herpesviridae,5,HCMV,4,6,0,data/reads_multi/Herpesviridae/HCMV/isolate_6/rep0_1.fq,data/reads_multi/Herpesviridae/HCMV/isolate_6/rep0_2.fq,1,test
Herpesviridae__HCMV__isolate6__rep1,Herpesviridae,5,HCMV,4,6,1,data/reads_multi/Herpesviridae/HCMV/isolate_6/rep1_1.fq,data/reads_multi/Herpesviridae/HCMV/isolate_6/rep1_2.fq,1,test
Herpesviridae__HCMV__isolate6__rep2,Herpesviridae,5,HCMV,4,6,2,data/reads_multi/Herpesviridae/HCMV/isolate_6/rep2_1.fq,data/reads_multi/Herpesviridae/HCMV/isolate_6/rep2_2.fq,1,test
Herpesviridae__HCMV__isolate6__rep3,Herpesviridae,5,HCMV,4,6,3,data/reads_multi/Herpesviridae/HCMV/isolate_6/rep3_1.fq,data/reads_multi/Herpesviridae/HCMV/isolate_6/rep3_2.fq,1,test
Herpesviridae__HCMV__isolate6__rep4,Herpesviridae,5,HCMV,4,6,4,data/reads_multi/Herpesviridae/HCMV/isolate_6/rep4_1.fq,data/reads_multi/Herpesviridae/HCMV/isolate_6/rep4_2.fq,1,test
Herpesviridae__HCMV__isolate6__rep5,Herpesviridae,5,HCMV,4,6,5,data/reads_multi/Herpesviridae/HCMV/isolate_6/rep5_1.fq,data/reads_multi/Herpesviridae/HCMV/isolate_6/rep5_2.fq,1,test
Herpesviridae__HCMV__isolate7__rep0,Herpesviridae,5,HCMV,4,7,0,data/reads_multi/Herpesviridae/HCMV/isolate_7/rep0_1.fq,data/reads_multi/Herpesviridae/HCMV/isolate_7/rep0_2.fq,2,val
Herpesviridae__HCMV__isolate7__rep1,Herpesviridae,5,HCMV,4,7,1,data/reads_multi/Herpesviridae/HCMV/isolate_7/rep1_1.fq,data/reads_multi/Herpesviridae/HCMV/isolate_7/rep1_2.fq,2,val
Herpesviridae__HCMV__isolate7__rep2,Herpesviridae,5,HCMV,4,7,2,data/reads_multi/Herpesviridae/HCMV/isolate_7/rep2_1.fq,data/reads_multi/Herpesviridae/HCMV/isolate_7/rep2_2.fq,2,val
Herpesviridae__HCMV__isolate7__rep3,Herpesviridae,5,HCMV,4,7,3,data/reads_multi/Herpesviridae/HCMV/isolate_7/rep3_1.fq,data/reads_multi/Herpesviridae/HCMV/isolate_7/rep3_2.fq,2,val
Herpesviridae__HCMV__isolate7__rep4,Herpesviridae,5,HCMV,4,7,4,data/reads_multi/Herpesviridae/HCMV/isolate_7/rep4_1.fq,data/reads_multi/Herpesviridae/HCMV/isolate_7/rep4_2.fq,2,val
Herpesviridae__HCMV__isolate7__rep5,Herpesviridae,5,HCMV,4,7,5,data/reads_multi/Herpesviridae/HCMV/isolate_7/rep5_1.fq,data/reads_multi/Herpesviridae/HCMV/isolate_7/rep5_2.fq,2,val
Herpesviridae__HCMV__isolate8__rep0,Herpesviridae,5,HCMV,4,8,0,data/reads_multi/Herpesviridae/HCMV/isolate_8/rep0_1.fq,data/reads_multi/Herpesviridae/HCMV/isolate_8/rep0_2.fq,3,train
Herpesviridae__HCMV__isolate8__rep1,Herpesviridae,5,HCMV,4,8,1,data/reads_multi/Herpesviridae/HCMV/isolate_8/rep1_1.fq,data/reads_multi/Herpesviridae/HCMV/isolate_8/rep1_2.fq,3,train
Herpesviridae__HCMV__isolate8__rep2,Herpesviridae,5,HCMV,4,8,2,data/reads_multi/Herpesviridae/HCMV/isolate_8/rep2_1.fq,data/reads_multi/Herpesviridae/HCMV/isolate_8/rep2_2.fq,3,train
Herpesviridae__HCMV__isolate8__rep3,Herpesviridae,5,HCMV,4,8,3,data/reads_multi/Herpesviridae/HCMV/isolate_8/rep3_1.fq,data/reads_multi/Herpesviridae/HCMV/isolate_8/rep3_2.fq,3,train
Herpesviridae__HCMV__isolate8__rep4,Herpesviridae,5,HCMV,4,8,4,data/reads_multi/Herpesviridae/HCMV/isolate_8/rep4_1.fq,data/reads_multi/Herpesviridae/HCMV/isolate_8/rep4_2.fq,3,train
Herpesviridae__HCMV__isolate8__rep5,Herpesviridae,5,HCMV,4,8,5,data/reads_multi/Herpesviridae/HCMV/isolate_8/rep5_1.fq,data/reads_multi/Herpesviridae/HCMV/isolate_8/rep5_2.fq,3,train
Herpesviridae__HCMV__isolate9__rep0,Herpesviridae,5,HCMV,4,9,0,data/reads_multi/Herpesviridae/HCMV/isolate_9/rep0_1.fq,data/reads_multi/Herpesviridae/HCMV/isolate_9/rep0_2.fq,4,train
Herpesviridae__HCMV__isolate9__rep1,Herpesviridae,5,HCMV,4,9,1,data/reads_multi/Herpesviridae/HCMV/isolate_9/rep1_1.fq,data/reads_multi/Herpesviridae/HCMV/isolate_9/rep1_2.fq,4,train
Herpesviridae__HCMV__isolate9__rep2,Herpesviridae,5,HCMV,4,9,2,data/reads_multi/Herpesviridae/HCMV/isolate_9/rep2_1.fq,data/reads_multi/Herpesviridae/HCMV/isolate_9/rep2_2.fq,4,train
Herpesviridae__HCMV__isolate9__rep3,Herpesviridae,5,HCMV,4,9,3,data/reads_multi/Herpesviridae/HCMV/isolate_9/rep3_1.fq,data/reads_multi/Herpesviridae/HCMV/isolate_9/rep3_2.fq,4,train
Herpesviridae__HCMV__isolate9__rep4,Herpesviridae,5,HCMV,4,9,4,data/reads_multi/Herpesviridae/HCMV/isolate_9/rep4_1.fq,data/reads_multi/Herpesviridae/HCMV/isolate_9/rep4_2.fq,4,train
Herpesviridae__HCMV__isolate9__rep5,Herpesviridae,5,HCMV,4,9,5,data/reads_multi/Herpesviridae/HCMV/isolate_9/rep5_1.fq,data/reads_multi/Herpesviridae/HCMV/isolate_9/rep5_2.fq,4,train
Herpesviridae__HHV-6A__isolate0__rep0,Herpesviridae,5,HHV-6A,5,0,0,data/reads_multi/Herpesviridae/HHV-6A/isolate_0/rep0_1.fq,data/reads_multi/Herpesviridae/HHV-6A/isolate_0/rep0_2.fq,0,train
Herpesviridae__HHV-6A__isolate0__rep1,Herpesviridae,5,HHV-6A,5,0,1,data/reads_multi/Herpesviridae/HHV-6A/isolate_0/rep1_1.fq,data/reads_multi/Herpesviridae/HHV-6A/isolate_0/rep1_2.fq,0,train
Herpesviridae__HHV-6A__isolate0__rep2,Herpesviridae,5,HHV-6A,5,0,2,data/reads_multi/Herpesviridae/HHV-6A/isolate_0/rep2_1.fq,data/reads_multi/Herpesviridae/HHV-6A/isolate_0/rep2_2.fq,0,train
Herpesviridae__HHV-6A__isolate0__rep3,Herpesviridae,5,HHV-6A,5,0,3,data/reads_multi/Herpesviridae/HHV-6A/isolate_0/rep3_1.fq,data/reads_multi/Herpesviridae/HHV-6A/isolate_0/rep3_2.fq,0,train
Herpesviridae__HHV-6A__isolate0__rep4,Herpesviridae,5,HHV-6A,5,0,4,data/reads_multi/Herpesviridae/HHV-6A/isolate_0/rep4_1.fq,data/reads_multi/Herpesviridae/HHV-6A/isolate_0/rep4_2.fq,0,train
Herpesviridae__HHV-6A__isolate0__rep5,Herpesviridae,5,HHV-6A,5,0,5,data/reads_multi/Herpesviridae/HHV-6A/isolate_0/rep5_1.fq,data/reads_multi/Herpesviridae/HHV-6A/isolate_0/rep5_2.fq,0,train
Herpesviridae__HHV-6A__isolate1__rep0,Herpesviridae,5,HHV-6A,5,1,0,data/reads_multi/Herpesviridae/HHV-6A/isolate_1/rep0_1.fq,data/reads_multi/Herpesviridae/HHV-6A/isolate_1/rep0_2.fq,1,test
Herpesviridae__HHV-6A__isolate1__rep1,Herpesviridae,5,HHV-6A,5,1,1,data/reads_multi/Herpesviridae/HHV-6A/isolate_1/rep1_1.fq,data/reads_multi/Herpesviridae/HHV-6A/isolate_1/rep1_2.fq,1,test
Herpesviridae__HHV-6A__isolate1__rep2,Herpesviridae,5,HHV-6A,5,1,2,data/reads_multi/Herpesviridae/HHV-6A/isolate_1/rep2_1.fq,data/reads_multi/Herpesviridae/HHV-6A/isolate_1/rep2_2.fq,1,test
Herpesviridae__HHV-6A__isolate1__rep3,Herpesviridae,5,HHV-6A,5,1,3,data/reads_multi/Herpesviridae/HHV-6A/isolate_1/rep3_1.fq,data/reads_multi/Herpesviridae/HHV-6A/isolate_1/rep3_2.fq,1,test
Herpesviridae__HHV-6A__isolate1__rep4,Herpesviridae,5,HHV-6A,5,1,4,data/reads_multi/Herpesviridae/HHV-6A/isolate_1/rep4_1.fq,data/reads_multi/Herpesviridae/HHV-6A/isolate_1/rep4_2.fq,1,test
Herpesviridae__HHV-6A__isolate1__rep5,Herpesviridae,5,HHV-6A,5,1,5,data/reads_multi/Herpesviridae/HHV-6A/isolate_1/rep5_1.fq,data/reads_multi/Herpesviridae/HHV-6A/isolate_1/rep5_2.fq,1,test
Herpesviridae__HHV-6A__isolate2__rep0,Herpesviridae,5,HHV-6A,5,2,0,data/reads_multi/Herpesviridae/HHV-6A/isolate_2/rep0_1.fq,data/reads_multi/Herpesviridae/HHV-6A/isolate_2/rep0_2.fq,2,val
Herpesviridae__HHV-6A__isolate2__rep1,Herpesviridae,5,HHV-6A,5,2,1,data/reads_multi/Herpesviridae/HHV-6A/isolate_2/rep1_1.fq,data/reads_multi/Herpesviridae/HHV-6A/isolate_2/rep1_2.fq,2,val
Herpesviridae__HHV-6A__isolate2__rep2,Herpesviridae,5,HHV-6A,5,2,2,data/reads_multi/Herpesviridae/HHV-6A/isolate_2/rep2_1.fq,data/reads_multi/Herpesviridae/HHV-6A/isolate_2/rep2_2.fq,2,val
Herpesviridae__HHV-6A__isolate2__rep3,Herpesviridae,5,HHV-6A,5,2,3,data/reads_multi/Herpesviridae/HHV-6A/isolate_2/rep3_1.fq,data/reads_multi/Herpesviridae/HHV-6A/isolate_2/rep3_2.fq,2,val
Herpesviridae__HHV-6A__isolate2__rep4,Herpesviridae,5,HHV-6A,5,2,4,data/reads_multi/Herpesviridae/HHV-6A/isolate_2/rep4_1.fq,data/reads_multi/Herpesviridae/HHV-6A/isolate_2/rep4_2.fq,2,val
Herpesviridae__HHV-6A__isolate2__rep5,Herpesviridae,5,HHV-6A,5,2,5,data/reads_multi/Herpesviridae/HHV-6A/isolate_2/rep5_1.fq,data/reads_multi/Herpesviridae/HHV-6A/isolate_2/rep5_2.fq,2,val
Herpesviridae__HHV-6A__isolate3__rep0,Herpesviridae,5,HHV-6A,5,3,0,data/reads_multi/Herpesviridae/HHV-6A/isolate_3/rep0_1.fq,data/reads_multi/Herpesviridae/HHV-6A/isolate_3/rep0_2.fq,3,train
Herpesviridae__HHV-6A__isolate3__rep1,Herpesviridae,5,HHV-6A,5,3,1,data/reads_multi/Herpesviridae/HHV-6A/isolate_3/rep1_1.fq,data/reads_multi/Herpesviridae/HHV-6A/isolate_3/rep1_2.fq,3,train
Herpesviridae__HHV-6A__isolate3__rep2,Herpesviridae,5,HHV-6A,5,3,2,data/reads_multi/Herpesviridae/HHV-6A/isolate_3/rep2_1.fq,data/reads_multi/Herpesviridae/HHV-6A/isolate_3/rep2_2.fq,3,train
Herpesviridae__HHV-6A__isolate3__rep3,Herpesviridae,5,HHV-6A,5,3,3,data/reads_multi/Herpesviridae/HHV-6A/isolate_3/rep3_1.fq,data/reads_multi/Herpesviridae/HHV-6A/isolate_3/rep3_2.fq,3,train
Herpesviridae__HHV-6A__isolate3__rep4,Herpesviridae,5,HHV-6A,5,3,4,data/reads_multi/Herpesviridae/HHV-6A/isolate_3/rep4_1.fq,data/reads_multi/Herpesviridae/HHV-6A/isolate_3/rep4_2.fq,3,train
Herpesviridae__HHV-6A__isolate3__rep5,Herpesviridae,5,HHV-6A,5,3,5,data/reads_multi/Herpesviridae/HHV-6A/isolate_3/rep5_1.fq,data/reads_multi/Herpesviridae/HHV-6A/isolate_3/rep5_2.fq,3,train
Herpesviridae__HHV-6A__isolate4__rep0,Herpesviridae,5,HHV-6A,5,4,0,data/reads_multi/Herpesviridae/HHV-6A/isolate_4/rep0_1.fq,data/reads_multi/Herpesviridae/HHV-6A/isolate_4/rep0_2.fq,4,train
Herpesviridae__HHV-6A__isolate4__rep1,Herpesviridae,5,HHV-6A,5,4,1,data/reads_multi/Herpesviridae/HHV-6A/isolate_4/rep1_1.fq,data/reads_multi/Herpesviridae/HHV-6A/isolate_4/rep1_2.fq,4,train
Herpesviridae__HHV-6A__isolate4__rep2,Herpesviridae,5,HHV-6A,5,4,2,data/reads_multi/Herpesviridae/HHV-6A/isolate_4/rep2_1.fq,data/reads_multi/Herpesviridae/HHV-6A/isolate_4/rep2_2.fq,4,train
Herpesviridae__HHV-6A__isolate4__rep3,Herpesviridae,5,HHV-6A,5,4,3,data/reads_multi/Herpesviridae/HHV-6A/isolate_4/rep3_1.fq,data/reads_multi/Herpesviridae/HHV-6A/isolate_4/rep3_2.fq,4,train
Herpesviridae__HHV-6A__isolate4__rep4,Herpesviridae,5,HHV-6A,5,4,4,data/reads_multi/Herpesviridae/HHV-6A/isolate_4/rep4_1.fq,data/reads_multi/Herpesviridae/HHV-6A/isolate_4/rep4_2.fq,4,train
Herpesviridae__HHV-6A__isolate4__rep5,Herpesviridae,5,HHV-6A,5,4,5,data/reads_multi/Herpesviridae/HHV-6A/isolate_4/rep5_1.fq,data/reads_multi/Herpesviridae/HHV-6A/isolate_4/rep5_2.fq,4,train
Herpesviridae__HHV-6A__isolate5__rep0,Herpesviridae,5,HHV-6A,5,5,0,data/reads_multi/Herpesviridae/HHV-6A/isolate_5/rep0_1.fq,data/reads_multi/Herpesviridae/HHV-6A/isolate_5/rep0_2.fq,0,train
Herpesviridae__HHV-6A__isolate5__rep1,Herpesviridae,5,HHV-6A,5,5,1,data/reads_multi/Herpesviridae/HHV-6A/isolate_5/rep1_1.fq,data/reads_multi/Herpesviridae/HHV-6A/isolate_5/rep1_2.fq,0,train
Herpesviridae__HHV-6A__isolate5__rep2,Herpesviridae,5,HHV-6A,5,5,2,data/reads_multi/Herpesviridae/HHV-6A/isolate_5/rep2_1.fq,data/reads_multi/Herpesviridae/HHV-6A/isolate_5/rep2_2.fq,0,train
Herpesviridae__HHV-6A__isolate5__rep3,Herpesviridae,5,HHV-6A,5,5,3,data/reads_multi/Herpesviridae/HHV-6A/isolate_5/rep3_1.fq,data/reads_multi/Herpesviridae/HHV-6A/isolate_5/rep3_2.fq,0,train
Herpesviridae__HHV-6A__isolate5__rep4,Herpesviridae,5,HHV-6A,5,5,4,data/reads_multi/Herpesviridae/HHV-6A/isolate_5/rep4_1.fq,data/reads_multi/Herpesviridae/HHV-6A/isolate_5/rep4_2.fq,0,train
Herpesviridae__HHV-6A__isolate5__rep5,Herpesviridae,5,HHV-6A,5,5,5,data/reads_multi/Herpesviridae/HHV-6A/isolate_5/rep5_1.fq,data/reads_multi/Herpesviridae/HHV-6A/isolate_5/rep5_2.fq,0,train
Herpesviridae__HHV-6A__isolate6__rep0,Herpesviridae,5,HHV-6A,5,6,0,data/reads_multi/Herpesviridae/HHV-6A/isolate_6/rep0_1.fq,data/reads_multi/Herpesviridae/HHV-6A/isolate_6/rep0_2.fq,1,test
Herpesviridae__HHV-6A__isolate6__rep1,Herpesviridae,5,HHV-6A,5,6,1,data/reads_multi/Herpesviridae/HHV-6A/isolate_6/rep1_1.fq,data/reads_multi/Herpesviridae/HHV-6A/isolate_6/rep1_2.fq,1,test
Herpesviridae__HHV-6A__isolate6__rep2,Herpesviridae,5,HHV-6A,5,6,2,data/reads_multi/Herpesviridae/HHV-6A/isolate_6/rep2_1.fq,data/reads_multi/Herpesviridae/HHV-6A/isolate_6/rep2_2.fq,1,test
Herpesviridae__HHV-6A__isolate6__rep3,Herpesviridae,5,HHV-6A,5,6,3,data/reads_multi/Herpesviridae/HHV-6A/isolate_6/rep3_1.fq,data/reads_multi/Herpesviridae/HHV-6A/isolate_6/rep3_2.fq,1,test
Herpesviridae__HHV-6A__isolate6__rep4,Herpesviridae,5,HHV-6A,5,6,4,data/reads_multi/Herpesviridae/HHV-6A/isolate_6/rep4_1.fq,data/reads_multi/Herpesviridae/HHV-6A/isolate_6/rep4_2.fq,1,test
Herpesviridae__HHV-6A__isolate6__rep5,Herpesviridae,5,HHV-6A,5,6,5,data/reads_multi/Herpesviridae/HHV-6A/isolate_6/rep5_1.fq,data/reads_multi/Herpesviridae/HHV-6A/isolate_6/rep5_2.fq,1,test
Herpesviridae__HHV-6A__isolate7__rep0,Herpesviridae,5,HHV-6A,5,7,0,data/reads_multi/Herpesviridae/HHV-6A/isolate_7/rep0_1.fq,data/reads_multi/Herpesviridae/HHV-6A/isolate_7/rep0_2.fq,2,val
Herpesviridae__HHV-6A__isolate7__rep1,Herpesviridae,5,HHV-6A,5,7,1,data/reads_multi/Herpesviridae/HHV-6A/isolate_7/rep1_1.fq,data/reads_multi/Herpesviridae/HHV-6A/isolate_7/rep1_2.fq,2,val
Herpesviridae__HHV-6A__isolate7__rep2,Herpesviridae,5,HHV-6A,5,7,2,data/reads_multi/Herpesviridae/HHV-6A/isolate_7/rep2_1.fq,data/reads_multi/Herpesviridae/HHV-6A/isolate_7/rep2_2.fq,2,val
Herpesviridae__HHV-6A__isolate7__rep3,Herpesviridae,5,HHV-6A,5,7,3,data/reads_multi/Herpesviridae/HHV-6A/isolate_7/rep3_1.fq,data/reads_multi/Herpesviridae/HHV-6A/isolate_7/rep3_2.fq,2,val
Herpesviridae__HHV-6A__isolate7__rep4,Herpesviridae,5,HHV-6A,5,7,4,data/reads_multi/Herpesviridae/HHV-6A/isolate_7/rep4_1.fq,data/reads_multi/Herpesviridae/HHV-6A/isolate_7/rep4_2.fq,2,val
Herpesviridae__HHV-6A__isolate7__rep5,Herpesviridae,5,HHV-6A,5,7,5,data/reads_multi/Herpesviridae/HHV-6A/isolate_7/rep5_1.fq,data/reads_multi/Herpesviridae/HHV-6A/isolate_7/rep5_2.fq,2,val
Herpesviridae__HHV-6A__isolate8__rep0,Herpesviridae,5,HHV-6A,5,8,0,data/reads_multi/Herpesviridae/HHV-6A/isolate_8/rep0_1.fq,data/reads_multi/Herpesviridae/HHV-6A/isolate_8/rep0_2.fq,3,train
Herpesviridae__HHV-6A__isolate8__rep1,Herpesviridae,5,HHV-6A,5,8,1,data/reads_multi/Herpesviridae/HHV-6A/isolate_8/rep1_1.fq,data/reads_multi/Herpesviridae/HHV-6A/isolate_8/rep1_2.fq,3,train
Herpesviridae__HHV-6A__isolate8__rep2,Herpesviridae,5,HHV-6A,5,8,2,data/reads_multi/Herpesviridae/HHV-6A/isolate_8/rep2_1.fq,data/reads_multi/Herpesviridae/HHV-6A/isolate_8/rep2_2.fq,3,train
Herpesviridae__HHV-6A__isolate8__rep3,Herpesviridae,5,HHV-6A,5,8,3,data/reads_multi/Herpesviridae/HHV-6A/isolate_8/rep3_1.fq,data/reads_multi/Herpesviridae/HHV-6A/isolate_8/rep3_2.fq,3,train
Herpesviridae__HHV-6A__isolate8__rep4,Herpesviridae,5,HHV-6A,5,8,4,data/reads_multi/Herpesviridae/HHV-6A/isolate_8/rep4_1.fq,data/reads_multi/Herpesviridae/HHV-6A/isolate_8/rep4_2.fq,3,train
Herpesviridae__HHV-6A__isolate8__rep5,Herpesviridae,5,HHV-6A,5,8,5,data/reads_multi/Herpesviridae/HHV-6A/isolate_8/rep5_1.fq,data/reads_multi/Herpesviridae/HHV-6A/isolate_8/rep5_2.fq,3,train
Herpesviridae__HHV-6A__isolate9__rep0,Herpesviridae,5,HHV-6A,5,9,0,data/reads_multi/Herpesviridae/HHV-6A/isolate_9/rep0_1.fq,data/reads_multi/Herpesviridae/HHV-6A/isolate_9/rep0_2.fq,4,train
Herpesviridae__HHV-6A__isolate9__rep1,Herpesviridae,5,HHV-6A,5,9,1,data/reads_multi/Herpesviridae/HHV-6A/isolate_9/rep1_1.fq,data/reads_multi/Herpesviridae/HHV-6A/isolate_9/rep1_2.fq,4,train
Herpesviridae__HHV-6A__isolate9__rep2,Herpesviridae,5,HHV-6A,5,9,2,data/reads_multi/Herpesviridae/HHV-6A/isolate_9/rep2_1.fq,data/reads_multi/Herpesviridae/HHV-6A/isolate_9/rep2_2.fq,4,train
Herpesviridae__HHV-6A__isolate9__rep3,Herpesviridae,5,HHV-6A,5,9,3,data/reads_multi/Herpesviridae/HHV-6A/isolate_9/rep3_1.fq,data/reads_multi/Herpesviridae/HHV-6A/isolate_9/rep3_2.fq,4,train
Herpesviridae__HHV-6A__isolate9__rep4,Herpesviridae,5,HHV-6A,5,9,4,data/reads_multi/Herpesviridae/HHV-6A/isolate_9/rep4_1.fq,data/reads_multi/Herpesviridae/HHV-6A/isolate_9/rep4_2.fq,4,train
Herpesviridae__HHV-6A__isolate9__rep5,Herpesviridae,5,HHV-6A,5,9,5,data/reads_multi/Herpesviridae/HHV-6A/isolate_9/rep5_1.fq,data/reads_multi/Herpesviridae/HHV-6A/isolate_9/rep5_2.fq,4,train
Herpesviridae__HHV-6B__isolate0__rep0,Herpesviridae,5,HHV-6B,6,0,0,data/reads_multi/Herpesviridae/HHV-6B/isolate_0/rep0_1.fq,data/reads_multi/Herpesviridae/HHV-6B/isolate_0/rep0_2.fq,0,train
Herpesviridae__HHV-6B__isolate0__rep1,Herpesviridae,5,HHV-6B,6,0,1,data/reads_multi/Herpesviridae/HHV-6B/isolate_0/rep1_1.fq,data/reads_multi/Herpesviridae/HHV-6B/isolate_0/rep1_2.fq,0,train
Herpesviridae__HHV-6B__isolate0__rep2,Herpesviridae,5,HHV-6B,6,0,2,data/reads_multi/Herpesviridae/HHV-6B/isolate_0/rep2_1.fq,data/reads_multi/Herpesviridae/HHV-6B/isolate_0/rep2_2.fq,0,train
Herpesviridae__HHV-6B__isolate0__rep3,Herpesviridae,5,HHV-6B,6,0,3,data/reads_multi/Herpesviridae/HHV-6B/isolate_0/rep3_1.fq,data/reads_multi/Herpesviridae/HHV-6B/isolate_0/rep3_2.fq,0,train
Herpesviridae__HHV-6B__isolate0__rep4,Herpesviridae,5,HHV-6B,6,0,4,data/reads_multi/Herpesviridae/HHV-6B/isolate_0/rep4_1.fq,data/reads_multi/Herpesviridae/HHV-6B/isolate_0/rep4_2.fq,0,train
Herpesviridae__HHV-6B__isolate0__rep5,Herpesviridae,5,HHV-6B,6,0,5,data/reads_multi/Herpesviridae/HHV-6B/isolate_0/rep5_1.fq,data/reads_multi/Herpesviridae/HHV-6B/isolate_0/rep5_2.fq,0,train
Herpesviridae__HHV-6B__isolate1__rep0,Herpesviridae,5,HHV-6B,6,1,0,data/reads_multi/Herpesviridae/HHV-6B/isolate_1/rep0_1.fq,data/reads_multi/Herpesviridae/HHV-6B/isolate_1/rep0_2.fq,1,test
Herpesviridae__HHV-6B__isolate1__rep1,Herpesviridae,5,HHV-6B,6,1,1,data/reads_multi/Herpesviridae/HHV-6B/isolate_1/rep1_1.fq,data/reads_multi/Herpesviridae/HHV-6B/isolate_1/rep1_2.fq,1,test
Herpesviridae__HHV-6B__isolate1__rep2,Herpesviridae,5,HHV-6B,6,1,2,data/reads_multi/Herpesviridae/HHV-6B/isolate_1/rep2_1.fq,data/reads_multi/Herpesviridae/HHV-6B/isolate_1/rep2_2.fq,1,test
Herpesviridae__HHV-6B__isolate1__rep3,Herpesviridae,5,HHV-6B,6,1,3,data/reads_multi/Herpesviridae/HHV-6B/isolate_1/rep3_1.fq,data/reads_multi/Herpesviridae/HHV-6B/isolate_1/rep3_2.fq,1,test
Herpesviridae__HHV-6B__isolate1__rep4,Herpesviridae,5,HHV-6B,6,1,4,data/reads_multi/Herpesviridae/HHV-6B/isolate_1/rep4_1.fq,data/reads_multi/Herpesviridae/HHV-6B/isolate_1/rep4_2.fq,1,test
Herpesviridae__HHV-6B__isolate1__rep5,Herpesviridae,5,HHV-6B,6,1,5,data/reads_multi/Herpesviridae/HHV-6B/isolate_1/rep5_1.fq,data/reads_multi/Herpesviridae/HHV-6B/isolate_1/rep5_2.fq,1,test
Herpesviridae__HHV-6B__isolate2__rep0,Herpesviridae,5,HHV-6B,6,2,0,data/reads_multi/Herpesviridae/HHV-6B/isolate_2/rep0_1.fq,data/reads_multi/Herpesviridae/HHV-6B/isolate_2/rep0_2.fq,2,val
Herpesviridae__HHV-6B__isolate2__rep1,Herpesviridae,5,HHV-6B,6,2,1,data/reads_multi/Herpesviridae/HHV-6B/isolate_2/rep1_1.fq,data/reads_multi/Herpesviridae/HHV-6B/isolate_2/rep1_2.fq,2,val
Herpesviridae__HHV-6B__isolate2__rep2,Herpesviridae,5,HHV-6B,6,2,2,data/reads_multi/Herpesviridae/HHV-6B/isolate_2/rep2_1.fq,data/reads_multi/Herpesviridae/HHV-6B/isolate_2/rep2_2.fq,2,val
Herpesviridae__HHV-6B__isolate2__rep3,Herpesviridae,5,HHV-6B,6,2,3,data/reads_multi/Herpesviridae/HHV-6B/isolate_2/rep3_1.fq,data/reads_multi/Herpesviridae/HHV-6B/isolate_2/rep3_2.fq,2,val
Herpesviridae__HHV-6B__isolate2__rep4,Herpesviridae,5,HHV-6B,6,2,4,data/reads_multi/Herpesviridae/HHV-6B/isolate_2/rep4_1.fq,data/reads_multi/Herpesviridae/HHV-6B/isolate_2/rep4_2.fq,2,val
Herpesviridae__HHV-6B__isolate2__rep5,Herpesviridae,5,HHV-6B,6,2,5,data/reads_multi/Herpesviridae/HHV-6B/isolate_2/rep5_1.fq,data/reads_multi/Herpesviridae/HHV-6B/isolate_2/rep5_2.fq,2,val
Herpesviridae__HHV-6B__isolate3__rep0,Herpesviridae,5,HHV-6B,6,3,0,data/reads_multi/Herpesviridae/HHV-6B/isolate_3/rep0_1.fq,data/reads_multi/Herpesviridae/HHV-6B/isolate_3/rep0_2.fq,3,train
Herpesviridae__HHV-6B__isolate3__rep1,Herpesviridae,5,HHV-6B,6,3,1,data/reads_multi/Herpesviridae/HHV-6B/isolate_3/rep1_1.fq,data/reads_multi/Herpesviridae/HHV-6B/isolate_3/rep1_2.fq,3,train
Herpesviridae__HHV-6B__isolate3__rep2,Herpesviridae,5,HHV-6B,6,3,2,data/reads_multi/Herpesviridae/HHV-6B/isolate_3/rep2_1.fq,data/reads_multi/Herpesviridae/HHV-6B/isolate_3/rep2_2.fq,3,train
Herpesviridae__HHV-6B__isolate3__rep3,Herpesviridae,5,HHV-6B,6,3,3,data/reads_multi/Herpesviridae/HHV-6B/isolate_3/rep3_1.fq,data/reads_multi/Herpesviridae/HHV-6B/isolate_3/rep3_2.fq,3,train
Herpesviridae__HHV-6B__isolate3__rep4,Herpesviridae,5,HHV-6B,6,3,4,data/reads_multi/Herpesviridae/HHV-6B/isolate_3/rep4_1.fq,data/reads_multi/Herpesviridae/HHV-6B/isolate_3/rep4_2.fq,3,train
Herpesviridae__HHV-6B__isolate3__rep5,Herpesviridae,5,HHV-6B,6,3,5,data/reads_multi/Herpesviridae/HHV-6B/isolate_3/rep5_1.fq,data/reads_multi/Herpesviridae/HHV-6B/isolate_3/rep5_2.fq,3,train
Herpesviridae__HHV-6B__isolate4__rep0,Herpesviridae,5,HHV-6B,6,4,0,data/reads_multi/Herpesviridae/HHV-6B/isolate_4/rep0_1.fq,data/reads_multi/Herpesviridae/HHV-6B/isolate_4/rep0_2.fq,4,train
Herpesviridae__HHV-6B__isolate4__rep1,Herpesviridae,5,HHV-6B,6,4,1,data/reads_multi/Herpesviridae/HHV-6B/isolate_4/rep1_1.fq,data/reads_multi/Herpesviridae/HHV-6B/isolate_4/rep1_2.fq,4,train
Herpesviridae__HHV-6B__isolate4__rep2,Herpesviridae,5,HHV-6B,6,4,2,data/reads_multi/Herpesviridae/HHV-6B/isolate_4/rep2_1.fq,data/reads_multi/Herpesviridae/HHV-6B/isolate_4/rep2_2.fq,4,train
Herpesviridae__HHV-6B__isolate4__rep3,Herpesviridae,5,HHV-6B,6,4,3,data/reads_multi/Herpesviridae/HHV-6B/isolate_4/rep3_1.fq,data/reads_multi/Herpesviridae/HHV-6B/isolate_4/rep3_2.fq,4,train
Herpesviridae__HHV-6B__isolate4__rep4,Herpesviridae,5,HHV-6B,6,4,4,data/reads_multi/Herpesviridae/HHV-6B/isolate_4/rep4_1.fq,data/reads_multi/Herpesviridae/HHV-6B/isolate_4/rep4_2.fq,4,train
Herpesviridae__HHV-6B__isolate4__rep5,Herpesviridae,5,HHV-6B,6,4,5,data/reads_multi/Herpesviridae/HHV-6B/isolate_4/rep5_1.fq,data/reads_multi/Herpesviridae/HHV-6B/isolate_4/rep5_2.fq,4,train
Herpesviridae__HHV-6B__isolate5__rep0,Herpesviridae,5,HHV-6B,6,5,0,data/reads_multi/Herpesviridae/HHV-6B/isolate_5/rep0_1.fq,data/reads_multi/Herpesviridae/HHV-6B/isolate_5/rep0_2.fq,0,train
Herpesviridae__HHV-6B__isolate5__rep1,Herpesviridae,5,HHV-6B,6,5,1,data/reads_multi/Herpesviridae/HHV-6B/isolate_5/rep1_1.fq,data/reads_multi/Herpesviridae/HHV-6B/isolate_5/rep1_2.fq,0,train
Herpesviridae__HHV-6B__isolate5__rep2,Herpesviridae,5,HHV-6B,6,5,2,data/reads_multi/Herpesviridae/HHV-6B/isolate_5/rep2_1.fq,data/reads_multi/Herpesviridae/HHV-6B/isolate_5/rep2_2.fq,0,train
Herpesviridae__HHV-6B__isolate5__rep3,Herpesviridae,5,HHV-6B,6,5,3,data/reads_multi/Herpesviridae/HHV-6B/isolate_5/rep3_1.fq,data/reads_multi/Herpesviridae/HHV-6B/isolate_5/rep3_2.fq,0,train
Herpesviridae__HHV-6B__isolate5__rep4,Herpesviridae,5,HHV-6B,6,5,4,data/reads_multi/Herpesviridae/HHV-6B/isolate_5/rep4_1.fq,data/reads_multi/Herpesviridae/HHV-6B/isolate_5/rep4_2.fq,0,train
Herpesviridae__HHV-6B__isolate5__rep5,Herpesviridae,5,HHV-6B,6,5,5,data/reads_multi/Herpesviridae/HHV-6B/isolate_5/rep5_1.fq,data/reads_multi/Herpesviridae/HHV-6B/isolate_5/rep5_2.fq,0,train
Herpesviridae__HHV-7__isolate0__rep0,Herpesviridae,5,HHV-7,7,0,0,data/reads_multi/Herpesviridae/HHV-7/isolate_0/rep0_1.fq,data/reads_multi/Herpesviridae/HHV-7/isolate_0/rep0_2.fq,0,train
Herpesviridae__HHV-7__isolate0__rep1,Herpesviridae,5,HHV-7,7,0,1,data/reads_multi/Herpesviridae/HHV-7/isolate_0/rep1_1.fq,data/reads_multi/Herpesviridae/HHV-7/isolate_0/rep1_2.fq,0,train
Herpesviridae__HHV-7__isolate0__rep2,Herpesviridae,5,HHV-7,7,0,2,data/reads_multi/Herpesviridae/HHV-7/isolate_0/rep2_1.fq,data/reads_multi/Herpesviridae/HHV-7/isolate_0/rep2_2.fq,0,train
Herpesviridae__HHV-7__isolate0__rep3,Herpesviridae,5,HHV-7,7,0,3,data/reads_multi/Herpesviridae/HHV-7/isolate_0/rep3_1.fq,data/reads_multi/Herpesviridae/HHV-7/isolate_0/rep3_2.fq,0,train
Herpesviridae__HHV-7__isolate0__rep4,Herpesviridae,5,HHV-7,7,0,4,data/reads_multi/Herpesviridae/HHV-7/isolate_0/rep4_1.fq,data/reads_multi/Herpesviridae/HHV-7/isolate_0/rep4_2.fq,0,train
Herpesviridae__HHV-7__isolate0__rep5,Herpesviridae,5,HHV-7,7,0,5,data/reads_multi/Herpesviridae/HHV-7/isolate_0/rep5_1.fq,data/reads_multi/Herpesviridae/HHV-7/isolate_0/rep5_2.fq,0,train
Herpesviridae__HHV-7__isolate1__rep0,Herpesviridae,5,HHV-7,7,1,0,data/reads_multi/Herpesviridae/HHV-7/isolate_1/rep0_1.fq,data/reads_multi/Herpesviridae/HHV-7/isolate_1/rep0_2.fq,1,test
Herpesviridae__HHV-7__isolate1__rep1,Herpesviridae,5,HHV-7,7,1,1,data/reads_multi/Herpesviridae/HHV-7/isolate_1/rep1_1.fq,data/reads_multi/Herpesviridae/HHV-7/isolate_1/rep1_2.fq,1,test
Herpesviridae__HHV-7__isolate1__rep2,Herpesviridae,5,HHV-7,7,1,2,data/reads_multi/Herpesviridae/HHV-7/isolate_1/rep2_1.fq,data/reads_multi/Herpesviridae/HHV-7/isolate_1/rep2_2.fq,1,test
Herpesviridae__HHV-7__isolate1__rep3,Herpesviridae,5,HHV-7,7,1,3,data/reads_multi/Herpesviridae/HHV-7/isolate_1/rep3_1.fq,data/reads_multi/Herpesviridae/HHV-7/isolate_1/rep3_2.fq,1,test
Herpesviridae__HHV-7__isolate1__rep4,Herpesviridae,5,HHV-7,7,1,4,data/reads_multi/Herpesviridae/HHV-7/isolate_1/rep4_1.fq,data/reads_multi/Herpesviridae/HHV-7/isolate_1/rep4_2.fq,1,test
Herpesviridae__HHV-7__isolate1__rep5,Herpesviridae,5,HHV-7,7,1,5,data/reads_multi/Herpesviridae/HHV-7/isolate_1/rep5_1.fq,data/reads_multi/Herpesviridae/HHV-7/isolate_1/rep5_2.fq,1,test
Herpesviridae__HHV-7__isolate2__rep0,Herpesviridae,5,HHV-7,7,2,0,data/reads_multi/Herpesviridae/HHV-7/isolate_2/rep0_1.fq,data/reads_multi/Herpesviridae/HHV-7/isolate_2/rep0_2.fq,2,val
Herpesviridae__HHV-7__isolate2__rep1,Herpesviridae,5,HHV-7,7,2,1,data/reads_multi/Herpesviridae/HHV-7/isolate_2/rep1_1.fq,data/reads_multi/Herpesviridae/HHV-7/isolate_2/rep1_2.fq,2,val
Herpesviridae__HHV-7__isolate2__rep2,Herpesviridae,5,HHV-7,7,2,2,data/reads_multi/Herpesviridae/HHV-7/isolate_2/rep2_1.fq,data/reads_multi/Herpesviridae/HHV-7/isolate_2/rep2_2.fq,2,val
Herpesviridae__HHV-7__isolate2__rep3,Herpesviridae,5,HHV-7,7,2,3,data/reads_multi/Herpesviridae/HHV-7/isolate_2/rep3_1.fq,data/reads_multi/Herpesviridae/HHV-7/isolate_2/rep3_2.fq,2,val
Herpesviridae__HHV-7__isolate2__rep4,Herpesviridae,5,HHV-7,7,2,4,data/reads_multi/Herpesviridae/HHV-7/isolate_2/rep4_1.fq,data/reads_multi/Herpesviridae/HHV-7/isolate_2/rep4_2.fq,2,val
Herpesviridae__HHV-7__isolate2__rep5,Herpesviridae,5,HHV-7,7,2,5,data/reads_multi/Herpesviridae/HHV-7/isolate_2/rep5_1.fq,data/reads_multi/Herpesviridae/HHV-7/isolate_2/rep5_2.fq,2,val
Herpesviridae__HHV-7__isolate3__rep0,Herpesviridae,5,HHV-7,7,3,0,data/reads_multi/Herpesviridae/HHV-7/isolate_3/rep0_1.fq,data/reads_multi/Herpesviridae/HHV-7/isolate_3/rep0_2.fq,3,train
Herpesviridae__HHV-7__isolate3__rep1,Herpesviridae,5,HHV-7,7,3,1,data/reads_multi/Herpesviridae/HHV-7/isolate_3/rep1_1.fq,data/reads_multi/Herpesviridae/HHV-7/isolate_3/rep1_2.fq,3,train
Herpesviridae__HHV-7__isolate3__rep2,Herpesviridae,5,HHV-7,7,3,2,data/reads_multi/Herpesviridae/HHV-7/isolate_3/rep2_1.fq,data/reads_multi/Herpesviridae/HHV-7/isolate_3/rep2_2.fq,3,train
Herpesviridae__HHV-7__isolate3__rep3,Herpesviridae,5,HHV-7,7,3,3,data/reads_multi/Herpesviridae/HHV-7/isolate_3/rep3_1.fq,data/reads_multi/Herpesviridae/HHV-7/isolate_3/rep3_2.fq,3,train
Herpesviridae__HHV-7__isolate3__rep4,Herpesviridae,5,HHV-7,7,3,4,data/reads_multi/Herpesviridae/HHV-7/isolate_3/rep4_1.fq,data/reads_multi/Herpesviridae/HHV-7/isolate_3/rep4_2.fq,3,train
Herpesviridae__HHV-7__isolate3__rep5,Herpesviridae,5,HHV-7,7,3,5,data/reads_multi/Herpesviridae/HHV-7/isolate_3/rep5_1.fq,data/reads_multi/Herpesviridae/HHV-7/isolate_3/rep5_2.fq,3,train
Herpesviridae__HHV-7__isolate4__rep0,Herpesviridae,5,HHV-7,7,4,0,data/reads_multi/Herpesviridae/HHV-7/isolate_4/rep0_1.fq,data/reads_multi/Herpesviridae/HHV-7/isolate_4/rep0_2.fq,4,train
Herpesviridae__HHV-7__isolate4__rep1,Herpesviridae,5,HHV-7,7,4,1,data/reads_multi/Herpesviridae/HHV-7/isolate_4/rep1_1.fq,data/reads_multi/Herpesviridae/HHV-7/isolate_4/rep1_2.fq,4,train
Herpesviridae__HHV-7__isolate4__rep2,Herpesviridae,5,HHV-7,7,4,2,data/reads_multi/Herpesviridae/HHV-7/isolate_4/rep2_1.fq,data/reads_multi/Herpesviridae/HHV-7/isolate_4/rep2_2.fq,4,train
Herpesviridae__HHV-7__isolate4__rep3,Herpesviridae,5,HHV-7,7,4,3,data/reads_multi/Herpesviridae/HHV-7/isolate_4/rep3_1.fq,data/reads_multi/Herpesviridae/HHV-7/isolate_4/rep3_2.fq,4,train
Herpesviridae__HHV-7__isolate4__rep4,Herpesviridae,5,HHV-7,7,4,4,data/reads_multi/Herpesviridae/HHV-7/isolate_4/rep4_1.fq,data/reads_multi/Herpesviridae/HHV-7/isolate_4/rep4_2.fq,4,train
Herpesviridae__HHV-7__isolate4__rep5,Herpesviridae,5,HHV-7,7,4,5,data/reads_multi/Herpesviridae/HHV-7/isolate_4/rep5_1.fq,data/reads_multi/Herpesviridae/HHV-7/isolate_4/rep5_2.fq,4,train
Herpesviridae__HHV-7__isolate5__rep0,Herpesviridae,5,HHV-7,7,5,0,data/reads_multi/Herpesviridae/HHV-7/isolate_5/rep0_1.fq,data/reads_multi/Herpesviridae/HHV-7/isolate_5/rep0_2.fq,0,train
Herpesviridae__HHV-7__isolate5__rep1,Herpesviridae,5,HHV-7,7,5,1,data/reads_multi/Herpesviridae/HHV-7/isolate_5/rep1_1.fq,data/reads_multi/Herpesviridae/HHV-7/isolate_5/rep1_2.fq,0,train
Herpesviridae__HHV-7__isolate5__rep2,Herpesviridae,5,HHV-7,7,5,2,data/reads_multi/Herpesviridae/HHV-7/isolate_5/rep2_1.fq,data/reads_multi/Herpesviridae/HHV-7/isolate_5/rep2_2.fq,0,train
Herpesviridae__HHV-7__isolate5__rep3,Herpesviridae,5,HHV-7,7,5,3,data/reads_multi/Herpesviridae/HHV-7/isolate_5/rep3_1.fq,data/reads_multi/Herpesviridae/HHV-7/isolate_5/rep3_2.fq,0,train
Herpesviridae__HHV-7__isolate5__rep4,Herpesviridae,5,HHV-7,7,5,4,data/reads_multi/Herpesviridae/HHV-7/isolate_5/rep4_1.fq,data/reads_multi/Herpesviridae/HHV-7/isolate_5/rep4_2.fq,0,train
Herpesviridae__HHV-7__isolate5__rep5,Herpesviridae,5,HHV-7,7,5,5,data/reads_multi/Herpesviridae/HHV-7/isolate_5/rep5_1.fq,data/reads_multi/Herpesviridae/HHV-7/isolate_5/rep5_2.fq,0,train
Herpesviridae__HHV-7__isolate6__rep0,Herpesviridae,5,HHV-7,7,6,0,data/reads_multi/Herpesviridae/HHV-7/isolate_6/rep0_1.fq,data/reads_multi/Herpesviridae/HHV-7/isolate_6/rep0_2.fq,1,test
Herpesviridae__HHV-7__isolate6__rep1,Herpesviridae,5,HHV-7,7,6,1,data/reads_multi/Herpesviridae/HHV-7/isolate_6/rep1_1.fq,data/reads_multi/Herpesviridae/HHV-7/isolate_6/rep1_2.fq,1,test
Herpesviridae__HHV-7__isolate6__rep2,Herpesviridae,5,HHV-7,7,6,2,data/reads_multi/Herpesviridae/HHV-7/isolate_6/rep2_1.fq,data/reads_multi/Herpesviridae/HHV-7/isolate_6/rep2_2.fq,1,test
Herpesviridae__HHV-7__isolate6__rep3,Herpesviridae,5,HHV-7,7,6,3,data/reads_multi/Herpesviridae/HHV-7/isolate_6/rep3_1.fq,data/reads_multi/Herpesviridae/HHV-7/isolate_6/rep3_2.fq,1,test
Herpesviridae__HHV-7__isolate6__rep4,Herpesviridae,5,HHV-7,7,6,4,data/reads_multi/Herpesviridae/HHV-7/isolate_6/rep4_1.fq,data/reads_multi/Herpesviridae/HHV-7/isolate_6/rep4_2.fq,1,test
Herpesviridae__HHV-7__isolate6__rep5,Herpesviridae,5,HHV-7,7,6,5,data/reads_multi/Herpesviridae/HHV-7/isolate_6/rep5_1.fq,data/reads_multi/Herpesviridae/HHV-7/isolate_6/rep5_2.fq,1,test
Herpesviridae__HHV-7__isolate7__rep0,Herpesviridae,5,HHV-7,7,7,0,data/reads_multi/Herpesviridae/HHV-7/isolate_7/rep0_1.fq,data/reads_multi/Herpesviridae/HHV-7/isolate_7/rep0_2.fq,2,val
Herpesviridae__HHV-7__isolate7__rep1,Herpesviridae,5,HHV-7,7,7,1,data/reads_multi/Herpesviridae/HHV-7/isolate_7/rep1_1.fq,data/reads_multi/Herpesviridae/HHV-7/isolate_7/rep1_2.fq,2,val
Herpesviridae__HHV-7__isolate7__rep2,Herpesviridae,5,HHV-7,7,7,2,data/reads_multi/Herpesviridae/HHV-7/isolate_7/rep2_1.fq,data/reads_multi/Herpesviridae/HHV-7/isolate_7/rep2_2.fq,2,val
Herpesviridae__HHV-7__isolate7__rep3,Herpesviridae,5,HHV-7,7,7,3,data/reads_multi/Herpesviridae/HHV-7/isolate_7/rep3_1.fq,data/reads_multi/Herpesviridae/HHV-7/isolate_7/rep3_2.fq,2,val
Herpesviridae__HHV-7__isolate7__rep4,Herpesviridae,5,HHV-7,7,7,4,data/reads_multi/Herpesviridae/HHV-7/isolate_7/rep4_1.fq,data/reads_multi/Herpesviridae/HHV-7/isolate_7/rep4_2.fq,2,val
Herpesviridae__HHV-7__isolate7__rep5,Herpesviridae,5,HHV-7,7,7,5,data/reads_multi/Herpesviridae/HHV-7/isolate_7/rep5_1.fq,data/reads_multi/Herpesviridae/HHV-7/isolate_7/rep5_2.fq,2,val
Herpesviridae__HHV-7__isolate8__rep0,Herpesviridae,5,HHV-7,7,8,0,data/reads_multi/Herpesviridae/HHV-7/isolate_8/rep0_1.fq,data/reads_multi/Herpesviridae/HHV-7/isolate_8/rep0_2.fq,3,train
Herpesviridae__HHV-7__isolate8__rep1,Herpesviridae,5,HHV-7,7,8,1,data/reads_multi/Herpesviridae/HHV-7/isolate_8/rep1_1.fq,data/reads_multi/Herpesviridae/HHV-7/isolate_8/rep1_2.fq,3,train
Herpesviridae__HHV-7__isolate8__rep2,Herpesviridae,5,HHV-7,7,8,2,data/reads_multi/Herpesviridae/HHV-7/isolate_8/rep2_1.fq,data/reads_multi/Herpesviridae/HHV-7/isolate_8/rep2_2.fq,3,train
Herpesviridae__HHV-7__isolate8__rep3,Herpesviridae,5,HHV-7,7,8,3,data/reads_multi/Herpesviridae/HHV-7/isolate_8/rep3_1.fq,data/reads_multi/Herpesviridae/HHV-7/isolate_8/rep3_2.fq,3,train
Herpesviridae__HHV-7__isolate8__rep4,Herpesviridae,5,HHV-7,7,8,4,data/reads_multi/Herpesviridae/HHV-7/isolate_8/rep4_1.fq,data/reads_multi/Herpesviridae/HHV-7/isolate_8/rep4_2.fq,3,train
Herpesviridae__HHV-7__isolate8__rep5,Herpesviridae,5,HHV-7,7,8,5,data/reads_multi/Herpesviridae/HHV-7/isolate_8/rep5_1.fq,data/reads_multi/Herpesviridae/HHV-7/isolate_8/rep5_2.fq,3,train
Herpesviridae__HHV-7__isolate9__rep0,Herpesviridae,5,HHV-7,7,9,0,data/reads_multi/Herpesviridae/HHV-7/isolate_9/rep0_1.fq,data/reads_multi/Herpesviridae/HHV-7/isolate_9/rep0_2.fq,4,train
Herpesviridae__HHV-7__isolate9__rep1,Herpesviridae,5,HHV-7,7,9,1,data/reads_multi/Herpesviridae/HHV-7/isolate_9/rep1_1.fq,data/reads_multi/Herpesviridae/HHV-7/isolate_9/rep1_2.fq,4,train
Herpesviridae__HHV-7__isolate9__rep2,Herpesviridae,5,HHV-7,7,9,2,data/reads_multi/Herpesviridae/HHV-7/isolate_9/rep2_1.fq,data/reads_multi/Herpesviridae/HHV-7/isolate_9/rep2_2.fq,4,train
Herpesviridae__HHV-7__isolate9__rep3,Herpesviridae,5,HHV-7,7,9,3,data/reads_multi/Herpesviridae/HHV-7/isolate_9/rep3_1.fq,data/reads_multi/Herpesviridae/HHV-7/isolate_9/rep3_2.fq,4,train
Herpesviridae__HHV-7__isolate9__rep4,Herpesviridae,5,HHV-7,7,9,4,data/reads_multi/Herpesviridae/HHV-7/isolate_9/rep4_1.fq,data/reads_multi/Herpesviridae/HHV-7/isolate_9/rep4_2.fq,4,train
Herpesviridae__HHV-7__isolate9__rep5,Herpesviridae,5,HHV-7,7,9,5,data/reads_multi/Herpesviridae/HHV-7/isolate_9/rep5_1.fq,data/reads_multi/Herpesviridae/HHV-7/isolate_9/rep5_2.fq,4,train
Picornaviridae__Poliovirus-1__isolate0__rep0,Picornaviridae,6,Poliovirus-1,0,0,0,data/reads_multi/Picornaviridae/Poliovirus-1/isolate_0/rep0_1.fq,data/reads_multi/Picornaviridae/Poliovirus-1/isolate_0/rep0_2.fq,0,train
Picornaviridae__Poliovirus-1__isolate0__rep1,Picornaviridae,6,Poliovirus-1,0,0,1,data/reads_multi/Picornaviridae/Poliovirus-1/isolate_0/rep1_1.fq,data/reads_multi/Picornaviridae/Poliovirus-1/isolate_0/rep1_2.fq,0,train
Picornaviridae__Poliovirus-1__isolate0__rep2,Picornaviridae,6,Poliovirus-1,0,0,2,data/reads_multi/Picornaviridae/Poliovirus-1/isolate_0/rep2_1.fq,data/reads_multi/Picornaviridae/Poliovirus-1/isolate_0/rep2_2.fq,0,train
Picornaviridae__Poliovirus-1__isolate0__rep3,Picornaviridae,6,Poliovirus-1,0,0,3,data/reads_multi/Picornaviridae/Poliovirus-1/isolate_0/rep3_1.fq,data/reads_multi/Picornaviridae/Poliovirus-1/isolate_0/rep3_2.fq,0,train
Picornaviridae__Poliovirus-1__isolate0__rep4,Picornaviridae,6,Poliovirus-1,0,0,4,data/reads_multi/Picornaviridae/Poliovirus-1/isolate_0/rep4_1.fq,data/reads_multi/Picornaviridae/Poliovirus-1/isolate_0/rep4_2.fq,0,train
Picornaviridae__Poliovirus-1__isolate0__rep5,Picornaviridae,6,Poliovirus-1,0,0,5,data/reads_multi/Picornaviridae/Poliovirus-1/isolate_0/rep5_1.fq,data/reads_multi/Picornaviridae/Poliovirus-1/isolate_0/rep5_2.fq,0,train
Picornaviridae__Poliovirus-1__isolate1__rep0,Picornaviridae,6,Poliovirus-1,0,1,0,data/reads_multi/Picornaviridae/Poliovirus-1/isolate_1/rep0_1.fq,data/reads_multi/Picornaviridae/Poliovirus-1/isolate_1/rep0_2.fq,1,test
Picornaviridae__Poliovirus-1__isolate1__rep1,Picornaviridae,6,Poliovirus-1,0,1,1,data/reads_multi/Picornaviridae/Poliovirus-1/isolate_1/rep1_1.fq,data/reads_multi/Picornaviridae/Poliovirus-1/isolate_1/rep1_2.fq,1,test
Picornaviridae__Poliovirus-1__isolate1__rep2,Picornaviridae,6,Poliovirus-1,0,1,2,data/reads_multi/Picornaviridae/Poliovirus-1/isolate_1/rep2_1.fq,data/reads_multi/Picornaviridae/Poliovirus-1/isolate_1/rep2_2.fq,1,test
Picornaviridae__Poliovirus-1__isolate1__rep3,Picornaviridae,6,Poliovirus-1,0,1,3,data/reads_multi/Picornaviridae/Poliovirus-1/isolate_1/rep3_1.fq,data/reads_multi/Picornaviridae/Poliovirus-1/isolate_1/rep3_2.fq,1,test
Picornaviridae__Poliovirus-1__isolate1__rep4,Picornaviridae,6,Poliovirus-1,0,1,4,data/reads_multi/Picornaviridae/Poliovirus-1/isolate_1/rep4_1.fq,data/reads_multi/Picornaviridae/Poliovirus-1/isolate_1/rep4_2.fq,1,test
Picornaviridae__Poliovirus-1__isolate1__rep5,Picornaviridae,6,Poliovirus-1,0,1,5,data/reads_multi/Picornaviridae/Poliovirus-1/isolate_1/rep5_1.fq,data/reads_multi/Picornaviridae/Poliovirus-1/isolate_1/rep5_2.fq,1,test
Picornaviridae__Poliovirus-1__isolate2__rep0,Picornaviridae,6,Poliovirus-1,0,2,0,data/reads_multi/Picornaviridae/Poliovirus-1/isolate_2/rep0_1.fq,data/reads_multi/Picornaviridae/Poliovirus-1/isolate_2/rep0_2.fq,2,val
Picornaviridae__Poliovirus-1__isolate2__rep1,Picornaviridae,6,Poliovirus-1,0,2,1,data/reads_multi/Picornaviridae/Poliovirus-1/isolate_2/rep1_1.fq,data/reads_multi/Picornaviridae/Poliovirus-1/isolate_2/rep1_2.fq,2,val
Picornaviridae__Poliovirus-1__isolate2__rep2,Picornaviridae,6,Poliovirus-1,0,2,2,data/reads_multi/Picornaviridae/Poliovirus-1/isolate_2/rep2_1.fq,data/reads_multi/Picornaviridae/Poliovirus-1/isolate_2/rep2_2.fq,2,val
Picornaviridae__Poliovirus-1__isolate2__rep3,Picornaviridae,6,Poliovirus-1,0,2,3,data/reads_multi/Picornaviridae/Poliovirus-1/isolate_2/rep3_1.fq,data/reads_multi/Picornaviridae/Poliovirus-1/isolate_2/rep3_2.fq,2,val
Picornaviridae__Poliovirus-1__isolate2__rep4,Picornaviridae,6,Poliovirus-1,0,2,4,data/reads_multi/Picornaviridae/Poliovirus-1/isolate_2/rep4_1.fq,data/reads_multi/Picornaviridae/Poliovirus-1/isolate_2/rep4_2.fq,2,val
Picornaviridae__Poliovirus-1__isolate2__rep5,Picornaviridae,6,Poliovirus-1,0,2,5,data/reads_multi/Picornaviridae/Poliovirus-1/isolate_2/rep5_1.fq,data/reads_multi/Picornaviridae/Poliovirus-1/isolate_2/rep5_2.fq,2,val
Picornaviridae__Poliovirus-1__isolate3__rep0,Picornaviridae,6,Poliovirus-1,0,3,0,data/reads_multi/Picornaviridae/Poliovirus-1/isolate_3/rep0_1.fq,data/reads_multi/Picornaviridae/Poliovirus-1/isolate_3/rep0_2.fq,3,train
Picornaviridae__Poliovirus-1__isolate3__rep1,Picornaviridae,6,Poliovirus-1,0,3,1,data/reads_multi/Picornaviridae/Poliovirus-1/isolate_3/rep1_1.fq,data/reads_multi/Picornaviridae/Poliovirus-1/isolate_3/rep1_2.fq,3,train
Picornaviridae__Poliovirus-1__isolate3__rep2,Picornaviridae,6,Poliovirus-1,0,3,2,data/reads_multi/Picornaviridae/Poliovirus-1/isolate_3/rep2_1.fq,data/reads_multi/Picornaviridae/Poliovirus-1/isolate_3/rep2_2.fq,3,train
Picornaviridae__Poliovirus-1__isolate3__rep3,Picornaviridae,6,Poliovirus-1,0,3,3,data/reads_multi/Picornaviridae/Poliovirus-1/isolate_3/rep3_1.fq,data/reads_multi/Picornaviridae/Poliovirus-1/isolate_3/rep3_2.fq,3,train
Picornaviridae__Poliovirus-1__isolate3__rep4,Picornaviridae,6,Poliovirus-1,0,3,4,data/reads_multi/Picornaviridae/Poliovirus-1/isolate_3/rep4_1.fq,data/reads_multi/Picornaviridae/Poliovirus-1/isolate_3/rep4_2.fq,3,train
Picornaviridae__Poliovirus-1__isolate3__rep5,Picornaviridae,6,Poliovirus-1,0,3,5,data/reads_multi/Picornaviridae/Poliovirus-1/isolate_3/rep5_1.fq,data/reads_multi/Picornaviridae/Poliovirus-1/isolate_3/rep5_2.fq,3,train
Picornaviridae__Poliovirus-1__isolate4__rep0,Picornaviridae,6,Poliovirus-1,0,4,0,data/reads_multi/Picornaviridae/Poliovirus-1/isolate_4/rep0_1.fq,data/reads_multi/Picornaviridae/Poliovirus-1/isolate_4/rep0_2.fq,4,train
Picornaviridae__Poliovirus-1__isolate4__rep1,Picornaviridae,6,Poliovirus-1,0,4,1,data/reads_multi/Picornaviridae/Poliovirus-1/isolate_4/rep1_1.fq,data/reads_multi/Picornaviridae/Poliovirus-1/isolate_4/rep1_2.fq,4,train
Picornaviridae__Poliovirus-1__isolate4__rep2,Picornaviridae,6,Poliovirus-1,0,4,2,data/reads_multi/Picornaviridae/Poliovirus-1/isolate_4/rep2_1.fq,data/reads_multi/Picornaviridae/Poliovirus-1/isolate_4/rep2_2.fq,4,train
Picornaviridae__Poliovirus-1__isolate4__rep3,Picornaviridae,6,Poliovirus-1,0,4,3,data/reads_multi/Picornaviridae/Poliovirus-1/isolate_4/rep3_1.fq,data/reads_multi/Picornaviridae/Poliovirus-1/isolate_4/rep3_2.fq,4,train
Picornaviridae__Poliovirus-1__isolate4__rep4,Picornaviridae,6,Poliovirus-1,0,4,4,data/reads_multi/Picornaviridae/Poliovirus-1/isolate_4/rep4_1.fq,data/reads_multi/Picornaviridae/Poliovirus-1/isolate_4/rep4_2.fq,4,train
Picornaviridae__Poliovirus-1__isolate4__rep5,Picornaviridae,6,Poliovirus-1,0,4,5,data/reads_multi/Picornaviridae/Poliovirus-1/isolate_4/rep5_1.fq,data/reads_multi/Picornaviridae/Poliovirus-1/isolate_4/rep5_2.fq,4,train
Picornaviridae__Poliovirus-1__isolate5__rep0,Picornaviridae,6,Poliovirus-1,0,5,0,data/reads_multi/Picornaviridae/Poliovirus-1/isolate_5/rep0_1.fq,data/reads_multi/Picornaviridae/Poliovirus-1/isolate_5/rep0_2.fq,0,train
Picornaviridae__Poliovirus-1__isolate5__rep1,Picornaviridae,6,Poliovirus-1,0,5,1,data/reads_multi/Picornaviridae/Poliovirus-1/isolate_5/rep1_1.fq,data/reads_multi/Picornaviridae/Poliovirus-1/isolate_5/rep1_2.fq,0,train
Picornaviridae__Poliovirus-1__isolate5__rep2,Picornaviridae,6,Poliovirus-1,0,5,2,data/reads_multi/Picornaviridae/Poliovirus-1/isolate_5/rep2_1.fq,data/reads_multi/Picornaviridae/Poliovirus-1/isolate_5/rep2_2.fq,0,train
Picornaviridae__Poliovirus-1__isolate5__rep3,Picornaviridae,6,Poliovirus-1,0,5,3,data/reads_multi/Picornaviridae/Poliovirus-1/isolate_5/rep3_1.fq,data/reads_multi/Picornaviridae/Poliovirus-1/isolate_5/rep3_2.fq,0,train
Picornaviridae__Poliovirus-1__isolate5__rep4,Picornaviridae,6,Poliovirus-1,0,5,4,data/reads_multi/Picornaviridae/Poliovirus-1/isolate_5/rep4_1.fq,data/reads_multi/Picornaviridae/Poliovirus-1/isolate_5/rep4_2.fq,0,train
Picornaviridae__Poliovirus-1__isolate5__rep5,Picornaviridae,6,Poliovirus-1,0,5,5,data/reads_multi/Picornaviridae/Poliovirus-1/isolate_5/rep5_1.fq,data/reads_multi/Picornaviridae/Poliovirus-1/isolate_5/rep5_2.fq,0,train
Picornaviridae__Poliovirus-1__isolate6__rep0,Picornaviridae,6,Poliovirus-1,0,6,0,data/reads_multi/Picornaviridae/Poliovirus-1/isolate_6/rep0_1.fq,data/reads_multi/Picornaviridae/Poliovirus-1/isolate_6/rep0_2.fq,1,test
Picornaviridae__Poliovirus-1__isolate6__rep1,Picornaviridae,6,Poliovirus-1,0,6,1,data/reads_multi/Picornaviridae/Poliovirus-1/isolate_6/rep1_1.fq,data/reads_multi/Picornaviridae/Poliovirus-1/isolate_6/rep1_2.fq,1,test
Picornaviridae__Poliovirus-1__isolate6__rep2,Picornaviridae,6,Poliovirus-1,0,6,2,data/reads_multi/Picornaviridae/Poliovirus-1/isolate_6/rep2_1.fq,data/reads_multi/Picornaviridae/Poliovirus-1/isolate_6/rep2_2.fq,1,test
Picornaviridae__Poliovirus-1__isolate6__rep3,Picornaviridae,6,Poliovirus-1,0,6,3,data/reads_multi/Picornaviridae/Poliovirus-1/isolate_6/rep3_1.fq,data/reads_multi/Picornaviridae/Poliovirus-1/isolate_6/rep3_2.fq,1,test
Picornaviridae__Poliovirus-1__isolate6__rep4,Picornaviridae,6,Poliovirus-1,0,6,4,data/reads_multi/Picornaviridae/Poliovirus-1/isolate_6/rep4_1.fq,data/reads_multi/Picornaviridae/Poliovirus-1/isolate_6/rep4_2.fq,1,test
Picornaviridae__Poliovirus-1__isolate6__rep5,Picornaviridae,6,Poliovirus-1,0,6,5,data/reads_multi/Picornaviridae/Poliovirus-1/isolate_6/rep5_1.fq,data/reads_multi/Picornaviridae/Poliovirus-1/isolate_6/rep5_2.fq,1,test
Picornaviridae__Poliovirus-1__isolate7__rep0,Picornaviridae,6,Poliovirus-1,0,7,0,data/reads_multi/Picornaviridae/Poliovirus-1/isolate_7/rep0_1.fq,data/reads_multi/Picornaviridae/Poliovirus-1/isolate_7/rep0_2.fq,2,val
Picornaviridae__Poliovirus-1__isolate7__rep1,Picornaviridae,6,Poliovirus-1,0,7,1,data/reads_multi/Picornaviridae/Poliovirus-1/isolate_7/rep1_1.fq,data/reads_multi/Picornaviridae/Poliovirus-1/isolate_7/rep1_2.fq,2,val
Picornaviridae__Poliovirus-1__isolate7__rep2,Picornaviridae,6,Poliovirus-1,0,7,2,data/reads_multi/Picornaviridae/Poliovirus-1/isolate_7/rep2_1.fq,data/reads_multi/Picornaviridae/Poliovirus-1/isolate_7/rep2_2.fq,2,val
Picornaviridae__Poliovirus-1__isolate7__rep3,Picornaviridae,6,Poliovirus-1,0,7,3,data/reads_multi/Picornaviridae/Poliovirus-1/isolate_7/rep3_1.fq,data/reads_multi/Picornaviridae/Poliovirus-1/isolate_7/rep3_2.fq,2,val
Picornaviridae__Poliovirus-1__isolate7__rep4,Picornaviridae,6,Poliovirus-1,0,7,4,data/reads_multi/Picornaviridae/Poliovirus-1/isolate_7/rep4_1.fq,data/reads_multi/Picornaviridae/Poliovirus-1/isolate_7/rep4_2.fq,2,val
Picornaviridae__Poliovirus-1__isolate7__rep5,Picornaviridae,6,Poliovirus-1,0,7,5,data/reads_multi/Picornaviridae/Poliovirus-1/isolate_7/rep5_1.fq,data/reads_multi/Picornaviridae/Poliovirus-1/isolate_7/rep5_2.fq,2,val
Picornaviridae__Poliovirus-1__isolate8__rep0,Picornaviridae,6,Poliovirus-1,0,8,0,data/reads_multi/Picornaviridae/Poliovirus-1/isolate_8/rep0_1.fq,data/reads_multi/Picornaviridae/Poliovirus-1/isolate_8/rep0_2.fq,3,train
Picornaviridae__Poliovirus-1__isolate8__rep1,Picornaviridae,6,Poliovirus-1,0,8,1,data/reads_multi/Picornaviridae/Poliovirus-1/isolate_8/rep1_1.fq,data/reads_multi/Picornaviridae/Poliovirus-1/isolate_8/rep1_2.fq,3,train
Picornaviridae__Poliovirus-1__isolate8__rep2,Picornaviridae,6,Poliovirus-1,0,8,2,data/reads_multi/Picornaviridae/Poliovirus-1/isolate_8/rep2_1.fq,data/reads_multi/Picornaviridae/Poliovirus-1/isolate_8/rep2_2.fq,3,train
Picornaviridae__Poliovirus-1__isolate8__rep3,Picornaviridae,6,Poliovirus-1,0,8,3,data/reads_multi/Picornaviridae/Poliovirus-1/isolate_8/rep3_1.fq,data/reads_multi/Picornaviridae/Poliovirus-1/isolate_8/rep3_2.fq,3,train
Picornaviridae__Poliovirus-1__isolate8__rep4,Picornaviridae,6,Poliovirus-1,0,8,4,data/reads_multi/Picornaviridae/Poliovirus-1/isolate_8/rep4_1.fq,data/reads_multi/Picornaviridae/Poliovirus-1/isolate_8/rep4_2.fq,3,train
Picornaviridae__Poliovirus-1__isolate8__rep5,Picornaviridae,6,Poliovirus-1,0,8,5,data/reads_multi/Picornaviridae/Poliovirus-1/isolate_8/rep5_1.fq,data/reads_multi/Picornaviridae/Poliovirus-1/isolate_8/rep5_2.fq,3,train
Picornaviridae__Poliovirus-1__isolate9__rep0,Picornaviridae,6,Poliovirus-1,0,9,0,data/reads_multi/Picornaviridae/Poliovirus-1/isolate_9/rep0_1.fq,data/reads_multi/Picornaviridae/Poliovirus-1/isolate_9/rep0_2.fq,4,train
Picornaviridae__Poliovirus-1__isolate9__rep1,Picornaviridae,6,Poliovirus-1,0,9,1,data/reads_multi/Picornaviridae/Poliovirus-1/isolate_9/rep1_1.fq,data/reads_multi/Picornaviridae/Poliovirus-1/isolate_9/rep1_2.fq,4,train
Picornaviridae__Poliovirus-1__isolate9__rep2,Picornaviridae,6,Poliovirus-1,0,9,2,data/reads_multi/Picornaviridae/Poliovirus-1/isolate_9/rep2_1.fq,data/reads_multi/Picornaviridae/Poliovirus-1/isolate_9/rep2_2.fq,4,train
Picornaviridae__Poliovirus-1__isolate9__rep3,Picornaviridae,6,Poliovirus-1,0,9,3,data/reads_multi/Picornaviridae/Poliovirus-1/isolate_9/rep3_1.fq,data/reads_multi/Picornaviridae/Poliovirus-1/isolate_9/rep3_2.fq,4,train
Picornaviridae__Poliovirus-1__isolate9__rep4,Picornaviridae,6,Poliovirus-1,0,9,4,data/reads_multi/Picornaviridae/Poliovirus-1/isolate_9/rep4_1.fq,data/reads_multi/Picornaviridae/Poliovirus-1/isolate_9/rep4_2.fq,4,train
Picornaviridae__Poliovirus-1__isolate9__rep5,Picornaviridae,6,Poliovirus-1,0,9,5,data/reads_multi/Picornaviridae/Poliovirus-1/isolate_9/rep5_1.fq,data/reads_multi/Picornaviridae/Poliovirus-1/isolate_9/rep5_2.fq,4,train
Picornaviridae__Poliovirus-2__isolate0__rep0,Picornaviridae,6,Poliovirus-2,1,0,0,data/reads_multi/Picornaviridae/Poliovirus-2/isolate_0/rep0_1.fq,data/reads_multi/Picornaviridae/Poliovirus-2/isolate_0/rep0_2.fq,0,train
Picornaviridae__Poliovirus-2__isolate0__rep1,Picornaviridae,6,Poliovirus-2,1,0,1,data/reads_multi/Picornaviridae/Poliovirus-2/isolate_0/rep1_1.fq,data/reads_multi/Picornaviridae/Poliovirus-2/isolate_0/rep1_2.fq,0,train
Picornaviridae__Poliovirus-2__isolate0__rep2,Picornaviridae,6,Poliovirus-2,1,0,2,data/reads_multi/Picornaviridae/Poliovirus-2/isolate_0/rep2_1.fq,data/reads_multi/Picornaviridae/Poliovirus-2/isolate_0/rep2_2.fq,0,train
Picornaviridae__Poliovirus-2__isolate0__rep3,Picornaviridae,6,Poliovirus-2,1,0,3,data/reads_multi/Picornaviridae/Poliovirus-2/isolate_0/rep3_1.fq,data/reads_multi/Picornaviridae/Poliovirus-2/isolate_0/rep3_2.fq,0,train
Picornaviridae__Poliovirus-2__isolate0__rep4,Picornaviridae,6,Poliovirus-2,1,0,4,data/reads_multi/Picornaviridae/Poliovirus-2/isolate_0/rep4_1.fq,data/reads_multi/Picornaviridae/Poliovirus-2/isolate_0/rep4_2.fq,0,train
Picornaviridae__Poliovirus-2__isolate0__rep5,Picornaviridae,6,Poliovirus-2,1,0,5,data/reads_multi/Picornaviridae/Poliovirus-2/isolate_0/rep5_1.fq,data/reads_multi/Picornaviridae/Poliovirus-2/isolate_0/rep5_2.fq,0,train
Picornaviridae__Poliovirus-2__isolate1__rep0,Picornaviridae,6,Poliovirus-2,1,1,0,data/reads_multi/Picornaviridae/Poliovirus-2/isolate_1/rep0_1.fq,data/reads_multi/Picornaviridae/Poliovirus-2/isolate_1/rep0_2.fq,1,test
Picornaviridae__Poliovirus-2__isolate1__rep1,Picornaviridae,6,Poliovirus-2,1,1,1,data/reads_multi/Picornaviridae/Poliovirus-2/isolate_1/rep1_1.fq,data/reads_multi/Picornaviridae/Poliovirus-2/isolate_1/rep1_2.fq,1,test
Picornaviridae__Poliovirus-2__isolate1__rep2,Picornaviridae,6,Poliovirus-2,1,1,2,data/reads_multi/Picornaviridae/Poliovirus-2/isolate_1/rep2_1.fq,data/reads_multi/Picornaviridae/Poliovirus-2/isolate_1/rep2_2.fq,1,test
Picornaviridae__Poliovirus-2__isolate1__rep3,Picornaviridae,6,Poliovirus-2,1,1,3,data/reads_multi/Picornaviridae/Poliovirus-2/isolate_1/rep3_1.fq,data/reads_multi/Picornaviridae/Poliovirus-2/isolate_1/rep3_2.fq,1,test
Picornaviridae__Poliovirus-2__isolate1__rep4,Picornaviridae,6,Poliovirus-2,1,1,4,data/reads_multi/Picornaviridae/Poliovirus-2/isolate_1/rep4_1.fq,data/reads_multi/Picornaviridae/Poliovirus-2/isolate_1/rep4_2.fq,1,test
Picornaviridae__Poliovirus-2__isolate1__rep5,Picornaviridae,6,Poliovirus-2,1,1,5,data/reads_multi/Picornaviridae/Poliovirus-2/isolate_1/rep5_1.fq,data/reads_multi/Picornaviridae/Poliovirus-2/isolate_1/rep5_2.fq,1,test
Picornaviridae__Poliovirus-2__isolate2__rep0,Picornaviridae,6,Poliovirus-2,1,2,0,data/reads_multi/Picornaviridae/Poliovirus-2/isolate_2/rep0_1.fq,data/reads_multi/Picornaviridae/Poliovirus-2/isolate_2/rep0_2.fq,2,val
Picornaviridae__Poliovirus-2__isolate2__rep1,Picornaviridae,6,Poliovirus-2,1,2,1,data/reads_multi/Picornaviridae/Poliovirus-2/isolate_2/rep1_1.fq,data/reads_multi/Picornaviridae/Poliovirus-2/isolate_2/rep1_2.fq,2,val
Picornaviridae__Poliovirus-2__isolate2__rep2,Picornaviridae,6,Poliovirus-2,1,2,2,data/reads_multi/Picornaviridae/Poliovirus-2/isolate_2/rep2_1.fq,data/reads_multi/Picornaviridae/Poliovirus-2/isolate_2/rep2_2.fq,2,val
Picornaviridae__Poliovirus-2__isolate2__rep3,Picornaviridae,6,Poliovirus-2,1,2,3,data/reads_multi/Picornaviridae/Poliovirus-2/isolate_2/rep3_1.fq,data/reads_multi/Picornaviridae/Poliovirus-2/isolate_2/rep3_2.fq,2,val
Picornaviridae__Poliovirus-2__isolate2__rep4,Picornaviridae,6,Poliovirus-2,1,2,4,data/reads_multi/Picornaviridae/Poliovirus-2/isolate_2/rep4_1.fq,data/reads_multi/Picornaviridae/Poliovirus-2/isolate_2/rep4_2.fq,2,val
Picornaviridae__Poliovirus-2__isolate2__rep5,Picornaviridae,6,Poliovirus-2,1,2,5,data/reads_multi/Picornaviridae/Poliovirus-2/isolate_2/rep5_1.fq,data/reads_multi/Picornaviridae/Poliovirus-2/isolate_2/rep5_2.fq,2,val
Picornaviridae__Poliovirus-2__isolate3__rep0,Picornaviridae,6,Poliovirus-2,1,3,0,data/reads_multi/Picornaviridae/Poliovirus-2/isolate_3/rep0_1.fq,data/reads_multi/Picornaviridae/Poliovirus-2/isolate_3/rep0_2.fq,3,train
Picornaviridae__Poliovirus-2__isolate3__rep1,Picornaviridae,6,Poliovirus-2,1,3,1,data/reads_multi/Picornaviridae/Poliovirus-2/isolate_3/rep1_1.fq,data/reads_multi/Picornaviridae/Poliovirus-2/isolate_3/rep1_2.fq,3,train
Picornaviridae__Poliovirus-2__isolate3__rep2,Picornaviridae,6,Poliovirus-2,1,3,2,data/reads_multi/Picornaviridae/Poliovirus-2/isolate_3/rep2_1.fq,data/reads_multi/Picornaviridae/Poliovirus-2/isolate_3/rep2_2.fq,3,train
Picornaviridae__Poliovirus-2__isolate3__rep3,Picornaviridae,6,Poliovirus-2,1,3,3,data/reads_multi/Picornaviridae/Poliovirus-2/isolate_3/rep3_1.fq,data/reads_multi/Picornaviridae/Poliovirus-2/isolate_3/rep3_2.fq,3,train
Picornaviridae__Poliovirus-2__isolate3__rep4,Picornaviridae,6,Poliovirus-2,1,3,4,data/reads_multi/Picornaviridae/Poliovirus-2/isolate_3/rep4_1.fq,data/reads_multi/Picornaviridae/Poliovirus-2/isolate_3/rep4_2.fq,3,train
Picornaviridae__Poliovirus-2__isolate3__rep5,Picornaviridae,6,Poliovirus-2,1,3,5,data/reads_multi/Picornaviridae/Poliovirus-2/isolate_3/rep5_1.fq,data/reads_multi/Picornaviridae/Poliovirus-2/isolate_3/rep5_2.fq,3,train
Picornaviridae__Poliovirus-2__isolate4__rep0,Picornaviridae,6,Poliovirus-2,1,4,0,data/reads_multi/Picornaviridae/Poliovirus-2/isolate_4/rep0_1.fq,data/reads_multi/Picornaviridae/Poliovirus-2/isolate_4/rep0_2.fq,4,train
Picornaviridae__Poliovirus-2__isolate4__rep1,Picornaviridae,6,Poliovirus-2,1,4,1,data/reads_multi/Picornaviridae/Poliovirus-2/isolate_4/rep1_1.fq,data/reads_multi/Picornaviridae/Poliovirus-2/isolate_4/rep1_2.fq,4,train
Picornaviridae__Poliovirus-2__isolate4__rep2,Picornaviridae,6,Poliovirus-2,1,4,2,data/reads_multi/Picornaviridae/Poliovirus-2/isolate_4/rep2_1.fq,data/reads_multi/Picornaviridae/Poliovirus-2/isolate_4/rep2_2.fq,4,train
Picornaviridae__Poliovirus-2__isolate4__rep3,Picornaviridae,6,Poliovirus-2,1,4,3,data/reads_multi/Picornaviridae/Poliovirus-2/isolate_4/rep3_1.fq,data/reads_multi/Picornaviridae/Poliovirus-2/isolate_4/rep3_2.fq,4,train
Picornaviridae__Poliovirus-2__isolate4__rep4,Picornaviridae,6,Poliovirus-2,1,4,4,data/reads_multi/Picornaviridae/Poliovirus-2/isolate_4/rep4_1.fq,data/reads_multi/Picornaviridae/Poliovirus-2/isolate_4/rep4_2.fq,4,train
Picornaviridae__Poliovirus-2__isolate4__rep5,Picornaviridae,6,Poliovirus-2,1,4,5,data/reads_multi/Picornaviridae/Poliovirus-2/isolate_4/rep5_1.fq,data/reads_multi/Picornaviridae/Poliovirus-2/isolate_4/rep5_2.fq,4,train
Picornaviridae__Poliovirus-2__isolate5__rep0,Picornaviridae,6,Poliovirus-2,1,5,0,data/reads_multi/Picornaviridae/Poliovirus-2/isolate_5/rep0_1.fq,data/reads_multi/Picornaviridae/Poliovirus-2/isolate_5/rep0_2.fq,0,train
Picornaviridae__Poliovirus-2__isolate5__rep1,Picornaviridae,6,Poliovirus-2,1,5,1,data/reads_multi/Picornaviridae/Poliovirus-2/isolate_5/rep1_1.fq,data/reads_multi/Picornaviridae/Poliovirus-2/isolate_5/rep1_2.fq,0,train
Picornaviridae__Poliovirus-2__isolate5__rep2,Picornaviridae,6,Poliovirus-2,1,5,2,data/reads_multi/Picornaviridae/Poliovirus-2/isolate_5/rep2_1.fq,data/reads_multi/Picornaviridae/Poliovirus-2/isolate_5/rep2_2.fq,0,train
Picornaviridae__Poliovirus-2__isolate5__rep3,Picornaviridae,6,Poliovirus-2,1,5,3,data/reads_multi/Picornaviridae/Poliovirus-2/isolate_5/rep3_1.fq,data/reads_multi/Picornaviridae/Poliovirus-2/isolate_5/rep3_2.fq,0,train
Picornaviridae__Poliovirus-2__isolate5__rep4,Picornaviridae,6,Poliovirus-2,1,5,4,data/reads_multi/Picornaviridae/Poliovirus-2/isolate_5/rep4_1.fq,data/reads_multi/Picornaviridae/Poliovirus-2/isolate_5/rep4_2.fq,0,train
Picornaviridae__Poliovirus-2__isolate5__rep5,Picornaviridae,6,Poliovirus-2,1,5,5,data/reads_multi/Picornaviridae/Poliovirus-2/isolate_5/rep5_1.fq,data/reads_multi/Picornaviridae/Poliovirus-2/isolate_5/rep5_2.fq,0,train
Picornaviridae__Poliovirus-2__isolate6__rep0,Picornaviridae,6,Poliovirus-2,1,6,0,data/reads_multi/Picornaviridae/Poliovirus-2/isolate_6/rep0_1.fq,data/reads_multi/Picornaviridae/Poliovirus-2/isolate_6/rep0_2.fq,1,test
Picornaviridae__Poliovirus-2__isolate6__rep1,Picornaviridae,6,Poliovirus-2,1,6,1,data/reads_multi/Picornaviridae/Poliovirus-2/isolate_6/rep1_1.fq,data/reads_multi/Picornaviridae/Poliovirus-2/isolate_6/rep1_2.fq,1,test
Picornaviridae__Poliovirus-2__isolate6__rep2,Picornaviridae,6,Poliovirus-2,1,6,2,data/reads_multi/Picornaviridae/Poliovirus-2/isolate_6/rep2_1.fq,data/reads_multi/Picornaviridae/Poliovirus-2/isolate_6/rep2_2.fq,1,test
Picornaviridae__Poliovirus-2__isolate6__rep3,Picornaviridae,6,Poliovirus-2,1,6,3,data/reads_multi/Picornaviridae/Poliovirus-2/isolate_6/rep3_1.fq,data/reads_multi/Picornaviridae/Poliovirus-2/isolate_6/rep3_2.fq,1,test
Picornaviridae__Poliovirus-2__isolate6__rep4,Picornaviridae,6,Poliovirus-2,1,6,4,data/reads_multi/Picornaviridae/Poliovirus-2/isolate_6/rep4_1.fq,data/reads_multi/Picornaviridae/Poliovirus-2/isolate_6/rep4_2.fq,1,test
Picornaviridae__Poliovirus-2__isolate6__rep5,Picornaviridae,6,Poliovirus-2,1,6,5,data/reads_multi/Picornaviridae/Poliovirus-2/isolate_6/rep5_1.fq,data/reads_multi/Picornaviridae/Poliovirus-2/isolate_6/rep5_2.fq,1,test
Picornaviridae__Poliovirus-2__isolate7__rep0,Picornaviridae,6,Poliovirus-2,1,7,0,data/reads_multi/Picornaviridae/Poliovirus-2/isolate_7/rep0_1.fq,data/reads_multi/Picornaviridae/Poliovirus-2/isolate_7/rep0_2.fq,2,val
Picornaviridae__Poliovirus-2__isolate7__rep1,Picornaviridae,6,Poliovirus-2,1,7,1,data/reads_multi/Picornaviridae/Poliovirus-2/isolate_7/rep1_1.fq,data/reads_multi/Picornaviridae/Poliovirus-2/isolate_7/rep1_2.fq,2,val
Picornaviridae__Poliovirus-2__isolate7__rep2,Picornaviridae,6,Poliovirus-2,1,7,2,data/reads_multi/Picornaviridae/Poliovirus-2/isolate_7/rep2_1.fq,data/reads_multi/Picornaviridae/Poliovirus-2/isolate_7/rep2_2.fq,2,val
Picornaviridae__Poliovirus-2__isolate7__rep3,Picornaviridae,6,Poliovirus-2,1,7,3,data/reads_multi/Picornaviridae/Poliovirus-2/isolate_7/rep3_1.fq,data/reads_multi/Picornaviridae/Poliovirus-2/isolate_7/rep3_2.fq,2,val
Picornaviridae__Poliovirus-2__isolate7__rep4,Picornaviridae,6,Poliovirus-2,1,7,4,data/reads_multi/Picornaviridae/Poliovirus-2/isolate_7/rep4_1.fq,data/reads_multi/Picornaviridae/Poliovirus-2/isolate_7/rep4_2.fq,2,val
Picornaviridae__Poliovirus-2__isolate7__rep5,Picornaviridae,6,Poliovirus-2,1,7,5,data/reads_multi/Picornaviridae/Poliovirus-2/isolate_7/rep5_1.fq,data/reads_multi/Picornaviridae/Poliovirus-2/isolate_7/rep5_2.fq,2,val
Picornaviridae__Poliovirus-2__isolate8__rep0,Picornaviridae,6,Poliovirus-2,1,8,0,data/reads_multi/Picornaviridae/Poliovirus-2/isolate_8/rep0_1.fq,data/reads_multi/Picornaviridae/Poliovirus-2/isolate_8/rep0_2.fq,3,train
Picornaviridae__Poliovirus-2__isolate8__rep1,Picornaviridae,6,Poliovirus-2,1,8,1,data/reads_multi/Picornaviridae/Poliovirus-2/isolate_8/rep1_1.fq,data/reads_multi/Picornaviridae/Poliovirus-2/isolate_8/rep1_2.fq,3,train
Picornaviridae__Poliovirus-2__isolate8__rep2,Picornaviridae,6,Poliovirus-2,1,8,2,data/reads_multi/Picornaviridae/Poliovirus-2/isolate_8/rep2_1.fq,data/reads_multi/Picornaviridae/Poliovirus-2/isolate_8/rep2_2.fq,3,train
Picornaviridae__Poliovirus-2__isolate8__rep3,Picornaviridae,6,Poliovirus-2,1,8,3,data/reads_multi/Picornaviridae/Poliovirus-2/isolate_8/rep3_1.fq,data/reads_multi/Picornaviridae/Poliovirus-2/isolate_8/rep3_2.fq,3,train
Picornaviridae__Poliovirus-2__isolate8__rep4,Picornaviridae,6,Poliovirus-2,1,8,4,data/reads_multi/Picornaviridae/Poliovirus-2/isolate_8/rep4_1.fq,data/reads_multi/Picornaviridae/Poliovirus-2/isolate_8/rep4_2.fq,3,train
Picornaviridae__Poliovirus-2__isolate8__rep5,Picornaviridae,6,Poliovirus-2,1,8,5,data/reads_multi/Picornaviridae/Poliovirus-2/isolate_8/rep5_1.fq,data/reads_multi/Picornaviridae/Poliovirus-2/isolate_8/rep5_2.fq,3,train
Picornaviridae__Poliovirus-2__isolate9__rep0,Picornaviridae,6,Poliovirus-2,1,9,0,data/reads_multi/Picornaviridae/Poliovirus-2/isolate_9/rep0_1.fq,data/reads_multi/Picornaviridae/Poliovirus-2/isolate_9/rep0_2.fq,4,train
Picornaviridae__Poliovirus-2__isolate9__rep1,Picornaviridae,6,Poliovirus-2,1,9,1,data/reads_multi/Picornaviridae/Poliovirus-2/isolate_9/rep1_1.fq,data/reads_multi/Picornaviridae/Poliovirus-2/isolate_9/rep1_2.fq,4,train
Picornaviridae__Poliovirus-2__isolate9__rep2,Picornaviridae,6,Poliovirus-2,1,9,2,data/reads_multi/Picornaviridae/Poliovirus-2/isolate_9/rep2_1.fq,data/reads_multi/Picornaviridae/Poliovirus-2/isolate_9/rep2_2.fq,4,train
Picornaviridae__Poliovirus-2__isolate9__rep3,Picornaviridae,6,Poliovirus-2,1,9,3,data/reads_multi/Picornaviridae/Poliovirus-2/isolate_9/rep3_1.fq,data/reads_multi/Picornaviridae/Poliovirus-2/isolate_9/rep3_2.fq,4,train
Picornaviridae__Poliovirus-2__isolate9__rep4,Picornaviridae,6,Poliovirus-2,1,9,4,data/reads_multi/Picornaviridae/Poliovirus-2/isolate_9/rep4_1.fq,data/reads_multi/Picornaviridae/Poliovirus-2/isolate_9/rep4_2.fq,4,train
Picornaviridae__Poliovirus-2__isolate9__rep5,Picornaviridae,6,Poliovirus-2,1,9,5,data/reads_multi/Picornaviridae/Poliovirus-2/isolate_9/rep5_1.fq,data/reads_multi/Picornaviridae/Poliovirus-2/isolate_9/rep5_2.fq,4,train
Picornaviridae__Poliovirus-3__isolate0__rep0,Picornaviridae,6,Poliovirus-3,2,0,0,data/reads_multi/Picornaviridae/Poliovirus-3/isolate_0/rep0_1.fq,data/reads_multi/Picornaviridae/Poliovirus-3/isolate_0/rep0_2.fq,0,train
Picornaviridae__Poliovirus-3__isolate0__rep1,Picornaviridae,6,Poliovirus-3,2,0,1,data/reads_multi/Picornaviridae/Poliovirus-3/isolate_0/rep1_1.fq,data/reads_multi/Picornaviridae/Poliovirus-3/isolate_0/rep1_2.fq,0,train
Picornaviridae__Poliovirus-3__isolate0__rep2,Picornaviridae,6,Poliovirus-3,2,0,2,data/reads_multi/Picornaviridae/Poliovirus-3/isolate_0/rep2_1.fq,data/reads_multi/Picornaviridae/Poliovirus-3/isolate_0/rep2_2.fq,0,train
Picornaviridae__Poliovirus-3__isolate0__rep3,Picornaviridae,6,Poliovirus-3,2,0,3,data/reads_multi/Picornaviridae/Poliovirus-3/isolate_0/rep3_1.fq,data/reads_multi/Picornaviridae/Poliovirus-3/isolate_0/rep3_2.fq,0,train
Picornaviridae__Poliovirus-3__isolate0__rep4,Picornaviridae,6,Poliovirus-3,2,0,4,data/reads_multi/Picornaviridae/Poliovirus-3/isolate_0/rep4_1.fq,data/reads_multi/Picornaviridae/Poliovirus-3/isolate_0/rep4_2.fq,0,train
Picornaviridae__Poliovirus-3__isolate0__rep5,Picornaviridae,6,Poliovirus-3,2,0,5,data/reads_multi/Picornaviridae/Poliovirus-3/isolate_0/rep5_1.fq,data/reads_multi/Picornaviridae/Poliovirus-3/isolate_0/rep5_2.fq,0,train
Picornaviridae__Poliovirus-3__isolate1__rep0,Picornaviridae,6,Poliovirus-3,2,1,0,data/reads_multi/Picornaviridae/Poliovirus-3/isolate_1/rep0_1.fq,data/reads_multi/Picornaviridae/Poliovirus-3/isolate_1/rep0_2.fq,1,test
Picornaviridae__Poliovirus-3__isolate1__rep1,Picornaviridae,6,Poliovirus-3,2,1,1,data/reads_multi/Picornaviridae/Poliovirus-3/isolate_1/rep1_1.fq,data/reads_multi/Picornaviridae/Poliovirus-3/isolate_1/rep1_2.fq,1,test
Picornaviridae__Poliovirus-3__isolate1__rep2,Picornaviridae,6,Poliovirus-3,2,1,2,data/reads_multi/Picornaviridae/Poliovirus-3/isolate_1/rep2_1.fq,data/reads_multi/Picornaviridae/Poliovirus-3/isolate_1/rep2_2.fq,1,test
Picornaviridae__Poliovirus-3__isolate1__rep3,Picornaviridae,6,Poliovirus-3,2,1,3,data/reads_multi/Picornaviridae/Poliovirus-3/isolate_1/rep3_1.fq,data/reads_multi/Picornaviridae/Poliovirus-3/isolate_1/rep3_2.fq,1,test
Picornaviridae__Poliovirus-3__isolate1__rep4,Picornaviridae,6,Poliovirus-3,2,1,4,data/reads_multi/Picornaviridae/Poliovirus-3/isolate_1/rep4_1.fq,data/reads_multi/Picornaviridae/Poliovirus-3/isolate_1/rep4_2.fq,1,test
Picornaviridae__Poliovirus-3__isolate1__rep5,Picornaviridae,6,Poliovirus-3,2,1,5,data/reads_multi/Picornaviridae/Poliovirus-3/isolate_1/rep5_1.fq,data/reads_multi/Picornaviridae/Poliovirus-3/isolate_1/rep5_2.fq,1,test
Picornaviridae__Poliovirus-3__isolate2__rep0,Picornaviridae,6,Poliovirus-3,2,2,0,data/reads_multi/Picornaviridae/Poliovirus-3/isolate_2/rep0_1.fq,data/reads_multi/Picornaviridae/Poliovirus-3/isolate_2/rep0_2.fq,2,val
Picornaviridae__Poliovirus-3__isolate2__rep1,Picornaviridae,6,Poliovirus-3,2,2,1,data/reads_multi/Picornaviridae/Poliovirus-3/isolate_2/rep1_1.fq,data/reads_multi/Picornaviridae/Poliovirus-3/isolate_2/rep1_2.fq,2,val
Picornaviridae__Poliovirus-3__isolate2__rep2,Picornaviridae,6,Poliovirus-3,2,2,2,data/reads_multi/Picornaviridae/Poliovirus-3/isolate_2/rep2_1.fq,data/reads_multi/Picornaviridae/Poliovirus-3/isolate_2/rep2_2.fq,2,val
Picornaviridae__Poliovirus-3__isolate2__rep3,Picornaviridae,6,Poliovirus-3,2,2,3,data/reads_multi/Picornaviridae/Poliovirus-3/isolate_2/rep3_1.fq,data/reads_multi/Picornaviridae/Poliovirus-3/isolate_2/rep3_2.fq,2,val
Picornaviridae__Poliovirus-3__isolate2__rep4,Picornaviridae,6,Poliovirus-3,2,2,4,data/reads_multi/Picornaviridae/Poliovirus-3/isolate_2/rep4_1.fq,data/reads_multi/Picornaviridae/Poliovirus-3/isolate_2/rep4_2.fq,2,val
Picornaviridae__Poliovirus-3__isolate2__rep5,Picornaviridae,6,Poliovirus-3,2,2,5,data/reads_multi/Picornaviridae/Poliovirus-3/isolate_2/rep5_1.fq,data/reads_multi/Picornaviridae/Poliovirus-3/isolate_2/rep5_2.fq,2,val
Picornaviridae__Poliovirus-3__isolate3__rep0,Picornaviridae,6,Poliovirus-3,2,3,0,data/reads_multi/Picornaviridae/Poliovirus-3/isolate_3/rep0_1.fq,data/reads_multi/Picornaviridae/Poliovirus-3/isolate_3/rep0_2.fq,3,train
Picornaviridae__Poliovirus-3__isolate3__rep1,Picornaviridae,6,Poliovirus-3,2,3,1,data/reads_multi/Picornaviridae/Poliovirus-3/isolate_3/rep1_1.fq,data/reads_multi/Picornaviridae/Poliovirus-3/isolate_3/rep1_2.fq,3,train
Picornaviridae__Poliovirus-3__isolate3__rep2,Picornaviridae,6,Poliovirus-3,2,3,2,data/reads_multi/Picornaviridae/Poliovirus-3/isolate_3/rep2_1.fq,data/reads_multi/Picornaviridae/Poliovirus-3/isolate_3/rep2_2.fq,3,train
Picornaviridae__Poliovirus-3__isolate3__rep3,Picornaviridae,6,Poliovirus-3,2,3,3,data/reads_multi/Picornaviridae/Poliovirus-3/isolate_3/rep3_1.fq,data/reads_multi/Picornaviridae/Poliovirus-3/isolate_3/rep3_2.fq,3,train
Picornaviridae__Poliovirus-3__isolate3__rep4,Picornaviridae,6,Poliovirus-3,2,3,4,data/reads_multi/Picornaviridae/Poliovirus-3/isolate_3/rep4_1.fq,data/reads_multi/Picornaviridae/Poliovirus-3/isolate_3/rep4_2.fq,3,train
Picornaviridae__Poliovirus-3__isolate3__rep5,Picornaviridae,6,Poliovirus-3,2,3,5,data/reads_multi/Picornaviridae/Poliovirus-3/isolate_3/rep5_1.fq,data/reads_multi/Picornaviridae/Poliovirus-3/isolate_3/rep5_2.fq,3,train
Picornaviridae__Poliovirus-3__isolate4__rep0,Picornaviridae,6,Poliovirus-3,2,4,0,data/reads_multi/Picornaviridae/Poliovirus-3/isolate_4/rep0_1.fq,data/reads_multi/Picornaviridae/Poliovirus-3/isolate_4/rep0_2.fq,4,train
Picornaviridae__Poliovirus-3__isolate4__rep1,Picornaviridae,6,Poliovirus-3,2,4,1,data/reads_multi/Picornaviridae/Poliovirus-3/isolate_4/rep1_1.fq,data/reads_multi/Picornaviridae/Poliovirus-3/isolate_4/rep1_2.fq,4,train
Picornaviridae__Poliovirus-3__isolate4__rep2,Picornaviridae,6,Poliovirus-3,2,4,2,data/reads_multi/Picornaviridae/Poliovirus-3/isolate_4/rep2_1.fq,data/reads_multi/Picornaviridae/Poliovirus-3/isolate_4/rep2_2.fq,4,train
Picornaviridae__Poliovirus-3__isolate4__rep3,Picornaviridae,6,Poliovirus-3,2,4,3,data/reads_multi/Picornaviridae/Poliovirus-3/isolate_4/rep3_1.fq,data/reads_multi/Picornaviridae/Poliovirus-3/isolate_4/rep3_2.fq,4,train
Picornaviridae__Poliovirus-3__isolate4__rep4,Picornaviridae,6,Poliovirus-3,2,4,4,data/reads_multi/Picornaviridae/Poliovirus-3/isolate_4/rep4_1.fq,data/reads_multi/Picornaviridae/Poliovirus-3/isolate_4/rep4_2.fq,4,train
Picornaviridae__Poliovirus-3__isolate4__rep5,Picornaviridae,6,Poliovirus-3,2,4,5,data/reads_multi/Picornaviridae/Poliovirus-3/isolate_4/rep5_1.fq,data/reads_multi/Picornaviridae/Poliovirus-3/isolate_4/rep5_2.fq,4,train
Picornaviridae__Poliovirus-3__isolate5__rep0,Picornaviridae,6,Poliovirus-3,2,5,0,data/reads_multi/Picornaviridae/Poliovirus-3/isolate_5/rep0_1.fq,data/reads_multi/Picornaviridae/Poliovirus-3/isolate_5/rep0_2.fq,0,train
Picornaviridae__Poliovirus-3__isolate5__rep1,Picornaviridae,6,Poliovirus-3,2,5,1,data/reads_multi/Picornaviridae/Poliovirus-3/isolate_5/rep1_1.fq,data/reads_multi/Picornaviridae/Poliovirus-3/isolate_5/rep1_2.fq,0,train
Picornaviridae__Poliovirus-3__isolate5__rep2,Picornaviridae,6,Poliovirus-3,2,5,2,data/reads_multi/Picornaviridae/Poliovirus-3/isolate_5/rep2_1.fq,data/reads_multi/Picornaviridae/Poliovirus-3/isolate_5/rep2_2.fq,0,train
Picornaviridae__Poliovirus-3__isolate5__rep3,Picornaviridae,6,Poliovirus-3,2,5,3,data/reads_multi/Picornaviridae/Poliovirus-3/isolate_5/rep3_1.fq,data/reads_multi/Picornaviridae/Poliovirus-3/isolate_5/rep3_2.fq,0,train
Picornaviridae__Poliovirus-3__isolate5__rep4,Picornaviridae,6,Poliovirus-3,2,5,4,data/reads_multi/Picornaviridae/Poliovirus-3/isolate_5/rep4_1.fq,data/reads_multi/Picornaviridae/Poliovirus-3/isolate_5/rep4_2.fq,0,train
Picornaviridae__Poliovirus-3__isolate5__rep5,Picornaviridae,6,Poliovirus-3,2,5,5,data/reads_multi/Picornaviridae/Poliovirus-3/isolate_5/rep5_1.fq,data/reads_multi/Picornaviridae/Poliovirus-3/isolate_5/rep5_2.fq,0,train
Picornaviridae__Poliovirus-3__isolate6__rep0,Picornaviridae,6,Poliovirus-3,2,6,0,data/reads_multi/Picornaviridae/Poliovirus-3/isolate_6/rep0_1.fq,data/reads_multi/Picornaviridae/Poliovirus-3/isolate_6/rep0_2.fq,1,test
Picornaviridae__Poliovirus-3__isolate6__rep1,Picornaviridae,6,Poliovirus-3,2,6,1,data/reads_multi/Picornaviridae/Poliovirus-3/isolate_6/rep1_1.fq,data/reads_multi/Picornaviridae/Poliovirus-3/isolate_6/rep1_2.fq,1,test
Picornaviridae__Poliovirus-3__isolate6__rep2,Picornaviridae,6,Poliovirus-3,2,6,2,data/reads_multi/Picornaviridae/Poliovirus-3/isolate_6/rep2_1.fq,data/reads_multi/Picornaviridae/Poliovirus-3/isolate_6/rep2_2.fq,1,test
Picornaviridae__Poliovirus-3__isolate6__rep3,Picornaviridae,6,Poliovirus-3,2,6,3,data/reads_multi/Picornaviridae/Poliovirus-3/isolate_6/rep3_1.fq,data/reads_multi/Picornaviridae/Poliovirus-3/isolate_6/rep3_2.fq,1,test
Picornaviridae__Poliovirus-3__isolate6__rep4,Picornaviridae,6,Poliovirus-3,2,6,4,data/reads_multi/Picornaviridae/Poliovirus-3/isolate_6/rep4_1.fq,data/reads_multi/Picornaviridae/Poliovirus-3/isolate_6/rep4_2.fq,1,test
Picornaviridae__Poliovirus-3__isolate6__rep5,Picornaviridae,6,Poliovirus-3,2,6,5,data/reads_multi/Picornaviridae/Poliovirus-3/isolate_6/rep5_1.fq,data/reads_multi/Picornaviridae/Poliovirus-3/isolate_6/rep5_2.fq,1,test
Picornaviridae__Poliovirus-3__isolate7__rep0,Picornaviridae,6,Poliovirus-3,2,7,0,data/reads_multi/Picornaviridae/Poliovirus-3/isolate_7/rep0_1.fq,data/reads_multi/Picornaviridae/Poliovirus-3/isolate_7/rep0_2.fq,2,val
Picornaviridae__Poliovirus-3__isolate7__rep1,Picornaviridae,6,Poliovirus-3,2,7,1,data/reads_multi/Picornaviridae/Poliovirus-3/isolate_7/rep1_1.fq,data/reads_multi/Picornaviridae/Poliovirus-3/isolate_7/rep1_2.fq,2,val
Picornaviridae__Poliovirus-3__isolate7__rep2,Picornaviridae,6,Poliovirus-3,2,7,2,data/reads_multi/Picornaviridae/Poliovirus-3/isolate_7/rep2_1.fq,data/reads_multi/Picornaviridae/Poliovirus-3/isolate_7/rep2_2.fq,2,val
Picornaviridae__Poliovirus-3__isolate7__rep3,Picornaviridae,6,Poliovirus-3,2,7,3,data/reads_multi/Picornaviridae/Poliovirus-3/isolate_7/rep3_1.fq,data/reads_multi/Picornaviridae/Poliovirus-3/isolate_7/rep3_2.fq,2,val
Picornaviridae__Poliovirus-3__isolate7__rep4,Picornaviridae,6,Poliovirus-3,2,7,4,data/reads_multi/Picornaviridae/Poliovirus-3/isolate_7/rep4_1.fq,data/reads_multi/Picornaviridae/Poliovirus-3/isolate_7/rep4_2.fq,2,val
Picornaviridae__Poliovirus-3__isolate7__rep5,Picornaviridae,6,Poliovirus-3,2,7,5,data/reads_multi/Picornaviridae/Poliovirus-3/isolate_7/rep5_1.fq,data/reads_multi/Picornaviridae/Poliovirus-3/isolate_7/rep5_2.fq,2,val
Picornaviridae__Poliovirus-3__isolate8__rep0,Picornaviridae,6,Poliovirus-3,2,8,0,data/reads_multi/Picornaviridae/Poliovirus-3/isolate_8/rep0_1.fq,data/reads_multi/Picornaviridae/Poliovirus-3/isolate_8/rep0_2.fq,3,train
Picornaviridae__Poliovirus-3__isolate8__rep1,Picornaviridae,6,Poliovirus-3,2,8,1,data/reads_multi/Picornaviridae/Poliovirus-3/isolate_8/rep1_1.fq,data/reads_multi/Picornaviridae/Poliovirus-3/isolate_8/rep1_2.fq,3,train
Picornaviridae__Poliovirus-3__isolate8__rep2,Picornaviridae,6,Poliovirus-3,2,8,2,data/reads_multi/Picornaviridae/Poliovirus-3/isolate_8/rep2_1.fq,data/reads_multi/Picornaviridae/Poliovirus-3/isolate_8/rep2_2.fq,3,train
Picornaviridae__Poliovirus-3__isolate8__rep3,Picornaviridae,6,Poliovirus-3,2,8,3,data/reads_multi/Picornaviridae/Poliovirus-3/isolate_8/rep3_1.fq,data/reads_multi/Picornaviridae/Poliovirus-3/isolate_8/rep3_2.fq,3,train
Picornaviridae__Poliovirus-3__isolate8__rep4,Picornaviridae,6,Poliovirus-3,2,8,4,data/reads_multi/Picornaviridae/Poliovirus-3/isolate_8/rep4_1.fq,data/reads_multi/Picornaviridae/Poliovirus-3/isolate_8/rep4_2.fq,3,train
Picornaviridae__Poliovirus-3__isolate8__rep5,Picornaviridae,6,Poliovirus-3,2,8,5,data/reads_multi/Picornaviridae/Poliovirus-3/isolate_8/rep5_1.fq,data/reads_multi/Picornaviridae/Poliovirus-3/isolate_8/rep5_2.fq,3,train
Picornaviridae__Poliovirus-3__isolate9__rep0,Picornaviridae,6,Poliovirus-3,2,9,0,data/reads_multi/Picornaviridae/Poliovirus-3/isolate_9/rep0_1.fq,data/reads_multi/Picornaviridae/Poliovirus-3/isolate_9/rep0_2.fq,4,train
Picornaviridae__Poliovirus-3__isolate9__rep1,Picornaviridae,6,Poliovirus-3,2,9,1,data/reads_multi/Picornaviridae/Poliovirus-3/isolate_9/rep1_1.fq,data/reads_multi/Picornaviridae/Poliovirus-3/isolate_9/rep1_2.fq,4,train
Picornaviridae__Poliovirus-3__isolate9__rep2,Picornaviridae,6,Poliovirus-3,2,9,2,data/reads_multi/Picornaviridae/Poliovirus-3/isolate_9/rep2_1.fq,data/reads_multi/Picornaviridae/Poliovirus-3/isolate_9/rep2_2.fq,4,train
Picornaviridae__Poliovirus-3__isolate9__rep3,Picornaviridae,6,Poliovirus-3,2,9,3,data/reads_multi/Picornaviridae/Poliovirus-3/isolate_9/rep3_1.fq,data/reads_multi/Picornaviridae/Poliovirus-3/isolate_9/rep3_2.fq,4,train
Picornaviridae__Poliovirus-3__isolate9__rep4,Picornaviridae,6,Poliovirus-3,2,9,4,data/reads_multi/Picornaviridae/Poliovirus-3/isolate_9/rep4_1.fq,data/reads_multi/Picornaviridae/Poliovirus-3/isolate_9/rep4_2.fq,4,train
Picornaviridae__Poliovirus-3__isolate9__rep5,Picornaviridae,6,Poliovirus-3,2,9,5,data/reads_multi/Picornaviridae/Poliovirus-3/isolate_9/rep5_1.fq,data/reads_multi/Picornaviridae/Poliovirus-3/isolate_9/rep5_2.fq,4,train
Picornaviridae__Coxsackievirus-A16__isolate0__rep0,Picornaviridae,6,Coxsackievirus-A16,3,0,0,data/reads_multi/Picornaviridae/Coxsackievirus-A16/isolate_0/rep0_1.fq,data/reads_multi/Picornaviridae/Coxsackievirus-A16/isolate_0/rep0_2.fq,0,train
Picornaviridae__Coxsackievirus-A16__isolate0__rep1,Picornaviridae,6,Coxsackievirus-A16,3,0,1,data/reads_multi/Picornaviridae/Coxsackievirus-A16/isolate_0/rep1_1.fq,data/reads_multi/Picornaviridae/Coxsackievirus-A16/isolate_0/rep1_2.fq,0,train
Picornaviridae__Coxsackievirus-A16__isolate0__rep2,Picornaviridae,6,Coxsackievirus-A16,3,0,2,data/reads_multi/Picornaviridae/Coxsackievirus-A16/isolate_0/rep2_1.fq,data/reads_multi/Picornaviridae/Coxsackievirus-A16/isolate_0/rep2_2.fq,0,train
Picornaviridae__Coxsackievirus-A16__isolate0__rep3,Picornaviridae,6,Coxsackievirus-A16,3,0,3,data/reads_multi/Picornaviridae/Coxsackievirus-A16/isolate_0/rep3_1.fq,data/reads_multi/Picornaviridae/Coxsackievirus-A16/isolate_0/rep3_2.fq,0,train
Picornaviridae__Coxsackievirus-A16__isolate0__rep4,Picornaviridae,6,Coxsackievirus-A16,3,0,4,data/reads_multi/Picornaviridae/Coxsackievirus-A16/isolate_0/rep4_1.fq,data/reads_multi/Picornaviridae/Coxsackievirus-A16/isolate_0/rep4_2.fq,0,train
Picornaviridae__Coxsackievirus-A16__isolate0__rep5,Picornaviridae,6,Coxsackievirus-A16,3,0,5,data/reads_multi/Picornaviridae/Coxsackievirus-A16/isolate_0/rep5_1.fq,data/reads_multi/Picornaviridae/Coxsackievirus-A16/isolate_0/rep5_2.fq,0,train
Picornaviridae__Coxsackievirus-A16__isolate1__rep0,Picornaviridae,6,Coxsackievirus-A16,3,1,0,data/reads_multi/Picornaviridae/Coxsackievirus-A16/isolate_1/rep0_1.fq,data/reads_multi/Picornaviridae/Coxsackievirus-A16/isolate_1/rep0_2.fq,1,test
Picornaviridae__Coxsackievirus-A16__isolate1__rep1,Picornaviridae,6,Coxsackievirus-A16,3,1,1,data/reads_multi/Picornaviridae/Coxsackievirus-A16/isolate_1/rep1_1.fq,data/reads_multi/Picornaviridae/Coxsackievirus-A16/isolate_1/rep1_2.fq,1,test
Picornaviridae__Coxsackievirus-A16__isolate1__rep2,Picornaviridae,6,Coxsackievirus-A16,3,1,2,data/reads_multi/Picornaviridae/Coxsackievirus-A16/isolate_1/rep2_1.fq,data/reads_multi/Picornaviridae/Coxsackievirus-A16/isolate_1/rep2_2.fq,1,test
Picornaviridae__Coxsackievirus-A16__isolate1__rep3,Picornaviridae,6,Coxsackievirus-A16,3,1,3,data/reads_multi/Picornaviridae/Coxsackievirus-A16/isolate_1/rep3_1.fq,data/reads_multi/Picornaviridae/Coxsackievirus-A16/isolate_1/rep3_2.fq,1,test
Picornaviridae__Coxsackievirus-A16__isolate1__rep4,Picornaviridae,6,Coxsackievirus-A16,3,1,4,data/reads_multi/Picornaviridae/Coxsackievirus-A16/isolate_1/rep4_1.fq,data/reads_multi/Picornaviridae/Coxsackievirus-A16/isolate_1/rep4_2.fq,1,test
Picornaviridae__Coxsackievirus-A16__isolate1__rep5,Picornaviridae,6,Coxsackievirus-A16,3,1,5,data/reads_multi/Picornaviridae/Coxsackievirus-A16/isolate_1/rep5_1.fq,data/reads_multi/Picornaviridae/Coxsackievirus-A16/isolate_1/rep5_2.fq,1,test
Picornaviridae__Coxsackievirus-A16__isolate2__rep0,Picornaviridae,6,Coxsackievirus-A16,3,2,0,data/reads_multi/Picornaviridae/Coxsackievirus-A16/isolate_2/rep0_1.fq,data/reads_multi/Picornaviridae/Coxsackievirus-A16/isolate_2/rep0_2.fq,2,val
Picornaviridae__Coxsackievirus-A16__isolate2__rep1,Picornaviridae,6,Coxsackievirus-A16,3,2,1,data/reads_multi/Picornaviridae/Coxsackievirus-A16/isolate_2/rep1_1.fq,data/reads_multi/Picornaviridae/Coxsackievirus-A16/isolate_2/rep1_2.fq,2,val
Picornaviridae__Coxsackievirus-A16__isolate2__rep2,Picornaviridae,6,Coxsackievirus-A16,3,2,2,data/reads_multi/Picornaviridae/Coxsackievirus-A16/isolate_2/rep2_1.fq,data/reads_multi/Picornaviridae/Coxsackievirus-A16/isolate_2/rep2_2.fq,2,val
Picornaviridae__Coxsackievirus-A16__isolate2__rep3,Picornaviridae,6,Coxsackievirus-A16,3,2,3,data/reads_multi/Picornaviridae/Coxsackievirus-A16/isolate_2/rep3_1.fq,data/reads_multi/Picornaviridae/Coxsackievirus-A16/isolate_2/rep3_2.fq,2,val
Picornaviridae__Coxsackievirus-A16__isolate2__rep4,Picornaviridae,6,Coxsackievirus-A16,3,2,4,data/reads_multi/Picornaviridae/Coxsackievirus-A16/isolate_2/rep4_1.fq,data/reads_multi/Picornaviridae/Coxsackievirus-A16/isolate_2/rep4_2.fq,2,val
Picornaviridae__Coxsackievirus-A16__isolate2__rep5,Picornaviridae,6,Coxsackievirus-A16,3,2,5,data/reads_multi/Picornaviridae/Coxsackievirus-A16/isolate_2/rep5_1.fq,data/reads_multi/Picornaviridae/Coxsackievirus-A16/isolate_2/rep5_2.fq,2,val
Picornaviridae__Coxsackievirus-A16__isolate3__rep0,Picornaviridae,6,Coxsackievirus-A16,3,3,0,data/reads_multi/Picornaviridae/Coxsackievirus-A16/isolate_3/rep0_1.fq,data/reads_multi/Picornaviridae/Coxsackievirus-A16/isolate_3/rep0_2.fq,3,train
Picornaviridae__Coxsackievirus-A16__isolate3__rep1,Picornaviridae,6,Coxsackievirus-A16,3,3,1,data/reads_multi/Picornaviridae/Coxsackievirus-A16/isolate_3/rep1_1.fq,data/reads_multi/Picornaviridae/Coxsackievirus-A16/isolate_3/rep1_2.fq,3,train
Picornaviridae__Coxsackievirus-A16__isolate3__rep2,Picornaviridae,6,Coxsackievirus-A16,3,3,2,data/reads_multi/Picornaviridae/Coxsackievirus-A16/isolate_3/rep2_1.fq,data/reads_multi/Picornaviridae/Coxsackievirus-A16/isolate_3/rep2_2.fq,3,train
Picornaviridae__Coxsackievirus-A16__isolate3__rep3,Picornaviridae,6,Coxsackievirus-A16,3,3,3,data/reads_multi/Picornaviridae/Coxsackievirus-A16/isolate_3/rep3_1.fq,data/reads_multi/Picornaviridae/Coxsackievirus-A16/isolate_3/rep3_2.fq,3,train
Picornaviridae__Coxsackievirus-A16__isolate3__rep4,Picornaviridae,6,Coxsackievirus-A16,3,3,4,data/reads_multi/Picornaviridae/Coxsackievirus-A16/isolate_3/rep4_1.fq,data/reads_multi/Picornaviridae/Coxsackievirus-A16/isolate_3/rep4_2.fq,3,train
Picornaviridae__Coxsackievirus-A16__isolate3__rep5,Picornaviridae,6,Coxsackievirus-A16,3,3,5,data/reads_multi/Picornaviridae/Coxsackievirus-A16/isolate_3/rep5_1.fq,data/reads_multi/Picornaviridae/Coxsackievirus-A16/isolate_3/rep5_2.fq,3,train
Picornaviridae__Coxsackievirus-A16__isolate4__rep0,Picornaviridae,6,Coxsackievirus-A16,3,4,0,data/reads_multi/Picornaviridae/Coxsackievirus-A16/isolate_4/rep0_1.fq,data/reads_multi/Picornaviridae/Coxsackievirus-A16/isolate_4/rep0_2.fq,4,train
Picornaviridae__Coxsackievirus-A16__isolate4__rep1,Picornaviridae,6,Coxsackievirus-A16,3,4,1,data/reads_multi/Picornaviridae/Coxsackievirus-A16/isolate_4/rep1_1.fq,data/reads_multi/Picornaviridae/Coxsackievirus-A16/isolate_4/rep1_2.fq,4,train
Picornaviridae__Coxsackievirus-A16__isolate4__rep2,Picornaviridae,6,Coxsackievirus-A16,3,4,2,data/reads_multi/Picornaviridae/Coxsackievirus-A16/isolate_4/rep2_1.fq,data/reads_multi/Picornaviridae/Coxsackievirus-A16/isolate_4/rep2_2.fq,4,train
Picornaviridae__Coxsackievirus-A16__isolate4__rep3,Picornaviridae,6,Coxsackievirus-A16,3,4,3,data/reads_multi/Picornaviridae/Coxsackievirus-A16/isolate_4/rep3_1.fq,data/reads_multi/Picornaviridae/Coxsackievirus-A16/isolate_4/rep3_2.fq,4,train
Picornaviridae__Coxsackievirus-A16__isolate4__rep4,Picornaviridae,6,Coxsackievirus-A16,3,4,4,data/reads_multi/Picornaviridae/Coxsackievirus-A16/isolate_4/rep4_1.fq,data/reads_multi/Picornaviridae/Coxsackievirus-A16/isolate_4/rep4_2.fq,4,train
Picornaviridae__Coxsackievirus-A16__isolate4__rep5,Picornaviridae,6,Coxsackievirus-A16,3,4,5,data/reads_multi/Picornaviridae/Coxsackievirus-A16/isolate_4/rep5_1.fq,data/reads_multi/Picornaviridae/Coxsackievirus-A16/isolate_4/rep5_2.fq,4,train
Picornaviridae__Coxsackievirus-A16__isolate5__rep0,Picornaviridae,6,Coxsackievirus-A16,3,5,0,data/reads_multi/Picornaviridae/Coxsackievirus-A16/isolate_5/rep0_1.fq,data/reads_multi/Picornaviridae/Coxsackievirus-A16/isolate_5/rep0_2.fq,0,train
Picornaviridae__Coxsackievirus-A16__isolate5__rep1,Picornaviridae,6,Coxsackievirus-A16,3,5,1,data/reads_multi/Picornaviridae/Coxsackievirus-A16/isolate_5/rep1_1.fq,data/reads_multi/Picornaviridae/Coxsackievirus-A16/isolate_5/rep1_2.fq,0,train
Picornaviridae__Coxsackievirus-A16__isolate5__rep2,Picornaviridae,6,Coxsackievirus-A16,3,5,2,data/reads_multi/Picornaviridae/Coxsackievirus-A16/isolate_5/rep2_1.fq,data/reads_multi/Picornaviridae/Coxsackievirus-A16/isolate_5/rep2_2.fq,0,train
Picornaviridae__Coxsackievirus-A16__isolate5__rep3,Picornaviridae,6,Coxsackievirus-A16,3,5,3,data/reads_multi/Picornaviridae/Coxsackievirus-A16/isolate_5/rep3_1.fq,data/reads_multi/Picornaviridae/Coxsackievirus-A16/isolate_5/rep3_2.fq,0,train
Picornaviridae__Coxsackievirus-A16__isolate5__rep4,Picornaviridae,6,Coxsackievirus-A16,3,5,4,data/reads_multi/Picornaviridae/Coxsackievirus-A16/isolate_5/rep4_1.fq,data/reads_multi/Picornaviridae/Coxsackievirus-A16/isolate_5/rep4_2.fq,0,train
Picornaviridae__Coxsackievirus-A16__isolate5__rep5,Picornaviridae,6,Coxsackievirus-A16,3,5,5,data/reads_multi/Picornaviridae/Coxsackievirus-A16/isolate_5/rep5_1.fq,data/reads_multi/Picornaviridae/Coxsackievirus-A16/isolate_5/rep5_2.fq,0,train
Picornaviridae__Coxsackievirus-A16__isolate6__rep0,Picornaviridae,6,Coxsackievirus-A16,3,6,0,data/reads_multi/Picornaviridae/Coxsackievirus-A16/isolate_6/rep0_1.fq,data/reads_multi/Picornaviridae/Coxsackievirus-A16/isolate_6/rep0_2.fq,1,test
Picornaviridae__Coxsackievirus-A16__isolate6__rep1,Picornaviridae,6,Coxsackievirus-A16,3,6,1,data/reads_multi/Picornaviridae/Coxsackievirus-A16/isolate_6/rep1_1.fq,data/reads_multi/Picornaviridae/Coxsackievirus-A16/isolate_6/rep1_2.fq,1,test
Picornaviridae__Coxsackievirus-A16__isolate6__rep2,Picornaviridae,6,Coxsackievirus-A16,3,6,2,data/reads_multi/Picornaviridae/Coxsackievirus-A16/isolate_6/rep2_1.fq,data/reads_multi/Picornaviridae/Coxsackievirus-A16/isolate_6/rep2_2.fq,1,test
Picornaviridae__Coxsackievirus-A16__isolate6__rep3,Picornaviridae,6,Coxsackievirus-A16,3,6,3,data/reads_multi/Picornaviridae/Coxsackievirus-A16/isolate_6/rep3_1.fq,data/reads_multi/Picornaviridae/Coxsackievirus-A16/isolate_6/rep3_2.fq,1,test
Picornaviridae__Coxsackievirus-A16__isolate6__rep4,Picornaviridae,6,Coxsackievirus-A16,3,6,4,data/reads_multi/Picornaviridae/Coxsackievirus-A16/isolate_6/rep4_1.fq,data/reads_multi/Picornaviridae/Coxsackievirus-A16/isolate_6/rep4_2.fq,1,test
Picornaviridae__Coxsackievirus-A16__isolate6__rep5,Picornaviridae,6,Coxsackievirus-A16,3,6,5,data/reads_multi/Picornaviridae/Coxsackievirus-A16/isolate_6/rep5_1.fq,data/reads_multi/Picornaviridae/Coxsackievirus-A16/isolate_6/rep5_2.fq,1,test
Picornaviridae__Coxsackievirus-A16__isolate7__rep0,Picornaviridae,6,Coxsackievirus-A16,3,7,0,data/reads_multi/Picornaviridae/Coxsackievirus-A16/isolate_7/rep0_1.fq,data/reads_multi/Picornaviridae/Coxsackievirus-A16/isolate_7/rep0_2.fq,2,val
Picornaviridae__Coxsackievirus-A16__isolate7__rep1,Picornaviridae,6,Coxsackievirus-A16,3,7,1,data/reads_multi/Picornaviridae/Coxsackievirus-A16/isolate_7/rep1_1.fq,data/reads_multi/Picornaviridae/Coxsackievirus-A16/isolate_7/rep1_2.fq,2,val
Picornaviridae__Coxsackievirus-A16__isolate7__rep2,Picornaviridae,6,Coxsackievirus-A16,3,7,2,data/reads_multi/Picornaviridae/Coxsackievirus-A16/isolate_7/rep2_1.fq,data/reads_multi/Picornaviridae/Coxsackievirus-A16/isolate_7/rep2_2.fq,2,val
Picornaviridae__Coxsackievirus-A16__isolate7__rep3,Picornaviridae,6,Coxsackievirus-A16,3,7,3,data/reads_multi/Picornaviridae/Coxsackievirus-A16/isolate_7/rep3_1.fq,data/reads_multi/Picornaviridae/Coxsackievirus-A16/isolate_7/rep3_2.fq,2,val
Picornaviridae__Coxsackievirus-A16__isolate7__rep4,Picornaviridae,6,Coxsackievirus-A16,3,7,4,data/reads_multi/Picornaviridae/Coxsackievirus-A16/isolate_7/rep4_1.fq,data/reads_multi/Picornaviridae/Coxsackievirus-A16/isolate_7/rep4_2.fq,2,val
Picornaviridae__Coxsackievirus-A16__isolate7__rep5,Picornaviridae,6,Coxsackievirus-A16,3,7,5,data/reads_multi/Picornaviridae/Coxsackievirus-A16/isolate_7/rep5_1.fq,data/reads_multi/Picornaviridae/Coxsackievirus-A16/isolate_7/rep5_2.fq,2,val
Picornaviridae__Coxsackievirus-A16__isolate8__rep0,Picornaviridae,6,Coxsackievirus-A16,3,8,0,data/reads_multi/Picornaviridae/Coxsackievirus-A16/isolate_8/rep0_1.fq,data/reads_multi/Picornaviridae/Coxsackievirus-A16/isolate_8/rep0_2.fq,3,train
Picornaviridae__Coxsackievirus-A16__isolate8__rep1,Picornaviridae,6,Coxsackievirus-A16,3,8,1,data/reads_multi/Picornaviridae/Coxsackievirus-A16/isolate_8/rep1_1.fq,data/reads_multi/Picornaviridae/Coxsackievirus-A16/isolate_8/rep1_2.fq,3,train
Picornaviridae__Coxsackievirus-A16__isolate8__rep2,Picornaviridae,6,Coxsackievirus-A16,3,8,2,data/reads_multi/Picornaviridae/Coxsackievirus-A16/isolate_8/rep2_1.fq,data/reads_multi/Picornaviridae/Coxsackievirus-A16/isolate_8/rep2_2.fq,3,train
Picornaviridae__Coxsackievirus-A16__isolate8__rep3,Picornaviridae,6,Coxsackievirus-A16,3,8,3,data/reads_multi/Picornaviridae/Coxsackievirus-A16/isolate_8/rep3_1.fq,data/reads_multi/Picornaviridae/Coxsackievirus-A16/isolate_8/rep3_2.fq,3,train
Picornaviridae__Coxsackievirus-A16__isolate8__rep4,Picornaviridae,6,Coxsackievirus-A16,3,8,4,data/reads_multi/Picornaviridae/Coxsackievirus-A16/isolate_8/rep4_1.fq,data/reads_multi/Picornaviridae/Coxsackievirus-A16/isolate_8/rep4_2.fq,3,train
Picornaviridae__Coxsackievirus-A16__isolate8__rep5,Picornaviridae,6,Coxsackievirus-A16,3,8,5,data/reads_multi/Picornaviridae/Coxsackievirus-A16/isolate_8/rep5_1.fq,data/reads_multi/Picornaviridae/Coxsackievirus-A16/isolate_8/rep5_2.fq,3,train
Picornaviridae__Coxsackievirus-A16__isolate9__rep0,Picornaviridae,6,Coxsackievirus-A16,3,9,0,data/reads_multi/Picornaviridae/Coxsackievirus-A16/isolate_9/rep0_1.fq,data/reads_multi/Picornaviridae/Coxsackievirus-A16/isolate_9/rep0_2.fq,4,train
Picornaviridae__Coxsackievirus-A16__isolate9__rep1,Picornaviridae,6,Coxsackievirus-A16,3,9,1,data/reads_multi/Picornaviridae/Coxsackievirus-A16/isolate_9/rep1_1.fq,data/reads_multi/Picornaviridae/Coxsackievirus-A16/isolate_9/rep1_2.fq,4,train
Picornaviridae__Coxsackievirus-A16__isolate9__rep2,Picornaviridae,6,Coxsackievirus-A16,3,9,2,data/reads_multi/Picornaviridae/Coxsackievirus-A16/isolate_9/rep2_1.fq,data/reads_multi/Picornaviridae/Coxsackievirus-A16/isolate_9/rep2_2.fq,4,train
Picornaviridae__Coxsackievirus-A16__isolate9__rep3,Picornaviridae,6,Coxsackievirus-A16,3,9,3,data/reads_multi/Picornaviridae/Coxsackievirus-A16/isolate_9/rep3_1.fq,data/reads_multi/Picornaviridae/Coxsackievirus-A16/isolate_9/rep3_2.fq,4,train
Picornaviridae__Coxsackievirus-A16__isolate9__rep4,Picornaviridae,6,Coxsackievirus-A16,3,9,4,data/reads_multi/Picornaviridae/Coxsackievirus-A16/isolate_9/rep4_1.fq,data/reads_multi/Picornaviridae/Coxsackievirus-A16/isolate_9/rep4_2.fq,4,train
Picornaviridae__Coxsackievirus-A16__isolate9__rep5,Picornaviridae,6,Coxsackievirus-A16,3,9,5,data/reads_multi/Picornaviridae/Coxsackievirus-A16/isolate_9/rep5_1.fq,data/reads_multi/Picornaviridae/Coxsackievirus-A16/isolate_9/rep5_2.fq,4,train
Picornaviridae__Coxsackievirus-B3__isolate0__rep0,Picornaviridae,6,Coxsackievirus-B3,4,0,0,data/reads_multi/Picornaviridae/Coxsackievirus-B3/isolate_0/rep0_1.fq,data/reads_multi/Picornaviridae/Coxsackievirus-B3/isolate_0/rep0_2.fq,0,train
Picornaviridae__Coxsackievirus-B3__isolate0__rep1,Picornaviridae,6,Coxsackievirus-B3,4,0,1,data/reads_multi/Picornaviridae/Coxsackievirus-B3/isolate_0/rep1_1.fq,data/reads_multi/Picornaviridae/Coxsackievirus-B3/isolate_0/rep1_2.fq,0,train
Picornaviridae__Coxsackievirus-B3__isolate0__rep2,Picornaviridae,6,Coxsackievirus-B3,4,0,2,data/reads_multi/Picornaviridae/Coxsackievirus-B3/isolate_0/rep2_1.fq,data/reads_multi/Picornaviridae/Coxsackievirus-B3/isolate_0/rep2_2.fq,0,train
Picornaviridae__Coxsackievirus-B3__isolate0__rep3,Picornaviridae,6,Coxsackievirus-B3,4,0,3,data/reads_multi/Picornaviridae/Coxsackievirus-B3/isolate_0/rep3_1.fq,data/reads_multi/Picornaviridae/Coxsackievirus-B3/isolate_0/rep3_2.fq,0,train
Picornaviridae__Coxsackievirus-B3__isolate0__rep4,Picornaviridae,6,Coxsackievirus-B3,4,0,4,data/reads_multi/Picornaviridae/Coxsackievirus-B3/isolate_0/rep4_1.fq,data/reads_multi/Picornaviridae/Coxsackievirus-B3/isolate_0/rep4_2.fq,0,train
Picornaviridae__Coxsackievirus-B3__isolate0__rep5,Picornaviridae,6,Coxsackievirus-B3,4,0,5,data/reads_multi/Picornaviridae/Coxsackievirus-B3/isolate_0/rep5_1.fq,data/reads_multi/Picornaviridae/Coxsackievirus-B3/isolate_0/rep5_2.fq,0,train
Picornaviridae__Coxsackievirus-B3__isolate1__rep0,Picornaviridae,6,Coxsackievirus-B3,4,1,0,data/reads_multi/Picornaviridae/Coxsackievirus-B3/isolate_1/rep0_1.fq,data/reads_multi/Picornaviridae/Coxsackievirus-B3/isolate_1/rep0_2.fq,1,test
Picornaviridae__Coxsackievirus-B3__isolate1__rep1,Picornaviridae,6,Coxsackievirus-B3,4,1,1,data/reads_multi/Picornaviridae/Coxsackievirus-B3/isolate_1/rep1_1.fq,data/reads_multi/Picornaviridae/Coxsackievirus-B3/isolate_1/rep1_2.fq,1,test
Picornaviridae__Coxsackievirus-B3__isolate1__rep2,Picornaviridae,6,Coxsackievirus-B3,4,1,2,data/reads_multi/Picornaviridae/Coxsackievirus-B3/isolate_1/rep2_1.fq,data/reads_multi/Picornaviridae/Coxsackievirus-B3/isolate_1/rep2_2.fq,1,test
Picornaviridae__Coxsackievirus-B3__isolate1__rep3,Picornaviridae,6,Coxsackievirus-B3,4,1,3,data/reads_multi/Picornaviridae/Coxsackievirus-B3/isolate_1/rep3_1.fq,data/reads_multi/Picornaviridae/Coxsackievirus-B3/isolate_1/rep3_2.fq,1,test
Picornaviridae__Coxsackievirus-B3__isolate1__rep4,Picornaviridae,6,Coxsackievirus-B3,4,1,4,data/reads_multi/Picornaviridae/Coxsackievirus-B3/isolate_1/rep4_1.fq,data/reads_multi/Picornaviridae/Coxsackievirus-B3/isolate_1/rep4_2.fq,1,test
Picornaviridae__Coxsackievirus-B3__isolate1__rep5,Picornaviridae,6,Coxsackievirus-B3,4,1,5,data/reads_multi/Picornaviridae/Coxsackievirus-B3/isolate_1/rep5_1.fq,data/reads_multi/Picornaviridae/Coxsackievirus-B3/isolate_1/rep5_2.fq,1,test
Picornaviridae__Coxsackievirus-B3__isolate2__rep0,Picornaviridae,6,Coxsackievirus-B3,4,2,0,data/reads_multi/Picornaviridae/Coxsackievirus-B3/isolate_2/rep0_1.fq,data/reads_multi/Picornaviridae/Coxsackievirus-B3/isolate_2/rep0_2.fq,2,val
Picornaviridae__Coxsackievirus-B3__isolate2__rep1,Picornaviridae,6,Coxsackievirus-B3,4,2,1,data/reads_multi/Picornaviridae/Coxsackievirus-B3/isolate_2/rep1_1.fq,data/reads_multi/Picornaviridae/Coxsackievirus-B3/isolate_2/rep1_2.fq,2,val
Picornaviridae__Coxsackievirus-B3__isolate2__rep2,Picornaviridae,6,Coxsackievirus-B3,4,2,2,data/reads_multi/Picornaviridae/Coxsackievirus-B3/isolate_2/rep2_1.fq,data/reads_multi/Picornaviridae/Coxsackievirus-B3/isolate_2/rep2_2.fq,2,val
Picornaviridae__Coxsackievirus-B3__isolate2__rep3,Picornaviridae,6,Coxsackievirus-B3,4,2,3,data/reads_multi/Picornaviridae/Coxsackievirus-B3/isolate_2/rep3_1.fq,data/reads_multi/Picornaviridae/Coxsackievirus-B3/isolate_2/rep3_2.fq,2,val
Picornaviridae__Coxsackievirus-B3__isolate2__rep4,Picornaviridae,6,Coxsackievirus-B3,4,2,4,data/reads_multi/Picornaviridae/Coxsackievirus-B3/isolate_2/rep4_1.fq,data/reads_multi/Picornaviridae/Coxsackievirus-B3/isolate_2/rep4_2.fq,2,val
Picornaviridae__Coxsackievirus-B3__isolate2__rep5,Picornaviridae,6,Coxsackievirus-B3,4,2,5,data/reads_multi/Picornaviridae/Coxsackievirus-B3/isolate_2/rep5_1.fq,data/reads_multi/Picornaviridae/Coxsackievirus-B3/isolate_2/rep5_2.fq,2,val
Picornaviridae__Coxsackievirus-B3__isolate3__rep0,Picornaviridae,6,Coxsackievirus-B3,4,3,0,data/reads_multi/Picornaviridae/Coxsackievirus-B3/isolate_3/rep0_1.fq,data/reads_multi/Picornaviridae/Coxsackievirus-B3/isolate_3/rep0_2.fq,3,train
Picornaviridae__Coxsackievirus-B3__isolate3__rep1,Picornaviridae,6,Coxsackievirus-B3,4,3,1,data/reads_multi/Picornaviridae/Coxsackievirus-B3/isolate_3/rep1_1.fq,data/reads_multi/Picornaviridae/Coxsackievirus-B3/isolate_3/rep1_2.fq,3,train
Picornaviridae__Coxsackievirus-B3__isolate3__rep2,Picornaviridae,6,Coxsackievirus-B3,4,3,2,data/reads_multi/Picornaviridae/Coxsackievirus-B3/isolate_3/rep2_1.fq,data/reads_multi/Picornaviridae/Coxsackievirus-B3/isolate_3/rep2_2.fq,3,train
Picornaviridae__Coxsackievirus-B3__isolate3__rep3,Picornaviridae,6,Coxsackievirus-B3,4,3,3,data/reads_multi/Picornaviridae/Coxsackievirus-B3/isolate_3/rep3_1.fq,data/reads_multi/Picornaviridae/Coxsackievirus-B3/isolate_3/rep3_2.fq,3,train
Picornaviridae__Coxsackievirus-B3__isolate3__rep4,Picornaviridae,6,Coxsackievirus-B3,4,3,4,data/reads_multi/Picornaviridae/Coxsackievirus-B3/isolate_3/rep4_1.fq,data/reads_multi/Picornaviridae/Coxsackievirus-B3/isolate_3/rep4_2.fq,3,train
Picornaviridae__Coxsackievirus-B3__isolate3__rep5,Picornaviridae,6,Coxsackievirus-B3,4,3,5,data/reads_multi/Picornaviridae/Coxsackievirus-B3/isolate_3/rep5_1.fq,data/reads_multi/Picornaviridae/Coxsackievirus-B3/isolate_3/rep5_2.fq,3,train
Picornaviridae__Coxsackievirus-B3__isolate4__rep0,Picornaviridae,6,Coxsackievirus-B3,4,4,0,data/reads_multi/Picornaviridae/Coxsackievirus-B3/isolate_4/rep0_1.fq,data/reads_multi/Picornaviridae/Coxsackievirus-B3/isolate_4/rep0_2.fq,4,train
Picornaviridae__Coxsackievirus-B3__isolate4__rep1,Picornaviridae,6,Coxsackievirus-B3,4,4,1,data/reads_multi/Picornaviridae/Coxsackievirus-B3/isolate_4/rep1_1.fq,data/reads_multi/Picornaviridae/Coxsackievirus-B3/isolate_4/rep1_2.fq,4,train
Picornaviridae__Coxsackievirus-B3__isolate4__rep2,Picornaviridae,6,Coxsackievirus-B3,4,4,2,data/reads_multi/Picornaviridae/Coxsackievirus-B3/isolate_4/rep2_1.fq,data/reads_multi/Picornaviridae/Coxsackievirus-B3/isolate_4/rep2_2.fq,4,train
Picornaviridae__Coxsackievirus-B3__isolate4__rep3,Picornaviridae,6,Coxsackievirus-B3,4,4,3,data/reads_multi/Picornaviridae/Coxsackievirus-B3/isolate_4/rep3_1.fq,data/reads_multi/Picornaviridae/Coxsackievirus-B3/isolate_4/rep3_2.fq,4,train
Picornaviridae__Coxsackievirus-B3__isolate4__rep4,Picornaviridae,6,Coxsackievirus-B3,4,4,4,data/reads_multi/Picornaviridae/Coxsackievirus-B3/isolate_4/rep4_1.fq,data/reads_multi/Picornaviridae/Coxsackievirus-B3/isolate_4/rep4_2.fq,4,train
Picornaviridae__Coxsackievirus-B3__isolate4__rep5,Picornaviridae,6,Coxsackievirus-B3,4,4,5,data/reads_multi/Picornaviridae/Coxsackievirus-B3/isolate_4/rep5_1.fq,data/reads_multi/Picornaviridae/Coxsackievirus-B3/isolate_4/rep5_2.fq,4,train
Picornaviridae__Coxsackievirus-B3__isolate5__rep0,Picornaviridae,6,Coxsackievirus-B3,4,5,0,data/reads_multi/Picornaviridae/Coxsackievirus-B3/isolate_5/rep0_1.fq,data/reads_multi/Picornaviridae/Coxsackievirus-B3/isolate_5/rep0_2.fq,0,train
Picornaviridae__Coxsackievirus-B3__isolate5__rep1,Picornaviridae,6,Coxsackievirus-B3,4,5,1,data/reads_multi/Picornaviridae/Coxsackievirus-B3/isolate_5/rep1_1.fq,data/reads_multi/Picornaviridae/Coxsackievirus-B3/isolate_5/rep1_2.fq,0,train
Picornaviridae__Coxsackievirus-B3__isolate5__rep2,Picornaviridae,6,Coxsackievirus-B3,4,5,2,data/reads_multi/Picornaviridae/Coxsackievirus-B3/isolate_5/rep2_1.fq,data/reads_multi/Picornaviridae/Coxsackievirus-B3/isolate_5/rep2_2.fq,0,train
Picornaviridae__Coxsackievirus-B3__isolate5__rep3,Picornaviridae,6,Coxsackievirus-B3,4,5,3,data/reads_multi/Picornaviridae/Coxsackievirus-B3/isolate_5/rep3_1.fq,data/reads_multi/Picornaviridae/Coxsackievirus-B3/isolate_5/rep3_2.fq,0,train
Picornaviridae__Coxsackievirus-B3__isolate5__rep4,Picornaviridae,6,Coxsackievirus-B3,4,5,4,data/reads_multi/Picornaviridae/Coxsackievirus-B3/isolate_5/rep4_1.fq,data/reads_multi/Picornaviridae/Coxsackievirus-B3/isolate_5/rep4_2.fq,0,train
Picornaviridae__Coxsackievirus-B3__isolate5__rep5,Picornaviridae,6,Coxsackievirus-B3,4,5,5,data/reads_multi/Picornaviridae/Coxsackievirus-B3/isolate_5/rep5_1.fq,data/reads_multi/Picornaviridae/Coxsackievirus-B3/isolate_5/rep5_2.fq,0,train
Picornaviridae__Coxsackievirus-B3__isolate6__rep0,Picornaviridae,6,Coxsackievirus-B3,4,6,0,data/reads_multi/Picornaviridae/Coxsackievirus-B3/isolate_6/rep0_1.fq,data/reads_multi/Picornaviridae/Coxsackievirus-B3/isolate_6/rep0_2.fq,1,test
Picornaviridae__Coxsackievirus-B3__isolate6__rep1,Picornaviridae,6,Coxsackievirus-B3,4,6,1,data/reads_multi/Picornaviridae/Coxsackievirus-B3/isolate_6/rep1_1.fq,data/reads_multi/Picornaviridae/Coxsackievirus-B3/isolate_6/rep1_2.fq,1,test
Picornaviridae__Coxsackievirus-B3__isolate6__rep2,Picornaviridae,6,Coxsackievirus-B3,4,6,2,data/reads_multi/Picornaviridae/Coxsackievirus-B3/isolate_6/rep2_1.fq,data/reads_multi/Picornaviridae/Coxsackievirus-B3/isolate_6/rep2_2.fq,1,test
Picornaviridae__Coxsackievirus-B3__isolate6__rep3,Picornaviridae,6,Coxsackievirus-B3,4,6,3,data/reads_multi/Picornaviridae/Coxsackievirus-B3/isolate_6/rep3_1.fq,data/reads_multi/Picornaviridae/Coxsackievirus-B3/isolate_6/rep3_2.fq,1,test
Picornaviridae__Coxsackievirus-B3__isolate6__rep4,Picornaviridae,6,Coxsackievirus-B3,4,6,4,data/reads_multi/Picornaviridae/Coxsackievirus-B3/isolate_6/rep4_1.fq,data/reads_multi/Picornaviridae/Coxsackievirus-B3/isolate_6/rep4_2.fq,1,test
Picornaviridae__Coxsackievirus-B3__isolate6__rep5,Picornaviridae,6,Coxsackievirus-B3,4,6,5,data/reads_multi/Picornaviridae/Coxsackievirus-B3/isolate_6/rep5_1.fq,data/reads_multi/Picornaviridae/Coxsackievirus-B3/isolate_6/rep5_2.fq,1,test
Picornaviridae__Coxsackievirus-B3__isolate7__rep0,Picornaviridae,6,Coxsackievirus-B3,4,7,0,data/reads_multi/Picornaviridae/Coxsackievirus-B3/isolate_7/rep0_1.fq,data/reads_multi/Picornaviridae/Coxsackievirus-B3/isolate_7/rep0_2.fq,2,val
Picornaviridae__Coxsackievirus-B3__isolate7__rep1,Picornaviridae,6,Coxsackievirus-B3,4,7,1,data/reads_multi/Picornaviridae/Coxsackievirus-B3/isolate_7/rep1_1.fq,data/reads_multi/Picornaviridae/Coxsackievirus-B3/isolate_7/rep1_2.fq,2,val
Picornaviridae__Coxsackievirus-B3__isolate7__rep2,Picornaviridae,6,Coxsackievirus-B3,4,7,2,data/reads_multi/Picornaviridae/Coxsackievirus-B3/isolate_7/rep2_1.fq,data/reads_multi/Picornaviridae/Coxsackievirus-B3/isolate_7/rep2_2.fq,2,val
Picornaviridae__Coxsackievirus-B3__isolate7__rep3,Picornaviridae,6,Coxsackievirus-B3,4,7,3,data/reads_multi/Picornaviridae/Coxsackievirus-B3/isolate_7/rep3_1.fq,data/reads_multi/Picornaviridae/Coxsackievirus-B3/isolate_7/rep3_2.fq,2,val
Picornaviridae__Coxsackievirus-B3__isolate7__rep4,Picornaviridae,6,Coxsackievirus-B3,4,7,4,data/reads_multi/Picornaviridae/Coxsackievirus-B3/isolate_7/rep4_1.fq,data/reads_multi/Picornaviridae/Coxsackievirus-B3/isolate_7/rep4_2.fq,2,val
Picornaviridae__Coxsackievirus-B3__isolate7__rep5,Picornaviridae,6,Coxsackievirus-B3,4,7,5,data/reads_multi/Picornaviridae/Coxsackievirus-B3/isolate_7/rep5_1.fq,data/reads_multi/Picornaviridae/Coxsackievirus-B3/isolate_7/rep5_2.fq,2,val
Picornaviridae__Coxsackievirus-B3__isolate8__rep0,Picornaviridae,6,Coxsackievirus-B3,4,8,0,data/reads_multi/Picornaviridae/Coxsackievirus-B3/isolate_8/rep0_1.fq,data/reads_multi/Picornaviridae/Coxsackievirus-B3/isolate_8/rep0_2.fq,3,train
Picornaviridae__Coxsackievirus-B3__isolate8__rep1,Picornaviridae,6,Coxsackievirus-B3,4,8,1,data/reads_multi/Picornaviridae/Coxsackievirus-B3/isolate_8/rep1_1.fq,data/reads_multi/Picornaviridae/Coxsackievirus-B3/isolate_8/rep1_2.fq,3,train
Picornaviridae__Coxsackievirus-B3__isolate8__rep2,Picornaviridae,6,Coxsackievirus-B3,4,8,2,data/reads_multi/Picornaviridae/Coxsackievirus-B3/isolate_8/rep2_1.fq,data/reads_multi/Picornaviridae/Coxsackievirus-B3/isolate_8/rep2_2.fq,3,train
Picornaviridae__Coxsackievirus-B3__isolate8__rep3,Picornaviridae,6,Coxsackievirus-B3,4,8,3,data/reads_multi/Picornaviridae/Coxsackievirus-B3/isolate_8/rep3_1.fq,data/reads_multi/Picornaviridae/Coxsackievirus-B3/isolate_8/rep3_2.fq,3,train
Picornaviridae__Coxsackievirus-B3__isolate8__rep4,Picornaviridae,6,Coxsackievirus-B3,4,8,4,data/reads_multi/Picornaviridae/Coxsackievirus-B3/isolate_8/rep4_1.fq,data/reads_multi/Picornaviridae/Coxsackievirus-B3/isolate_8/rep4_2.fq,3,train
Picornaviridae__Coxsackievirus-B3__isolate8__rep5,Picornaviridae,6,Coxsackievirus-B3,4,8,5,data/reads_multi/Picornaviridae/Coxsackievirus-B3/isolate_8/rep5_1.fq,data/reads_multi/Picornaviridae/Coxsackievirus-B3/isolate_8/rep5_2.fq,3,train
Picornaviridae__Coxsackievirus-B3__isolate9__rep0,Picornaviridae,6,Coxsackievirus-B3,4,9,0,data/reads_multi/Picornaviridae/Coxsackievirus-B3/isolate_9/rep0_1.fq,data/reads_multi/Picornaviridae/Coxsackievirus-B3/isolate_9/rep0_2.fq,4,train
Picornaviridae__Coxsackievirus-B3__isolate9__rep1,Picornaviridae,6,Coxsackievirus-B3,4,9,1,data/reads_multi/Picornaviridae/Coxsackievirus-B3/isolate_9/rep1_1.fq,data/reads_multi/Picornaviridae/Coxsackievirus-B3/isolate_9/rep1_2.fq,4,train
Picornaviridae__Coxsackievirus-B3__isolate9__rep2,Picornaviridae,6,Coxsackievirus-B3,4,9,2,data/reads_multi/Picornaviridae/Coxsackievirus-B3/isolate_9/rep2_1.fq,data/reads_multi/Picornaviridae/Coxsackievirus-B3/isolate_9/rep2_2.fq,4,train
Picornaviridae__Coxsackievirus-B3__isolate9__rep3,Picornaviridae,6,Coxsackievirus-B3,4,9,3,data/reads_multi/Picornaviridae/Coxsackievirus-B3/isolate_9/rep3_1.fq,data/reads_multi/Picornaviridae/Coxsackievirus-B3/isolate_9/rep3_2.fq,4,train
Picornaviridae__Coxsackievirus-B3__isolate9__rep4,Picornaviridae,6,Coxsackievirus-B3,4,9,4,data/reads_multi/Picornaviridae/Coxsackievirus-B3/isolate_9/rep4_1.fq,data/reads_multi/Picornaviridae/Coxsackievirus-B3/isolate_9/rep4_2.fq,4,train
Picornaviridae__Coxsackievirus-B3__isolate9__rep5,Picornaviridae,6,Coxsackievirus-B3,4,9,5,data/reads_multi/Picornaviridae/Coxsackievirus-B3/isolate_9/rep5_1.fq,data/reads_multi/Picornaviridae/Coxsackievirus-B3/isolate_9/rep5_2.fq,4,train
Picornaviridae__Rhinovirus-A__isolate0__rep0,Picornaviridae,6,Rhinovirus-A,5,0,0,data/reads_multi/Picornaviridae/Rhinovirus-A/isolate_0/rep0_1.fq,data/reads_multi/Picornaviridae/Rhinovirus-A/isolate_0/rep0_2.fq,0,train
Picornaviridae__Rhinovirus-A__isolate0__rep1,Picornaviridae,6,Rhinovirus-A,5,0,1,data/reads_multi/Picornaviridae/Rhinovirus-A/isolate_0/rep1_1.fq,data/reads_multi/Picornaviridae/Rhinovirus-A/isolate_0/rep1_2.fq,0,train
Picornaviridae__Rhinovirus-A__isolate0__rep2,Picornaviridae,6,Rhinovirus-A,5,0,2,data/reads_multi/Picornaviridae/Rhinovirus-A/isolate_0/rep2_1.fq,data/reads_multi/Picornaviridae/Rhinovirus-A/isolate_0/rep2_2.fq,0,train
Picornaviridae__Rhinovirus-A__isolate0__rep3,Picornaviridae,6,Rhinovirus-A,5,0,3,data/reads_multi/Picornaviridae/Rhinovirus-A/isolate_0/rep3_1.fq,data/reads_multi/Picornaviridae/Rhinovirus-A/isolate_0/rep3_2.fq,0,train
Picornaviridae__Rhinovirus-A__isolate0__rep4,Picornaviridae,6,Rhinovirus-A,5,0,4,data/reads_multi/Picornaviridae/Rhinovirus-A/isolate_0/rep4_1.fq,data/reads_multi/Picornaviridae/Rhinovirus-A/isolate_0/rep4_2.fq,0,train
Picornaviridae__Rhinovirus-A__isolate0__rep5,Picornaviridae,6,Rhinovirus-A,5,0,5,data/reads_multi/Picornaviridae/Rhinovirus-A/isolate_0/rep5_1.fq,data/reads_multi/Picornaviridae/Rhinovirus-A/isolate_0/rep5_2.fq,0,train
Picornaviridae__Rhinovirus-A__isolate1__rep0,Picornaviridae,6,Rhinovirus-A,5,1,0,data/reads_multi/Picornaviridae/Rhinovirus-A/isolate_1/rep0_1.fq,data/reads_multi/Picornaviridae/Rhinovirus-A/isolate_1/rep0_2.fq,1,test
Picornaviridae__Rhinovirus-A__isolate1__rep1,Picornaviridae,6,Rhinovirus-A,5,1,1,data/reads_multi/Picornaviridae/Rhinovirus-A/isolate_1/rep1_1.fq,data/reads_multi/Picornaviridae/Rhinovirus-A/isolate_1/rep1_2.fq,1,test
Picornaviridae__Rhinovirus-A__isolate1__rep2,Picornaviridae,6,Rhinovirus-A,5,1,2,data/reads_multi/Picornaviridae/Rhinovirus-A/isolate_1/rep2_1.fq,data/reads_multi/Picornaviridae/Rhinovirus-A/isolate_1/rep2_2.fq,1,test
Picornaviridae__Rhinovirus-A__isolate1__rep3,Picornaviridae,6,Rhinovirus-A,5,1,3,data/reads_multi/Picornaviridae/Rhinovirus-A/isolate_1/rep3_1.fq,data/reads_multi/Picornaviridae/Rhinovirus-A/isolate_1/rep3_2.fq,1,test
Picornaviridae__Rhinovirus-A__isolate1__rep4,Picornaviridae,6,Rhinovirus-A,5,1,4,data/reads_multi/Picornaviridae/Rhinovirus-A/isolate_1/rep4_1.fq,data/reads_multi/Picornaviridae/Rhinovirus-A/isolate_1/rep4_2.fq,1,test
Picornaviridae__Rhinovirus-A__isolate1__rep5,Picornaviridae,6,Rhinovirus-A,5,1,5,data/reads_multi/Picornaviridae/Rhinovirus-A/isolate_1/rep5_1.fq,data/reads_multi/Picornaviridae/Rhinovirus-A/isolate_1/rep5_2.fq,1,test
Picornaviridae__Rhinovirus-A__isolate2__rep0,Picornaviridae,6,Rhinovirus-A,5,2,0,data/reads_multi/Picornaviridae/Rhinovirus-A/isolate_2/rep0_1.fq,data/reads_multi/Picornaviridae/Rhinovirus-A/isolate_2/rep0_2.fq,2,val
Picornaviridae__Rhinovirus-A__isolate2__rep1,Picornaviridae,6,Rhinovirus-A,5,2,1,data/reads_multi/Picornaviridae/Rhinovirus-A/isolate_2/rep1_1.fq,data/reads_multi/Picornaviridae/Rhinovirus-A/isolate_2/rep1_2.fq,2,val
Picornaviridae__Rhinovirus-A__isolate2__rep2,Picornaviridae,6,Rhinovirus-A,5,2,2,data/reads_multi/Picornaviridae/Rhinovirus-A/isolate_2/rep2_1.fq,data/reads_multi/Picornaviridae/Rhinovirus-A/isolate_2/rep2_2.fq,2,val
Picornaviridae__Rhinovirus-A__isolate2__rep3,Picornaviridae,6,Rhinovirus-A,5,2,3,data/reads_multi/Picornaviridae/Rhinovirus-A/isolate_2/rep3_1.fq,data/reads_multi/Picornaviridae/Rhinovirus-A/isolate_2/rep3_2.fq,2,val
Picornaviridae__Rhinovirus-A__isolate2__rep4,Picornaviridae,6,Rhinovirus-A,5,2,4,data/reads_multi/Picornaviridae/Rhinovirus-A/isolate_2/rep4_1.fq,data/reads_multi/Picornaviridae/Rhinovirus-A/isolate_2/rep4_2.fq,2,val
Picornaviridae__Rhinovirus-A__isolate2__rep5,Picornaviridae,6,Rhinovirus-A,5,2,5,data/reads_multi/Picornaviridae/Rhinovirus-A/isolate_2/rep5_1.fq,data/reads_multi/Picornaviridae/Rhinovirus-A/isolate_2/rep5_2.fq,2,val
Picornaviridae__Rhinovirus-A__isolate3__rep0,Picornaviridae,6,Rhinovirus-A,5,3,0,data/reads_multi/Picornaviridae/Rhinovirus-A/isolate_3/rep0_1.fq,data/reads_multi/Picornaviridae/Rhinovirus-A/isolate_3/rep0_2.fq,3,train
Picornaviridae__Rhinovirus-A__isolate3__rep1,Picornaviridae,6,Rhinovirus-A,5,3,1,data/reads_multi/Picornaviridae/Rhinovirus-A/isolate_3/rep1_1.fq,data/reads_multi/Picornaviridae/Rhinovirus-A/isolate_3/rep1_2.fq,3,train
Picornaviridae__Rhinovirus-A__isolate3__rep2,Picornaviridae,6,Rhinovirus-A,5,3,2,data/reads_multi/Picornaviridae/Rhinovirus-A/isolate_3/rep2_1.fq,data/reads_multi/Picornaviridae/Rhinovirus-A/isolate_3/rep2_2.fq,3,train
Picornaviridae__Rhinovirus-A__isolate3__rep3,Picornaviridae,6,Rhinovirus-A,5,3,3,data/reads_multi/Picornaviridae/Rhinovirus-A/isolate_3/rep3_1.fq,data/reads_multi/Picornaviridae/Rhinovirus-A/isolate_3/rep3_2.fq,3,train
Picornaviridae__Rhinovirus-A__isolate3__rep4,Picornaviridae,6,Rhinovirus-A,5,3,4,data/reads_multi/Picornaviridae/Rhinovirus-A/isolate_3/rep4_1.fq,data/reads_multi/Picornaviridae/Rhinovirus-A/isolate_3/rep4_2.fq,3,train
Picornaviridae__Rhinovirus-A__isolate3__rep5,Picornaviridae,6,Rhinovirus-A,5,3,5,data/reads_multi/Picornaviridae/Rhinovirus-A/isolate_3/rep5_1.fq,data/reads_multi/Picornaviridae/Rhinovirus-A/isolate_3/rep5_2.fq,3,train
Picornaviridae__Rhinovirus-A__isolate4__rep0,Picornaviridae,6,Rhinovirus-A,5,4,0,data/reads_multi/Picornaviridae/Rhinovirus-A/isolate_4/rep0_1.fq,data/reads_multi/Picornaviridae/Rhinovirus-A/isolate_4/rep0_2.fq,4,train
Picornaviridae__Rhinovirus-A__isolate4__rep1,Picornaviridae,6,Rhinovirus-A,5,4,1,data/reads_multi/Picornaviridae/Rhinovirus-A/isolate_4/rep1_1.fq,data/reads_multi/Picornaviridae/Rhinovirus-A/isolate_4/rep1_2.fq,4,train
Picornaviridae__Rhinovirus-A__isolate4__rep2,Picornaviridae,6,Rhinovirus-A,5,4,2,data/reads_multi/Picornaviridae/Rhinovirus-A/isolate_4/rep2_1.fq,data/reads_multi/Picornaviridae/Rhinovirus-A/isolate_4/rep2_2.fq,4,train
Picornaviridae__Rhinovirus-A__isolate4__rep3,Picornaviridae,6,Rhinovirus-A,5,4,3,data/reads_multi/Picornaviridae/Rhinovirus-A/isolate_4/rep3_1.fq,data/reads_multi/Picornaviridae/Rhinovirus-A/isolate_4/rep3_2.fq,4,train
Picornaviridae__Rhinovirus-A__isolate4__rep4,Picornaviridae,6,Rhinovirus-A,5,4,4,data/reads_multi/Picornaviridae/Rhinovirus-A/isolate_4/rep4_1.fq,data/reads_multi/Picornaviridae/Rhinovirus-A/isolate_4/rep4_2.fq,4,train
Picornaviridae__Rhinovirus-A__isolate4__rep5,Picornaviridae,6,Rhinovirus-A,5,4,5,data/reads_multi/Picornaviridae/Rhinovirus-A/isolate_4/rep5_1.fq,data/reads_multi/Picornaviridae/Rhinovirus-A/isolate_4/rep5_2.fq,4,train
Picornaviridae__Rhinovirus-A__isolate5__rep0,Picornaviridae,6,Rhinovirus-A,5,5,0,data/reads_multi/Picornaviridae/Rhinovirus-A/isolate_5/rep0_1.fq,data/reads_multi/Picornaviridae/Rhinovirus-A/isolate_5/rep0_2.fq,0,train
Picornaviridae__Rhinovirus-A__isolate5__rep1,Picornaviridae,6,Rhinovirus-A,5,5,1,data/reads_multi/Picornaviridae/Rhinovirus-A/isolate_5/rep1_1.fq,data/reads_multi/Picornaviridae/Rhinovirus-A/isolate_5/rep1_2.fq,0,train
Picornaviridae__Rhinovirus-A__isolate5__rep2,Picornaviridae,6,Rhinovirus-A,5,5,2,data/reads_multi/Picornaviridae/Rhinovirus-A/isolate_5/rep2_1.fq,data/reads_multi/Picornaviridae/Rhinovirus-A/isolate_5/rep2_2.fq,0,train
Picornaviridae__Rhinovirus-A__isolate5__rep3,Picornaviridae,6,Rhinovirus-A,5,5,3,data/reads_multi/Picornaviridae/Rhinovirus-A/isolate_5/rep3_1.fq,data/reads_multi/Picornaviridae/Rhinovirus-A/isolate_5/rep3_2.fq,0,train
Picornaviridae__Rhinovirus-A__isolate5__rep4,Picornaviridae,6,Rhinovirus-A,5,5,4,data/reads_multi/Picornaviridae/Rhinovirus-A/isolate_5/rep4_1.fq,data/reads_multi/Picornaviridae/Rhinovirus-A/isolate_5/rep4_2.fq,0,train
Picornaviridae__Rhinovirus-A__isolate5__rep5,Picornaviridae,6,Rhinovirus-A,5,5,5,data/reads_multi/Picornaviridae/Rhinovirus-A/isolate_5/rep5_1.fq,data/reads_multi/Picornaviridae/Rhinovirus-A/isolate_5/rep5_2.fq,0,train
Picornaviridae__Rhinovirus-A__isolate6__rep0,Picornaviridae,6,Rhinovirus-A,5,6,0,data/reads_multi/Picornaviridae/Rhinovirus-A/isolate_6/rep0_1.fq,data/reads_multi/Picornaviridae/Rhinovirus-A/isolate_6/rep0_2.fq,1,test
Picornaviridae__Rhinovirus-A__isolate6__rep1,Picornaviridae,6,Rhinovirus-A,5,6,1,data/reads_multi/Picornaviridae/Rhinovirus-A/isolate_6/rep1_1.fq,data/reads_multi/Picornaviridae/Rhinovirus-A/isolate_6/rep1_2.fq,1,test
Picornaviridae__Rhinovirus-A__isolate6__rep2,Picornaviridae,6,Rhinovirus-A,5,6,2,data/reads_multi/Picornaviridae/Rhinovirus-A/isolate_6/rep2_1.fq,data/reads_multi/Picornaviridae/Rhinovirus-A/isolate_6/rep2_2.fq,1,test
Picornaviridae__Rhinovirus-A__isolate6__rep3,Picornaviridae,6,Rhinovirus-A,5,6,3,data/reads_multi/Picornaviridae/Rhinovirus-A/isolate_6/rep3_1.fq,data/reads_multi/Picornaviridae/Rhinovirus-A/isolate_6/rep3_2.fq,1,test
Picornaviridae__Rhinovirus-A__isolate6__rep4,Picornaviridae,6,Rhinovirus-A,5,6,4,data/reads_multi/Picornaviridae/Rhinovirus-A/isolate_6/rep4_1.fq,data/reads_multi/Picornaviridae/Rhinovirus-A/isolate_6/rep4_2.fq,1,test
Picornaviridae__Rhinovirus-A__isolate6__rep5,Picornaviridae,6,Rhinovirus-A,5,6,5,data/reads_multi/Picornaviridae/Rhinovirus-A/isolate_6/rep5_1.fq,data/reads_multi/Picornaviridae/Rhinovirus-A/isolate_6/rep5_2.fq,1,test
Picornaviridae__Rhinovirus-A__isolate7__rep0,Picornaviridae,6,Rhinovirus-A,5,7,0,data/reads_multi/Picornaviridae/Rhinovirus-A/isolate_7/rep0_1.fq,data/reads_multi/Picornaviridae/Rhinovirus-A/isolate_7/rep0_2.fq,2,val
Picornaviridae__Rhinovirus-A__isolate7__rep1,Picornaviridae,6,Rhinovirus-A,5,7,1,data/reads_multi/Picornaviridae/Rhinovirus-A/isolate_7/rep1_1.fq,data/reads_multi/Picornaviridae/Rhinovirus-A/isolate_7/rep1_2.fq,2,val
Picornaviridae__Rhinovirus-A__isolate7__rep2,Picornaviridae,6,Rhinovirus-A,5,7,2,data/reads_multi/Picornaviridae/Rhinovirus-A/isolate_7/rep2_1.fq,data/reads_multi/Picornaviridae/Rhinovirus-A/isolate_7/rep2_2.fq,2,val
Picornaviridae__Rhinovirus-A__isolate7__rep3,Picornaviridae,6,Rhinovirus-A,5,7,3,data/reads_multi/Picornaviridae/Rhinovirus-A/isolate_7/rep3_1.fq,data/reads_multi/Picornaviridae/Rhinovirus-A/isolate_7/rep3_2.fq,2,val
Picornaviridae__Rhinovirus-A__isolate7__rep4,Picornaviridae,6,Rhinovirus-A,5,7,4,data/reads_multi/Picornaviridae/Rhinovirus-A/isolate_7/rep4_1.fq,data/reads_multi/Picornaviridae/Rhinovirus-A/isolate_7/rep4_2.fq,2,val
Picornaviridae__Rhinovirus-A__isolate7__rep5,Picornaviridae,6,Rhinovirus-A,5,7,5,data/reads_multi/Picornaviridae/Rhinovirus-A/isolate_7/rep5_1.fq,data/reads_multi/Picornaviridae/Rhinovirus-A/isolate_7/rep5_2.fq,2,val
Picornaviridae__Rhinovirus-A__isolate8__rep0,Picornaviridae,6,Rhinovirus-A,5,8,0,data/reads_multi/Picornaviridae/Rhinovirus-A/isolate_8/rep0_1.fq,data/reads_multi/Picornaviridae/Rhinovirus-A/isolate_8/rep0_2.fq,3,train
Picornaviridae__Rhinovirus-A__isolate8__rep1,Picornaviridae,6,Rhinovirus-A,5,8,1,data/reads_multi/Picornaviridae/Rhinovirus-A/isolate_8/rep1_1.fq,data/reads_multi/Picornaviridae/Rhinovirus-A/isolate_8/rep1_2.fq,3,train
Picornaviridae__Rhinovirus-A__isolate8__rep2,Picornaviridae,6,Rhinovirus-A,5,8,2,data/reads_multi/Picornaviridae/Rhinovirus-A/isolate_8/rep2_1.fq,data/reads_multi/Picornaviridae/Rhinovirus-A/isolate_8/rep2_2.fq,3,train
Picornaviridae__Rhinovirus-A__isolate8__rep3,Picornaviridae,6,Rhinovirus-A,5,8,3,data/reads_multi/Picornaviridae/Rhinovirus-A/isolate_8/rep3_1.fq,data/reads_multi/Picornaviridae/Rhinovirus-A/isolate_8/rep3_2.fq,3,train
Picornaviridae__Rhinovirus-A__isolate8__rep4,Picornaviridae,6,Rhinovirus-A,5,8,4,data/reads_multi/Picornaviridae/Rhinovirus-A/isolate_8/rep4_1.fq,data/reads_multi/Picornaviridae/Rhinovirus-A/isolate_8/rep4_2.fq,3,train
Picornaviridae__Rhinovirus-A__isolate8__rep5,Picornaviridae,6,Rhinovirus-A,5,8,5,data/reads_multi/Picornaviridae/Rhinovirus-A/isolate_8/rep5_1.fq,data/reads_multi/Picornaviridae/Rhinovirus-A/isolate_8/rep5_2.fq,3,train
Picornaviridae__Rhinovirus-A__isolate9__rep0,Picornaviridae,6,Rhinovirus-A,5,9,0,data/reads_multi/Picornaviridae/Rhinovirus-A/isolate_9/rep0_1.fq,data/reads_multi/Picornaviridae/Rhinovirus-A/isolate_9/rep0_2.fq,4,train
Picornaviridae__Rhinovirus-A__isolate9__rep1,Picornaviridae,6,Rhinovirus-A,5,9,1,data/reads_multi/Picornaviridae/Rhinovirus-A/isolate_9/rep1_1.fq,data/reads_multi/Picornaviridae/Rhinovirus-A/isolate_9/rep1_2.fq,4,train
Picornaviridae__Rhinovirus-A__isolate9__rep2,Picornaviridae,6,Rhinovirus-A,5,9,2,data/reads_multi/Picornaviridae/Rhinovirus-A/isolate_9/rep2_1.fq,data/reads_multi/Picornaviridae/Rhinovirus-A/isolate_9/rep2_2.fq,4,train
Picornaviridae__Rhinovirus-A__isolate9__rep3,Picornaviridae,6,Rhinovirus-A,5,9,3,data/reads_multi/Picornaviridae/Rhinovirus-A/isolate_9/rep3_1.fq,data/reads_multi/Picornaviridae/Rhinovirus-A/isolate_9/rep3_2.fq,4,train
Picornaviridae__Rhinovirus-A__isolate9__rep4,Picornaviridae,6,Rhinovirus-A,5,9,4,data/reads_multi/Picornaviridae/Rhinovirus-A/isolate_9/rep4_1.fq,data/reads_multi/Picornaviridae/Rhinovirus-A/isolate_9/rep4_2.fq,4,train
Picornaviridae__Rhinovirus-A__isolate9__rep5,Picornaviridae,6,Rhinovirus-A,5,9,5,data/reads_multi/Picornaviridae/Rhinovirus-A/isolate_9/rep5_1.fq,data/reads_multi/Picornaviridae/Rhinovirus-A/isolate_9/rep5_2.fq,4,train
Picornaviridae__Rhinovirus-B__isolate0__rep0,Picornaviridae,6,Rhinovirus-B,6,0,0,data/reads_multi/Picornaviridae/Rhinovirus-B/isolate_0/rep0_1.fq,data/reads_multi/Picornaviridae/Rhinovirus-B/isolate_0/rep0_2.fq,0,train
Picornaviridae__Rhinovirus-B__isolate0__rep1,Picornaviridae,6,Rhinovirus-B,6,0,1,data/reads_multi/Picornaviridae/Rhinovirus-B/isolate_0/rep1_1.fq,data/reads_multi/Picornaviridae/Rhinovirus-B/isolate_0/rep1_2.fq,0,train
Picornaviridae__Rhinovirus-B__isolate0__rep2,Picornaviridae,6,Rhinovirus-B,6,0,2,data/reads_multi/Picornaviridae/Rhinovirus-B/isolate_0/rep2_1.fq,data/reads_multi/Picornaviridae/Rhinovirus-B/isolate_0/rep2_2.fq,0,train
Picornaviridae__Rhinovirus-B__isolate0__rep3,Picornaviridae,6,Rhinovirus-B,6,0,3,data/reads_multi/Picornaviridae/Rhinovirus-B/isolate_0/rep3_1.fq,data/reads_multi/Picornaviridae/Rhinovirus-B/isolate_0/rep3_2.fq,0,train
Picornaviridae__Rhinovirus-B__isolate0__rep4,Picornaviridae,6,Rhinovirus-B,6,0,4,data/reads_multi/Picornaviridae/Rhinovirus-B/isolate_0/rep4_1.fq,data/reads_multi/Picornaviridae/Rhinovirus-B/isolate_0/rep4_2.fq,0,train
Picornaviridae__Rhinovirus-B__isolate0__rep5,Picornaviridae,6,Rhinovirus-B,6,0,5,data/reads_multi/Picornaviridae/Rhinovirus-B/isolate_0/rep5_1.fq,data/reads_multi/Picornaviridae/Rhinovirus-B/isolate_0/rep5_2.fq,0,train
Picornaviridae__Rhinovirus-B__isolate1__rep0,Picornaviridae,6,Rhinovirus-B,6,1,0,data/reads_multi/Picornaviridae/Rhinovirus-B/isolate_1/rep0_1.fq,data/reads_multi/Picornaviridae/Rhinovirus-B/isolate_1/rep0_2.fq,1,test
Picornaviridae__Rhinovirus-B__isolate1__rep1,Picornaviridae,6,Rhinovirus-B,6,1,1,data/reads_multi/Picornaviridae/Rhinovirus-B/isolate_1/rep1_1.fq,data/reads_multi/Picornaviridae/Rhinovirus-B/isolate_1/rep1_2.fq,1,test
Picornaviridae__Rhinovirus-B__isolate1__rep2,Picornaviridae,6,Rhinovirus-B,6,1,2,data/reads_multi/Picornaviridae/Rhinovirus-B/isolate_1/rep2_1.fq,data/reads_multi/Picornaviridae/Rhinovirus-B/isolate_1/rep2_2.fq,1,test
Picornaviridae__Rhinovirus-B__isolate1__rep3,Picornaviridae,6,Rhinovirus-B,6,1,3,data/reads_multi/Picornaviridae/Rhinovirus-B/isolate_1/rep3_1.fq,data/reads_multi/Picornaviridae/Rhinovirus-B/isolate_1/rep3_2.fq,1,test
Picornaviridae__Rhinovirus-B__isolate1__rep4,Picornaviridae,6,Rhinovirus-B,6,1,4,data/reads_multi/Picornaviridae/Rhinovirus-B/isolate_1/rep4_1.fq,data/reads_multi/Picornaviridae/Rhinovirus-B/isolate_1/rep4_2.fq,1,test
Picornaviridae__Rhinovirus-B__isolate1__rep5,Picornaviridae,6,Rhinovirus-B,6,1,5,data/reads_multi/Picornaviridae/Rhinovirus-B/isolate_1/rep5_1.fq,data/reads_multi/Picornaviridae/Rhinovirus-B/isolate_1/rep5_2.fq,1,test
Picornaviridae__Rhinovirus-B__isolate2__rep0,Picornaviridae,6,Rhinovirus-B,6,2,0,data/reads_multi/Picornaviridae/Rhinovirus-B/isolate_2/rep0_1.fq,data/reads_multi/Picornaviridae/Rhinovirus-B/isolate_2/rep0_2.fq,2,val
Picornaviridae__Rhinovirus-B__isolate2__rep1,Picornaviridae,6,Rhinovirus-B,6,2,1,data/reads_multi/Picornaviridae/Rhinovirus-B/isolate_2/rep1_1.fq,data/reads_multi/Picornaviridae/Rhinovirus-B/isolate_2/rep1_2.fq,2,val
Picornaviridae__Rhinovirus-B__isolate2__rep2,Picornaviridae,6,Rhinovirus-B,6,2,2,data/reads_multi/Picornaviridae/Rhinovirus-B/isolate_2/rep2_1.fq,data/reads_multi/Picornaviridae/Rhinovirus-B/isolate_2/rep2_2.fq,2,val
Picornaviridae__Rhinovirus-B__isolate2__rep3,Picornaviridae,6,Rhinovirus-B,6,2,3,data/reads_multi/Picornaviridae/Rhinovirus-B/isolate_2/rep3_1.fq,data/reads_multi/Picornaviridae/Rhinovirus-B/isolate_2/rep3_2.fq,2,val
Picornaviridae__Rhinovirus-B__isolate2__rep4,Picornaviridae,6,Rhinovirus-B,6,2,4,data/reads_multi/Picornaviridae/Rhinovirus-B/isolate_2/rep4_1.fq,data/reads_multi/Picornaviridae/Rhinovirus-B/isolate_2/rep4_2.fq,2,val
Picornaviridae__Rhinovirus-B__isolate2__rep5,Picornaviridae,6,Rhinovirus-B,6,2,5,data/reads_multi/Picornaviridae/Rhinovirus-B/isolate_2/rep5_1.fq,data/reads_multi/Picornaviridae/Rhinovirus-B/isolate_2/rep5_2.fq,2,val
Picornaviridae__Rhinovirus-B__isolate3__rep0,Picornaviridae,6,Rhinovirus-B,6,3,0,data/reads_multi/Picornaviridae/Rhinovirus-B/isolate_3/rep0_1.fq,data/reads_multi/Picornaviridae/Rhinovirus-B/isolate_3/rep0_2.fq,3,train
Picornaviridae__Rhinovirus-B__isolate3__rep1,Picornaviridae,6,Rhinovirus-B,6,3,1,data/reads_multi/Picornaviridae/Rhinovirus-B/isolate_3/rep1_1.fq,data/reads_multi/Picornaviridae/Rhinovirus-B/isolate_3/rep1_2.fq,3,train
Picornaviridae__Rhinovirus-B__isolate3__rep2,Picornaviridae,6,Rhinovirus-B,6,3,2,data/reads_multi/Picornaviridae/Rhinovirus-B/isolate_3/rep2_1.fq,data/reads_multi/Picornaviridae/Rhinovirus-B/isolate_3/rep2_2.fq,3,train
Picornaviridae__Rhinovirus-B__isolate3__rep3,Picornaviridae,6,Rhinovirus-B,6,3,3,data/reads_multi/Picornaviridae/Rhinovirus-B/isolate_3/rep3_1.fq,data/reads_multi/Picornaviridae/Rhinovirus-B/isolate_3/rep3_2.fq,3,train
Picornaviridae__Rhinovirus-B__isolate3__rep4,Picornaviridae,6,Rhinovirus-B,6,3,4,data/reads_multi/Picornaviridae/Rhinovirus-B/isolate_3/rep4_1.fq,data/reads_multi/Picornaviridae/Rhinovirus-B/isolate_3/rep4_2.fq,3,train
Picornaviridae__Rhinovirus-B__isolate3__rep5,Picornaviridae,6,Rhinovirus-B,6,3,5,data/reads_multi/Picornaviridae/Rhinovirus-B/isolate_3/rep5_1.fq,data/reads_multi/Picornaviridae/Rhinovirus-B/isolate_3/rep5_2.fq,3,train
Picornaviridae__Rhinovirus-B__isolate4__rep0,Picornaviridae,6,Rhinovirus-B,6,4,0,data/reads_multi/Picornaviridae/Rhinovirus-B/isolate_4/rep0_1.fq,data/reads_multi/Picornaviridae/Rhinovirus-B/isolate_4/rep0_2.fq,4,train
Picornaviridae__Rhinovirus-B__isolate4__rep1,Picornaviridae,6,Rhinovirus-B,6,4,1,data/reads_multi/Picornaviridae/Rhinovirus-B/isolate_4/rep1_1.fq,data/reads_multi/Picornaviridae/Rhinovirus-B/isolate_4/rep1_2.fq,4,train
Picornaviridae__Rhinovirus-B__isolate4__rep2,Picornaviridae,6,Rhinovirus-B,6,4,2,data/reads_multi/Picornaviridae/Rhinovirus-B/isolate_4/rep2_1.fq,data/reads_multi/Picornaviridae/Rhinovirus-B/isolate_4/rep2_2.fq,4,train
Picornaviridae__Rhinovirus-B__isolate4__rep3,Picornaviridae,6,Rhinovirus-B,6,4,3,data/reads_multi/Picornaviridae/Rhinovirus-B/isolate_4/rep3_1.fq,data/reads_multi/Picornaviridae/Rhinovirus-B/isolate_4/rep3_2.fq,4,train
Picornaviridae__Rhinovirus-B__isolate4__rep4,Picornaviridae,6,Rhinovirus-B,6,4,4,data/reads_multi/Picornaviridae/Rhinovirus-B/isolate_4/rep4_1.fq,data/reads_multi/Picornaviridae/Rhinovirus-B/isolate_4/rep4_2.fq,4,train
Picornaviridae__Rhinovirus-B__isolate4__rep5,Picornaviridae,6,Rhinovirus-B,6,4,5,data/reads_multi/Picornaviridae/Rhinovirus-B/isolate_4/rep5_1.fq,data/reads_multi/Picornaviridae/Rhinovirus-B/isolate_4/rep5_2.fq,4,train
Picornaviridae__Rhinovirus-B__isolate5__rep0,Picornaviridae,6,Rhinovirus-B,6,5,0,data/reads_multi/Picornaviridae/Rhinovirus-B/isolate_5/rep0_1.fq,data/reads_multi/Picornaviridae/Rhinovirus-B/isolate_5/rep0_2.fq,0,train
Picornaviridae__Rhinovirus-B__isolate5__rep1,Picornaviridae,6,Rhinovirus-B,6,5,1,data/reads_multi/Picornaviridae/Rhinovirus-B/isolate_5/rep1_1.fq,data/reads_multi/Picornaviridae/Rhinovirus-B/isolate_5/rep1_2.fq,0,train
Picornaviridae__Rhinovirus-B__isolate5__rep2,Picornaviridae,6,Rhinovirus-B,6,5,2,data/reads_multi/Picornaviridae/Rhinovirus-B/isolate_5/rep2_1.fq,data/reads_multi/Picornaviridae/Rhinovirus-B/isolate_5/rep2_2.fq,0,train
Picornaviridae__Rhinovirus-B__isolate5__rep3,Picornaviridae,6,Rhinovirus-B,6,5,3,data/reads_multi/Picornaviridae/Rhinovirus-B/isolate_5/rep3_1.fq,data/reads_multi/Picornaviridae/Rhinovirus-B/isolate_5/rep3_2.fq,0,train
Picornaviridae__Rhinovirus-B__isolate5__rep4,Picornaviridae,6,Rhinovirus-B,6,5,4,data/reads_multi/Picornaviridae/Rhinovirus-B/isolate_5/rep4_1.fq,data/reads_multi/Picornaviridae/Rhinovirus-B/isolate_5/rep4_2.fq,0,train
Picornaviridae__Rhinovirus-B__isolate5__rep5,Picornaviridae,6,Rhinovirus-B,6,5,5,data/reads_multi/Picornaviridae/Rhinovirus-B/isolate_5/rep5_1.fq,data/reads_multi/Picornaviridae/Rhinovirus-B/isolate_5/rep5_2.fq,0,train
Picornaviridae__Rhinovirus-B__isolate6__rep0,Picornaviridae,6,Rhinovirus-B,6,6,0,data/reads_multi/Picornaviridae/Rhinovirus-B/isolate_6/rep0_1.fq,data/reads_multi/Picornaviridae/Rhinovirus-B/isolate_6/rep0_2.fq,1,test
Picornaviridae__Rhinovirus-B__isolate6__rep1,Picornaviridae,6,Rhinovirus-B,6,6,1,data/reads_multi/Picornaviridae/Rhinovirus-B/isolate_6/rep1_1.fq,data/reads_multi/Picornaviridae/Rhinovirus-B/isolate_6/rep1_2.fq,1,test
Picornaviridae__Rhinovirus-B__isolate6__rep2,Picornaviridae,6,Rhinovirus-B,6,6,2,data/reads_multi/Picornaviridae/Rhinovirus-B/isolate_6/rep2_1.fq,data/reads_multi/Picornaviridae/Rhinovirus-B/isolate_6/rep2_2.fq,1,test
Picornaviridae__Rhinovirus-B__isolate6__rep3,Picornaviridae,6,Rhinovirus-B,6,6,3,data/reads_multi/Picornaviridae/Rhinovirus-B/isolate_6/rep3_1.fq,data/reads_multi/Picornaviridae/Rhinovirus-B/isolate_6/rep3_2.fq,1,test
Picornaviridae__Rhinovirus-B__isolate6__rep4,Picornaviridae,6,Rhinovirus-B,6,6,4,data/reads_multi/Picornaviridae/Rhinovirus-B/isolate_6/rep4_1.fq,data/reads_multi/Picornaviridae/Rhinovirus-B/isolate_6/rep4_2.fq,1,test
Picornaviridae__Rhinovirus-B__isolate6__rep5,Picornaviridae,6,Rhinovirus-B,6,6,5,data/reads_multi/Picornaviridae/Rhinovirus-B/isolate_6/rep5_1.fq,data/reads_multi/Picornaviridae/Rhinovirus-B/isolate_6/rep5_2.fq,1,test
Picornaviridae__Rhinovirus-B__isolate7__rep0,Picornaviridae,6,Rhinovirus-B,6,7,0,data/reads_multi/Picornaviridae/Rhinovirus-B/isolate_7/rep0_1.fq,data/reads_multi/Picornaviridae/Rhinovirus-B/isolate_7/rep0_2.fq,2,val
Picornaviridae__Rhinovirus-B__isolate7__rep1,Picornaviridae,6,Rhinovirus-B,6,7,1,data/reads_multi/Picornaviridae/Rhinovirus-B/isolate_7/rep1_1.fq,data/reads_multi/Picornaviridae/Rhinovirus-B/isolate_7/rep1_2.fq,2,val
Picornaviridae__Rhinovirus-B__isolate7__rep2,Picornaviridae,6,Rhinovirus-B,6,7,2,data/reads_multi/Picornaviridae/Rhinovirus-B/isolate_7/rep2_1.fq,data/reads_multi/Picornaviridae/Rhinovirus-B/isolate_7/rep2_2.fq,2,val
Picornaviridae__Rhinovirus-B__isolate7__rep3,Picornaviridae,6,Rhinovirus-B,6,7,3,data/reads_multi/Picornaviridae/Rhinovirus-B/isolate_7/rep3_1.fq,data/reads_multi/Picornaviridae/Rhinovirus-B/isolate_7/rep3_2.fq,2,val
Picornaviridae__Rhinovirus-B__isolate7__rep4,Picornaviridae,6,Rhinovirus-B,6,7,4,data/reads_multi/Picornaviridae/Rhinovirus-B/isolate_7/rep4_1.fq,data/reads_multi/Picornaviridae/Rhinovirus-B/isolate_7/rep4_2.fq,2,val
Picornaviridae__Rhinovirus-B__isolate7__rep5,Picornaviridae,6,Rhinovirus-B,6,7,5,data/reads_multi/Picornaviridae/Rhinovirus-B/isolate_7/rep5_1.fq,data/reads_multi/Picornaviridae/Rhinovirus-B/isolate_7/rep5_2.fq,2,val
Picornaviridae__Rhinovirus-B__isolate8__rep0,Picornaviridae,6,Rhinovirus-B,6,8,0,data/reads_multi/Picornaviridae/Rhinovirus-B/isolate_8/rep0_1.fq,data/reads_multi/Picornaviridae/Rhinovirus-B/isolate_8/rep0_2.fq,3,train
Picornaviridae__Rhinovirus-B__isolate8__rep1,Picornaviridae,6,Rhinovirus-B,6,8,1,data/reads_multi/Picornaviridae/Rhinovirus-B/isolate_8/rep1_1.fq,data/reads_multi/Picornaviridae/Rhinovirus-B/isolate_8/rep1_2.fq,3,train
Picornaviridae__Rhinovirus-B__isolate8__rep2,Picornaviridae,6,Rhinovirus-B,6,8,2,data/reads_multi/Picornaviridae/Rhinovirus-B/isolate_8/rep2_1.fq,data/reads_multi/Picornaviridae/Rhinovirus-B/isolate_8/rep2_2.fq,3,train
Picornaviridae__Rhinovirus-B__isolate8__rep3,Picornaviridae,6,Rhinovirus-B,6,8,3,data/reads_multi/Picornaviridae/Rhinovirus-B/isolate_8/rep3_1.fq,data/reads_multi/Picornaviridae/Rhinovirus-B/isolate_8/rep3_2.fq,3,train
Picornaviridae__Rhinovirus-B__isolate8__rep4,Picornaviridae,6,Rhinovirus-B,6,8,4,data/reads_multi/Picornaviridae/Rhinovirus-B/isolate_8/rep4_1.fq,data/reads_multi/Picornaviridae/Rhinovirus-B/isolate_8/rep4_2.fq,3,train
Picornaviridae__Rhinovirus-B__isolate8__rep5,Picornaviridae,6,Rhinovirus-B,6,8,5,data/reads_multi/Picornaviridae/Rhinovirus-B/isolate_8/rep5_1.fq,data/reads_multi/Picornaviridae/Rhinovirus-B/isolate_8/rep5_2.fq,3,train
Picornaviridae__Rhinovirus-B__isolate9__rep0,Picornaviridae,6,Rhinovirus-B,6,9,0,data/reads_multi/Picornaviridae/Rhinovirus-B/isolate_9/rep0_1.fq,data/reads_multi/Picornaviridae/Rhinovirus-B/isolate_9/rep0_2.fq,4,train
Picornaviridae__Rhinovirus-B__isolate9__rep1,Picornaviridae,6,Rhinovirus-B,6,9,1,data/reads_multi/Picornaviridae/Rhinovirus-B/isolate_9/rep1_1.fq,data/reads_multi/Picornaviridae/Rhinovirus-B/isolate_9/rep1_2.fq,4,train
Picornaviridae__Rhinovirus-B__isolate9__rep2,Picornaviridae,6,Rhinovirus-B,6,9,2,data/reads_multi/Picornaviridae/Rhinovirus-B/isolate_9/rep2_1.fq,data/reads_multi/Picornaviridae/Rhinovirus-B/isolate_9/rep2_2.fq,4,train
Picornaviridae__Rhinovirus-B__isolate9__rep3,Picornaviridae,6,Rhinovirus-B,6,9,3,data/reads_multi/Picornaviridae/Rhinovirus-B/isolate_9/rep3_1.fq,data/reads_multi/Picornaviridae/Rhinovirus-B/isolate_9/rep3_2.fq,4,train
Picornaviridae__Rhinovirus-B__isolate9__rep4,Picornaviridae,6,Rhinovirus-B,6,9,4,data/reads_multi/Picornaviridae/Rhinovirus-B/isolate_9/rep4_1.fq,data/reads_multi/Picornaviridae/Rhinovirus-B/isolate_9/rep4_2.fq,4,train
Picornaviridae__Rhinovirus-B__isolate9__rep5,Picornaviridae,6,Rhinovirus-B,6,9,5,data/reads_multi/Picornaviridae/Rhinovirus-B/isolate_9/rep5_1.fq,data/reads_multi/Picornaviridae/Rhinovirus-B/isolate_9/rep5_2.fq,4,train
Picornaviridae__Rhinovirus-C__isolate0__rep0,Picornaviridae,6,Rhinovirus-C,7,0,0,data/reads_multi/Picornaviridae/Rhinovirus-C/isolate_0/rep0_1.fq,data/reads_multi/Picornaviridae/Rhinovirus-C/isolate_0/rep0_2.fq,0,train
Picornaviridae__Rhinovirus-C__isolate0__rep1,Picornaviridae,6,Rhinovirus-C,7,0,1,data/reads_multi/Picornaviridae/Rhinovirus-C/isolate_0/rep1_1.fq,data/reads_multi/Picornaviridae/Rhinovirus-C/isolate_0/rep1_2.fq,0,train
Picornaviridae__Rhinovirus-C__isolate0__rep2,Picornaviridae,6,Rhinovirus-C,7,0,2,data/reads_multi/Picornaviridae/Rhinovirus-C/isolate_0/rep2_1.fq,data/reads_multi/Picornaviridae/Rhinovirus-C/isolate_0/rep2_2.fq,0,train
Picornaviridae__Rhinovirus-C__isolate0__rep3,Picornaviridae,6,Rhinovirus-C,7,0,3,data/reads_multi/Picornaviridae/Rhinovirus-C/isolate_0/rep3_1.fq,data/reads_multi/Picornaviridae/Rhinovirus-C/isolate_0/rep3_2.fq,0,train
Picornaviridae__Rhinovirus-C__isolate0__rep4,Picornaviridae,6,Rhinovirus-C,7,0,4,data/reads_multi/Picornaviridae/Rhinovirus-C/isolate_0/rep4_1.fq,data/reads_multi/Picornaviridae/Rhinovirus-C/isolate_0/rep4_2.fq,0,train
Picornaviridae__Rhinovirus-C__isolate0__rep5,Picornaviridae,6,Rhinovirus-C,7,0,5,data/reads_multi/Picornaviridae/Rhinovirus-C/isolate_0/rep5_1.fq,data/reads_multi/Picornaviridae/Rhinovirus-C/isolate_0/rep5_2.fq,0,train
Picornaviridae__Rhinovirus-C__isolate1__rep0,Picornaviridae,6,Rhinovirus-C,7,1,0,data/reads_multi/Picornaviridae/Rhinovirus-C/isolate_1/rep0_1.fq,data/reads_multi/Picornaviridae/Rhinovirus-C/isolate_1/rep0_2.fq,1,test
Picornaviridae__Rhinovirus-C__isolate1__rep1,Picornaviridae,6,Rhinovirus-C,7,1,1,data/reads_multi/Picornaviridae/Rhinovirus-C/isolate_1/rep1_1.fq,data/reads_multi/Picornaviridae/Rhinovirus-C/isolate_1/rep1_2.fq,1,test
Picornaviridae__Rhinovirus-C__isolate1__rep2,Picornaviridae,6,Rhinovirus-C,7,1,2,data/reads_multi/Picornaviridae/Rhinovirus-C/isolate_1/rep2_1.fq,data/reads_multi/Picornaviridae/Rhinovirus-C/isolate_1/rep2_2.fq,1,test
Picornaviridae__Rhinovirus-C__isolate1__rep3,Picornaviridae,6,Rhinovirus-C,7,1,3,data/reads_multi/Picornaviridae/Rhinovirus-C/isolate_1/rep3_1.fq,data/reads_multi/Picornaviridae/Rhinovirus-C/isolate_1/rep3_2.fq,1,test
Picornaviridae__Rhinovirus-C__isolate1__rep4,Picornaviridae,6,Rhinovirus-C,7,1,4,data/reads_multi/Picornaviridae/Rhinovirus-C/isolate_1/rep4_1.fq,data/reads_multi/Picornaviridae/Rhinovirus-C/isolate_1/rep4_2.fq,1,test
Picornaviridae__Rhinovirus-C__isolate1__rep5,Picornaviridae,6,Rhinovirus-C,7,1,5,data/reads_multi/Picornaviridae/Rhinovirus-C/isolate_1/rep5_1.fq,data/reads_multi/Picornaviridae/Rhinovirus-C/isolate_1/rep5_2.fq,1,test
Picornaviridae__Rhinovirus-C__isolate2__rep0,Picornaviridae,6,Rhinovirus-C,7,2,0,data/reads_multi/Picornaviridae/Rhinovirus-C/isolate_2/rep0_1.fq,data/reads_multi/Picornaviridae/Rhinovirus-C/isolate_2/rep0_2.fq,2,val
Picornaviridae__Rhinovirus-C__isolate2__rep1,Picornaviridae,6,Rhinovirus-C,7,2,1,data/reads_multi/Picornaviridae/Rhinovirus-C/isolate_2/rep1_1.fq,data/reads_multi/Picornaviridae/Rhinovirus-C/isolate_2/rep1_2.fq,2,val
Picornaviridae__Rhinovirus-C__isolate2__rep2,Picornaviridae,6,Rhinovirus-C,7,2,2,data/reads_multi/Picornaviridae/Rhinovirus-C/isolate_2/rep2_1.fq,data/reads_multi/Picornaviridae/Rhinovirus-C/isolate_2/rep2_2.fq,2,val
Picornaviridae__Rhinovirus-C__isolate2__rep3,Picornaviridae,6,Rhinovirus-C,7,2,3,data/reads_multi/Picornaviridae/Rhinovirus-C/isolate_2/rep3_1.fq,data/reads_multi/Picornaviridae/Rhinovirus-C/isolate_2/rep3_2.fq,2,val
Picornaviridae__Rhinovirus-C__isolate2__rep4,Picornaviridae,6,Rhinovirus-C,7,2,4,data/reads_multi/Picornaviridae/Rhinovirus-C/isolate_2/rep4_1.fq,data/reads_multi/Picornaviridae/Rhinovirus-C/isolate_2/rep4_2.fq,2,val
Picornaviridae__Rhinovirus-C__isolate2__rep5,Picornaviridae,6,Rhinovirus-C,7,2,5,data/reads_multi/Picornaviridae/Rhinovirus-C/isolate_2/rep5_1.fq,data/reads_multi/Picornaviridae/Rhinovirus-C/isolate_2/rep5_2.fq,2,val
Picornaviridae__Rhinovirus-C__isolate3__rep0,Picornaviridae,6,Rhinovirus-C,7,3,0,data/reads_multi/Picornaviridae/Rhinovirus-C/isolate_3/rep0_1.fq,data/reads_multi/Picornaviridae/Rhinovirus-C/isolate_3/rep0_2.fq,3,train
Picornaviridae__Rhinovirus-C__isolate3__rep1,Picornaviridae,6,Rhinovirus-C,7,3,1,data/reads_multi/Picornaviridae/Rhinovirus-C/isolate_3/rep1_1.fq,data/reads_multi/Picornaviridae/Rhinovirus-C/isolate_3/rep1_2.fq,3,train
Picornaviridae__Rhinovirus-C__isolate3__rep2,Picornaviridae,6,Rhinovirus-C,7,3,2,data/reads_multi/Picornaviridae/Rhinovirus-C/isolate_3/rep2_1.fq,data/reads_multi/Picornaviridae/Rhinovirus-C/isolate_3/rep2_2.fq,3,train
Picornaviridae__Rhinovirus-C__isolate3__rep3,Picornaviridae,6,Rhinovirus-C,7,3,3,data/reads_multi/Picornaviridae/Rhinovirus-C/isolate_3/rep3_1.fq,data/reads_multi/Picornaviridae/Rhinovirus-C/isolate_3/rep3_2.fq,3,train
Picornaviridae__Rhinovirus-C__isolate3__rep4,Picornaviridae,6,Rhinovirus-C,7,3,4,data/reads_multi/Picornaviridae/Rhinovirus-C/isolate_3/rep4_1.fq,data/reads_multi/Picornaviridae/Rhinovirus-C/isolate_3/rep4_2.fq,3,train
Picornaviridae__Rhinovirus-C__isolate3__rep5,Picornaviridae,6,Rhinovirus-C,7,3,5,data/reads_multi/Picornaviridae/Rhinovirus-C/isolate_3/rep5_1.fq,data/reads_multi/Picornaviridae/Rhinovirus-C/isolate_3/rep5_2.fq,3,train
Picornaviridae__Rhinovirus-C__isolate4__rep0,Picornaviridae,6,Rhinovirus-C,7,4,0,data/reads_multi/Picornaviridae/Rhinovirus-C/isolate_4/rep0_1.fq,data/reads_multi/Picornaviridae/Rhinovirus-C/isolate_4/rep0_2.fq,4,train
Picornaviridae__Rhinovirus-C__isolate4__rep1,Picornaviridae,6,Rhinovirus-C,7,4,1,data/reads_multi/Picornaviridae/Rhinovirus-C/isolate_4/rep1_1.fq,data/reads_multi/Picornaviridae/Rhinovirus-C/isolate_4/rep1_2.fq,4,train
Picornaviridae__Rhinovirus-C__isolate4__rep2,Picornaviridae,6,Rhinovirus-C,7,4,2,data/reads_multi/Picornaviridae/Rhinovirus-C/isolate_4/rep2_1.fq,data/reads_multi/Picornaviridae/Rhinovirus-C/isolate_4/rep2_2.fq,4,train
Picornaviridae__Rhinovirus-C__isolate4__rep3,Picornaviridae,6,Rhinovirus-C,7,4,3,data/reads_multi/Picornaviridae/Rhinovirus-C/isolate_4/rep3_1.fq,data/reads_multi/Picornaviridae/Rhinovirus-C/isolate_4/rep3_2.fq,4,train
Picornaviridae__Rhinovirus-C__isolate4__rep4,Picornaviridae,6,Rhinovirus-C,7,4,4,data/reads_multi/Picornaviridae/Rhinovirus-C/isolate_4/rep4_1.fq,data/reads_multi/Picornaviridae/Rhinovirus-C/isolate_4/rep4_2.fq,4,train
Picornaviridae__Rhinovirus-C__isolate4__rep5,Picornaviridae,6,Rhinovirus-C,7,4,5,data/reads_multi/Picornaviridae/Rhinovirus-C/isolate_4/rep5_1.fq,data/reads_multi/Picornaviridae/Rhinovirus-C/isolate_4/rep5_2.fq,4,train
Picornaviridae__Rhinovirus-C__isolate5__rep0,Picornaviridae,6,Rhinovirus-C,7,5,0,data/reads_multi/Picornaviridae/Rhinovirus-C/isolate_5/rep0_1.fq,data/reads_multi/Picornaviridae/Rhinovirus-C/isolate_5/rep0_2.fq,0,train
Picornaviridae__Rhinovirus-C__isolate5__rep1,Picornaviridae,6,Rhinovirus-C,7,5,1,data/reads_multi/Picornaviridae/Rhinovirus-C/isolate_5/rep1_1.fq,data/reads_multi/Picornaviridae/Rhinovirus-C/isolate_5/rep1_2.fq,0,train
Picornaviridae__Rhinovirus-C__isolate5__rep2,Picornaviridae,6,Rhinovirus-C,7,5,2,data/reads_multi/Picornaviridae/Rhinovirus-C/isolate_5/rep2_1.fq,data/reads_multi/Picornaviridae/Rhinovirus-C/isolate_5/rep2_2.fq,0,train
Picornaviridae__Rhinovirus-C__isolate5__rep3,Picornaviridae,6,Rhinovirus-C,7,5,3,data/reads_multi/Picornaviridae/Rhinovirus-C/isolate_5/rep3_1.fq,data/reads_multi/Picornaviridae/Rhinovirus-C/isolate_5/rep3_2.fq,0,train
Picornaviridae__Rhinovirus-C__isolate5__rep4,Picornaviridae,6,Rhinovirus-C,7,5,4,data/reads_multi/Picornaviridae/Rhinovirus-C/isolate_5/rep4_1.fq,data/reads_multi/Picornaviridae/Rhinovirus-C/isolate_5/rep4_2.fq,0,train
Picornaviridae__Rhinovirus-C__isolate5__rep5,Picornaviridae,6,Rhinovirus-C,7,5,5,data/reads_multi/Picornaviridae/Rhinovirus-C/isolate_5/rep5_1.fq,data/reads_multi/Picornaviridae/Rhinovirus-C/isolate_5/rep5_2.fq,0,train
Picornaviridae__Rhinovirus-C__isolate6__rep0,Picornaviridae,6,Rhinovirus-C,7,6,0,data/reads_multi/Picornaviridae/Rhinovirus-C/isolate_6/rep0_1.fq,data/reads_multi/Picornaviridae/Rhinovirus-C/isolate_6/rep0_2.fq,1,test
Picornaviridae__Rhinovirus-C__isolate6__rep1,Picornaviridae,6,Rhinovirus-C,7,6,1,data/reads_multi/Picornaviridae/Rhinovirus-C/isolate_6/rep1_1.fq,data/reads_multi/Picornaviridae/Rhinovirus-C/isolate_6/rep1_2.fq,1,test
Picornaviridae__Rhinovirus-C__isolate6__rep2,Picornaviridae,6,Rhinovirus-C,7,6,2,data/reads_multi/Picornaviridae/Rhinovirus-C/isolate_6/rep2_1.fq,data/reads_multi/Picornaviridae/Rhinovirus-C/isolate_6/rep2_2.fq,1,test
Picornaviridae__Rhinovirus-C__isolate6__rep3,Picornaviridae,6,Rhinovirus-C,7,6,3,data/reads_multi/Picornaviridae/Rhinovirus-C/isolate_6/rep3_1.fq,data/reads_multi/Picornaviridae/Rhinovirus-C/isolate_6/rep3_2.fq,1,test
Picornaviridae__Rhinovirus-C__isolate6__rep4,Picornaviridae,6,Rhinovirus-C,7,6,4,data/reads_multi/Picornaviridae/Rhinovirus-C/isolate_6/rep4_1.fq,data/reads_multi/Picornaviridae/Rhinovirus-C/isolate_6/rep4_2.fq,1,test
Picornaviridae__Rhinovirus-C__isolate6__rep5,Picornaviridae,6,Rhinovirus-C,7,6,5,data/reads_multi/Picornaviridae/Rhinovirus-C/isolate_6/rep5_1.fq,data/reads_multi/Picornaviridae/Rhinovirus-C/isolate_6/rep5_2.fq,1,test
Picornaviridae__Rhinovirus-C__isolate7__rep0,Picornaviridae,6,Rhinovirus-C,7,7,0,data/reads_multi/Picornaviridae/Rhinovirus-C/isolate_7/rep0_1.fq,data/reads_multi/Picornaviridae/Rhinovirus-C/isolate_7/rep0_2.fq,2,val
Picornaviridae__Rhinovirus-C__isolate7__rep1,Picornaviridae,6,Rhinovirus-C,7,7,1,data/reads_multi/Picornaviridae/Rhinovirus-C/isolate_7/rep1_1.fq,data/reads_multi/Picornaviridae/Rhinovirus-C/isolate_7/rep1_2.fq,2,val
Picornaviridae__Rhinovirus-C__isolate7__rep2,Picornaviridae,6,Rhinovirus-C,7,7,2,data/reads_multi/Picornaviridae/Rhinovirus-C/isolate_7/rep2_1.fq,data/reads_multi/Picornaviridae/Rhinovirus-C/isolate_7/rep2_2.fq,2,val
Picornaviridae__Rhinovirus-C__isolate7__rep3,Picornaviridae,6,Rhinovirus-C,7,7,3,data/reads_multi/Picornaviridae/Rhinovirus-C/isolate_7/rep3_1.fq,data/reads_multi/Picornaviridae/Rhinovirus-C/isolate_7/rep3_2.fq,2,val
Picornaviridae__Rhinovirus-C__isolate7__rep4,Picornaviridae,6,Rhinovirus-C,7,7,4,data/reads_multi/Picornaviridae/Rhinovirus-C/isolate_7/rep4_1.fq,data/reads_multi/Picornaviridae/Rhinovirus-C/isolate_7/rep4_2.fq,2,val
Picornaviridae__Rhinovirus-C__isolate7__rep5,Picornaviridae,6,Rhinovirus-C,7,7,5,data/reads_multi/Picornaviridae/Rhinovirus-C/isolate_7/rep5_1.fq,data/reads_multi/Picornaviridae/Rhinovirus-C/isolate_7/rep5_2.fq,2,val
Picornaviridae__Rhinovirus-C__isolate8__rep0,Picornaviridae,6,Rhinovirus-C,7,8,0,data/reads_multi/Picornaviridae/Rhinovirus-C/isolate_8/rep0_1.fq,data/reads_multi/Picornaviridae/Rhinovirus-C/isolate_8/rep0_2.fq,3,train
Picornaviridae__Rhinovirus-C__isolate8__rep1,Picornaviridae,6,Rhinovirus-C,7,8,1,data/reads_multi/Picornaviridae/Rhinovirus-C/isolate_8/rep1_1.fq,data/reads_multi/Picornaviridae/Rhinovirus-C/isolate_8/rep1_2.fq,3,train
Picornaviridae__Rhinovirus-C__isolate8__rep2,Picornaviridae,6,Rhinovirus-C,7,8,2,data/reads_multi/Picornaviridae/Rhinovirus-C/isolate_8/rep2_1.fq,data/reads_multi/Picornaviridae/Rhinovirus-C/isolate_8/rep2_2.fq,3,train
Picornaviridae__Rhinovirus-C__isolate8__rep3,Picornaviridae,6,Rhinovirus-C,7,8,3,data/reads_multi/Picornaviridae/Rhinovirus-C/isolate_8/rep3_1.fq,data/reads_multi/Picornaviridae/Rhinovirus-C/isolate_8/rep3_2.fq,3,train
Picornaviridae__Rhinovirus-C__isolate8__rep4,Picornaviridae,6,Rhinovirus-C,7,8,4,data/reads_multi/Picornaviridae/Rhinovirus-C/isolate_8/rep4_1.fq,data/reads_multi/Picornaviridae/Rhinovirus-C/isolate_8/rep4_2.fq,3,train
Picornaviridae__Rhinovirus-C__isolate8__rep5,Picornaviridae,6,Rhinovirus-C,7,8,5,data/reads_multi/Picornaviridae/Rhinovirus-C/isolate_8/rep5_1.fq,data/reads_multi/Picornaviridae/Rhinovirus-C/isolate_8/rep5_2.fq,3,train
Picornaviridae__Rhinovirus-C__isolate9__rep0,Picornaviridae,6,Rhinovirus-C,7,9,0,data/reads_multi/Picornaviridae/Rhinovirus-C/isolate_9/rep0_1.fq,data/reads_multi/Picornaviridae/Rhinovirus-C/isolate_9/rep0_2.fq,4,train
Picornaviridae__Rhinovirus-C__isolate9__rep1,Picornaviridae,6,Rhinovirus-C,7,9,1,data/reads_multi/Picornaviridae/Rhinovirus-C/isolate_9/rep1_1.fq,data/reads_multi/Picornaviridae/Rhinovirus-C/isolate_9/rep1_2.fq,4,train
Picornaviridae__Rhinovirus-C__isolate9__rep2,Picornaviridae,6,Rhinovirus-C,7,9,2,data/reads_multi/Picornaviridae/Rhinovirus-C/isolate_9/rep2_1.fq,data/reads_multi/Picornaviridae/Rhinovirus-C/isolate_9/rep2_2.fq,4,train
Picornaviridae__Rhinovirus-C__isolate9__rep3,Picornaviridae,6,Rhinovirus-C,7,9,3,data/reads_multi/Picornaviridae/Rhinovirus-C/isolate_9/rep3_1.fq,data/reads_multi/Picornaviridae/Rhinovirus-C/isolate_9/rep3_2.fq,4,train
Picornaviridae__Rhinovirus-C__isolate9__rep4,Picornaviridae,6,Rhinovirus-C,7,9,4,data/reads_multi/Picornaviridae/Rhinovirus-C/isolate_9/rep4_1.fq,data/reads_multi/Picornaviridae/Rhinovirus-C/isolate_9/rep4_2.fq,4,train
Picornaviridae__Rhinovirus-C__isolate9__rep5,Picornaviridae,6,Rhinovirus-C,7,9,5,data/reads_multi/Picornaviridae/Rhinovirus-C/isolate_9/rep5_1.fq,data/reads_multi/Picornaviridae/Rhinovirus-C/isolate_9/rep5_2.fq,4,train
Paramyxoviridae__Measles__isolate0__rep0,Paramyxoviridae,7,Measles,0,0,0,data/reads_multi/Paramyxoviridae/Measles/isolate_0/rep0_1.fq,data/reads_multi/Paramyxoviridae/Measles/isolate_0/rep0_2.fq,0,train
Paramyxoviridae__Measles__isolate0__rep1,Paramyxoviridae,7,Measles,0,0,1,data/reads_multi/Paramyxoviridae/Measles/isolate_0/rep1_1.fq,data/reads_multi/Paramyxoviridae/Measles/isolate_0/rep1_2.fq,0,train
Paramyxoviridae__Measles__isolate0__rep2,Paramyxoviridae,7,Measles,0,0,2,data/reads_multi/Paramyxoviridae/Measles/isolate_0/rep2_1.fq,data/reads_multi/Paramyxoviridae/Measles/isolate_0/rep2_2.fq,0,train
Paramyxoviridae__Measles__isolate0__rep3,Paramyxoviridae,7,Measles,0,0,3,data/reads_multi/Paramyxoviridae/Measles/isolate_0/rep3_1.fq,data/reads_multi/Paramyxoviridae/Measles/isolate_0/rep3_2.fq,0,train
Paramyxoviridae__Measles__isolate0__rep4,Paramyxoviridae,7,Measles,0,0,4,data/reads_multi/Paramyxoviridae/Measles/isolate_0/rep4_1.fq,data/reads_multi/Paramyxoviridae/Measles/isolate_0/rep4_2.fq,0,train
Paramyxoviridae__Measles__isolate0__rep5,Paramyxoviridae,7,Measles,0,0,5,data/reads_multi/Paramyxoviridae/Measles/isolate_0/rep5_1.fq,data/reads_multi/Paramyxoviridae/Measles/isolate_0/rep5_2.fq,0,train
Paramyxoviridae__Measles__isolate1__rep0,Paramyxoviridae,7,Measles,0,1,0,data/reads_multi/Paramyxoviridae/Measles/isolate_1/rep0_1.fq,data/reads_multi/Paramyxoviridae/Measles/isolate_1/rep0_2.fq,1,test
Paramyxoviridae__Measles__isolate1__rep1,Paramyxoviridae,7,Measles,0,1,1,data/reads_multi/Paramyxoviridae/Measles/isolate_1/rep1_1.fq,data/reads_multi/Paramyxoviridae/Measles/isolate_1/rep1_2.fq,1,test
Paramyxoviridae__Measles__isolate1__rep2,Paramyxoviridae,7,Measles,0,1,2,data/reads_multi/Paramyxoviridae/Measles/isolate_1/rep2_1.fq,data/reads_multi/Paramyxoviridae/Measles/isolate_1/rep2_2.fq,1,test
Paramyxoviridae__Measles__isolate1__rep3,Paramyxoviridae,7,Measles,0,1,3,data/reads_multi/Paramyxoviridae/Measles/isolate_1/rep3_1.fq,data/reads_multi/Paramyxoviridae/Measles/isolate_1/rep3_2.fq,1,test
Paramyxoviridae__Measles__isolate1__rep4,Paramyxoviridae,7,Measles,0,1,4,data/reads_multi/Paramyxoviridae/Measles/isolate_1/rep4_1.fq,data/reads_multi/Paramyxoviridae/Measles/isolate_1/rep4_2.fq,1,test
Paramyxoviridae__Measles__isolate1__rep5,Paramyxoviridae,7,Measles,0,1,5,data/reads_multi/Paramyxoviridae/Measles/isolate_1/rep5_1.fq,data/reads_multi/Paramyxoviridae/Measles/isolate_1/rep5_2.fq,1,test
Paramyxoviridae__Measles__isolate2__rep0,Paramyxoviridae,7,Measles,0,2,0,data/reads_multi/Paramyxoviridae/Measles/isolate_2/rep0_1.fq,data/reads_multi/Paramyxoviridae/Measles/isolate_2/rep0_2.fq,2,val
Paramyxoviridae__Measles__isolate2__rep1,Paramyxoviridae,7,Measles,0,2,1,data/reads_multi/Paramyxoviridae/Measles/isolate_2/rep1_1.fq,data/reads_multi/Paramyxoviridae/Measles/isolate_2/rep1_2.fq,2,val
Paramyxoviridae__Measles__isolate2__rep2,Paramyxoviridae,7,Measles,0,2,2,data/reads_multi/Paramyxoviridae/Measles/isolate_2/rep2_1.fq,data/reads_multi/Paramyxoviridae/Measles/isolate_2/rep2_2.fq,2,val
Paramyxoviridae__Measles__isolate2__rep3,Paramyxoviridae,7,Measles,0,2,3,data/reads_multi/Paramyxoviridae/Measles/isolate_2/rep3_1.fq,data/reads_multi/Paramyxoviridae/Measles/isolate_2/rep3_2.fq,2,val
Paramyxoviridae__Measles__isolate2__rep4,Paramyxoviridae,7,Measles,0,2,4,data/reads_multi/Paramyxoviridae/Measles/isolate_2/rep4_1.fq,data/reads_multi/Paramyxoviridae/Measles/isolate_2/rep4_2.fq,2,val
Paramyxoviridae__Measles__isolate2__rep5,Paramyxoviridae,7,Measles,0,2,5,data/reads_multi/Paramyxoviridae/Measles/isolate_2/rep5_1.fq,data/reads_multi/Paramyxoviridae/Measles/isolate_2/rep5_2.fq,2,val
Paramyxoviridae__Measles__isolate3__rep0,Paramyxoviridae,7,Measles,0,3,0,data/reads_multi/Paramyxoviridae/Measles/isolate_3/rep0_1.fq,data/reads_multi/Paramyxoviridae/Measles/isolate_3/rep0_2.fq,3,train
Paramyxoviridae__Measles__isolate3__rep1,Paramyxoviridae,7,Measles,0,3,1,data/reads_multi/Paramyxoviridae/Measles/isolate_3/rep1_1.fq,data/reads_multi/Paramyxoviridae/Measles/isolate_3/rep1_2.fq,3,train
Paramyxoviridae__Measles__isolate3__rep2,Paramyxoviridae,7,Measles,0,3,2,data/reads_multi/Paramyxoviridae/Measles/isolate_3/rep2_1.fq,data/reads_multi/Paramyxoviridae/Measles/isolate_3/rep2_2.fq,3,train
Paramyxoviridae__Measles__isolate3__rep3,Paramyxoviridae,7,Measles,0,3,3,data/reads_multi/Paramyxoviridae/Measles/isolate_3/rep3_1.fq,data/reads_multi/Paramyxoviridae/Measles/isolate_3/rep3_2.fq,3,train
Paramyxoviridae__Measles__isolate3__rep4,Paramyxoviridae,7,Measles,0,3,4,data/reads_multi/Paramyxoviridae/Measles/isolate_3/rep4_1.fq,data/reads_multi/Paramyxoviridae/Measles/isolate_3/rep4_2.fq,3,train
Paramyxoviridae__Measles__isolate3__rep5,Paramyxoviridae,7,Measles,0,3,5,data/reads_multi/Paramyxoviridae/Measles/isolate_3/rep5_1.fq,data/reads_multi/Paramyxoviridae/Measles/isolate_3/rep5_2.fq,3,train
Paramyxoviridae__Measles__isolate4__rep0,Paramyxoviridae,7,Measles,0,4,0,data/reads_multi/Paramyxoviridae/Measles/isolate_4/rep0_1.fq,data/reads_multi/Paramyxoviridae/Measles/isolate_4/rep0_2.fq,4,train
Paramyxoviridae__Measles__isolate4__rep1,Paramyxoviridae,7,Measles,0,4,1,data/reads_multi/Paramyxoviridae/Measles/isolate_4/rep1_1.fq,data/reads_multi/Paramyxoviridae/Measles/isolate_4/rep1_2.fq,4,train
Paramyxoviridae__Measles__isolate4__rep2,Paramyxoviridae,7,Measles,0,4,2,data/reads_multi/Paramyxoviridae/Measles/isolate_4/rep2_1.fq,data/reads_multi/Paramyxoviridae/Measles/isolate_4/rep2_2.fq,4,train
Paramyxoviridae__Measles__isolate4__rep3,Paramyxoviridae,7,Measles,0,4,3,data/reads_multi/Paramyxoviridae/Measles/isolate_4/rep3_1.fq,data/reads_multi/Paramyxoviridae/Measles/isolate_4/rep3_2.fq,4,train
Paramyxoviridae__Measles__isolate4__rep4,Paramyxoviridae,7,Measles,0,4,4,data/reads_multi/Paramyxoviridae/Measles/isolate_4/rep4_1.fq,data/reads_multi/Paramyxoviridae/Measles/isolate_4/rep4_2.fq,4,train
Paramyxoviridae__Measles__isolate4__rep5,Paramyxoviridae,7,Measles,0,4,5,data/reads_multi/Paramyxoviridae/Measles/isolate_4/rep5_1.fq,data/reads_multi/Paramyxoviridae/Measles/isolate_4/rep5_2.fq,4,train
Paramyxoviridae__Measles__isolate5__rep0,Paramyxoviridae,7,Measles,0,5,0,data/reads_multi/Paramyxoviridae/Measles/isolate_5/rep0_1.fq,data/reads_multi/Paramyxoviridae/Measles/isolate_5/rep0_2.fq,0,train
Paramyxoviridae__Measles__isolate5__rep1,Paramyxoviridae,7,Measles,0,5,1,data/reads_multi/Paramyxoviridae/Measles/isolate_5/rep1_1.fq,data/reads_multi/Paramyxoviridae/Measles/isolate_5/rep1_2.fq,0,train
Paramyxoviridae__Measles__isolate5__rep2,Paramyxoviridae,7,Measles,0,5,2,data/reads_multi/Paramyxoviridae/Measles/isolate_5/rep2_1.fq,data/reads_multi/Paramyxoviridae/Measles/isolate_5/rep2_2.fq,0,train
Paramyxoviridae__Measles__isolate5__rep3,Paramyxoviridae,7,Measles,0,5,3,data/reads_multi/Paramyxoviridae/Measles/isolate_5/rep3_1.fq,data/reads_multi/Paramyxoviridae/Measles/isolate_5/rep3_2.fq,0,train
Paramyxoviridae__Measles__isolate5__rep4,Paramyxoviridae,7,Measles,0,5,4,data/reads_multi/Paramyxoviridae/Measles/isolate_5/rep4_1.fq,data/reads_multi/Paramyxoviridae/Measles/isolate_5/rep4_2.fq,0,train
Paramyxoviridae__Measles__isolate5__rep5,Paramyxoviridae,7,Measles,0,5,5,data/reads_multi/Paramyxoviridae/Measles/isolate_5/rep5_1.fq,data/reads_multi/Paramyxoviridae/Measles/isolate_5/rep5_2.fq,0,train
Paramyxoviridae__Measles__isolate6__rep0,Paramyxoviridae,7,Measles,0,6,0,data/reads_multi/Paramyxoviridae/Measles/isolate_6/rep0_1.fq,data/reads_multi/Paramyxoviridae/Measles/isolate_6/rep0_2.fq,1,test
Paramyxoviridae__Measles__isolate6__rep1,Paramyxoviridae,7,Measles,0,6,1,data/reads_multi/Paramyxoviridae/Measles/isolate_6/rep1_1.fq,data/reads_multi/Paramyxoviridae/Measles/isolate_6/rep1_2.fq,1,test
Paramyxoviridae__Measles__isolate6__rep2,Paramyxoviridae,7,Measles,0,6,2,data/reads_multi/Paramyxoviridae/Measles/isolate_6/rep2_1.fq,data/reads_multi/Paramyxoviridae/Measles/isolate_6/rep2_2.fq,1,test
Paramyxoviridae__Measles__isolate6__rep3,Paramyxoviridae,7,Measles,0,6,3,data/reads_multi/Paramyxoviridae/Measles/isolate_6/rep3_1.fq,data/reads_multi/Paramyxoviridae/Measles/isolate_6/rep3_2.fq,1,test
Paramyxoviridae__Measles__isolate6__rep4,Paramyxoviridae,7,Measles,0,6,4,data/reads_multi/Paramyxoviridae/Measles/isolate_6/rep4_1.fq,data/reads_multi/Paramyxoviridae/Measles/isolate_6/rep4_2.fq,1,test
Paramyxoviridae__Measles__isolate6__rep5,Paramyxoviridae,7,Measles,0,6,5,data/reads_multi/Paramyxoviridae/Measles/isolate_6/rep5_1.fq,data/reads_multi/Paramyxoviridae/Measles/isolate_6/rep5_2.fq,1,test
Paramyxoviridae__Measles__isolate7__rep0,Paramyxoviridae,7,Measles,0,7,0,data/reads_multi/Paramyxoviridae/Measles/isolate_7/rep0_1.fq,data/reads_multi/Paramyxoviridae/Measles/isolate_7/rep0_2.fq,2,val
Paramyxoviridae__Measles__isolate7__rep1,Paramyxoviridae,7,Measles,0,7,1,data/reads_multi/Paramyxoviridae/Measles/isolate_7/rep1_1.fq,data/reads_multi/Paramyxoviridae/Measles/isolate_7/rep1_2.fq,2,val
Paramyxoviridae__Measles__isolate7__rep2,Paramyxoviridae,7,Measles,0,7,2,data/reads_multi/Paramyxoviridae/Measles/isolate_7/rep2_1.fq,data/reads_multi/Paramyxoviridae/Measles/isolate_7/rep2_2.fq,2,val
Paramyxoviridae__Measles__isolate7__rep3,Paramyxoviridae,7,Measles,0,7,3,data/reads_multi/Paramyxoviridae/Measles/isolate_7/rep3_1.fq,data/reads_multi/Paramyxoviridae/Measles/isolate_7/rep3_2.fq,2,val
Paramyxoviridae__Measles__isolate7__rep4,Paramyxoviridae,7,Measles,0,7,4,data/reads_multi/Paramyxoviridae/Measles/isolate_7/rep4_1.fq,data/reads_multi/Paramyxoviridae/Measles/isolate_7/rep4_2.fq,2,val
Paramyxoviridae__Measles__isolate7__rep5,Paramyxoviridae,7,Measles,0,7,5,data/reads_multi/Paramyxoviridae/Measles/isolate_7/rep5_1.fq,data/reads_multi/Paramyxoviridae/Measles/isolate_7/rep5_2.fq,2,val
Paramyxoviridae__Measles__isolate8__rep0,Paramyxoviridae,7,Measles,0,8,0,data/reads_multi/Paramyxoviridae/Measles/isolate_8/rep0_1.fq,data/reads_multi/Paramyxoviridae/Measles/isolate_8/rep0_2.fq,3,train
Paramyxoviridae__Measles__isolate8__rep1,Paramyxoviridae,7,Measles,0,8,1,data/reads_multi/Paramyxoviridae/Measles/isolate_8/rep1_1.fq,data/reads_multi/Paramyxoviridae/Measles/isolate_8/rep1_2.fq,3,train
Paramyxoviridae__Measles__isolate8__rep2,Paramyxoviridae,7,Measles,0,8,2,data/reads_multi/Paramyxoviridae/Measles/isolate_8/rep2_1.fq,data/reads_multi/Paramyxoviridae/Measles/isolate_8/rep2_2.fq,3,train
Paramyxoviridae__Measles__isolate8__rep3,Paramyxoviridae,7,Measles,0,8,3,data/reads_multi/Paramyxoviridae/Measles/isolate_8/rep3_1.fq,data/reads_multi/Paramyxoviridae/Measles/isolate_8/rep3_2.fq,3,train
Paramyxoviridae__Measles__isolate8__rep4,Paramyxoviridae,7,Measles,0,8,4,data/reads_multi/Paramyxoviridae/Measles/isolate_8/rep4_1.fq,data/reads_multi/Paramyxoviridae/Measles/isolate_8/rep4_2.fq,3,train
Paramyxoviridae__Measles__isolate8__rep5,Paramyxoviridae,7,Measles,0,8,5,data/reads_multi/Paramyxoviridae/Measles/isolate_8/rep5_1.fq,data/reads_multi/Paramyxoviridae/Measles/isolate_8/rep5_2.fq,3,train
Paramyxoviridae__Measles__isolate9__rep0,Paramyxoviridae,7,Measles,0,9,0,data/reads_multi/Paramyxoviridae/Measles/isolate_9/rep0_1.fq,data/reads_multi/Paramyxoviridae/Measles/isolate_9/rep0_2.fq,4,train
Paramyxoviridae__Measles__isolate9__rep1,Paramyxoviridae,7,Measles,0,9,1,data/reads_multi/Paramyxoviridae/Measles/isolate_9/rep1_1.fq,data/reads_multi/Paramyxoviridae/Measles/isolate_9/rep1_2.fq,4,train
Paramyxoviridae__Measles__isolate9__rep2,Paramyxoviridae,7,Measles,0,9,2,data/reads_multi/Paramyxoviridae/Measles/isolate_9/rep2_1.fq,data/reads_multi/Paramyxoviridae/Measles/isolate_9/rep2_2.fq,4,train
Paramyxoviridae__Measles__isolate9__rep3,Paramyxoviridae,7,Measles,0,9,3,data/reads_multi/Paramyxoviridae/Measles/isolate_9/rep3_1.fq,data/reads_multi/Paramyxoviridae/Measles/isolate_9/rep3_2.fq,4,train
Paramyxoviridae__Measles__isolate9__rep4,Paramyxoviridae,7,Measles,0,9,4,data/reads_multi/Paramyxoviridae/Measles/isolate_9/rep4_1.fq,data/reads_multi/Paramyxoviridae/Measles/isolate_9/rep4_2.fq,4,train
Paramyxoviridae__Measles__isolate9__rep5,Paramyxoviridae,7,Measles,0,9,5,data/reads_multi/Paramyxoviridae/Measles/isolate_9/rep5_1.fq,data/reads_multi/Paramyxoviridae/Measles/isolate_9/rep5_2.fq,4,train
Paramyxoviridae__Mumps__isolate0__rep0,Paramyxoviridae,7,Mumps,1,0,0,data/reads_multi/Paramyxoviridae/Mumps/isolate_0/rep0_1.fq,data/reads_multi/Paramyxoviridae/Mumps/isolate_0/rep0_2.fq,0,train
Paramyxoviridae__Mumps__isolate0__rep1,Paramyxoviridae,7,Mumps,1,0,1,data/reads_multi/Paramyxoviridae/Mumps/isolate_0/rep1_1.fq,data/reads_multi/Paramyxoviridae/Mumps/isolate_0/rep1_2.fq,0,train
Paramyxoviridae__Mumps__isolate0__rep2,Paramyxoviridae,7,Mumps,1,0,2,data/reads_multi/Paramyxoviridae/Mumps/isolate_0/rep2_1.fq,data/reads_multi/Paramyxoviridae/Mumps/isolate_0/rep2_2.fq,0,train
Paramyxoviridae__Mumps__isolate0__rep3,Paramyxoviridae,7,Mumps,1,0,3,data/reads_multi/Paramyxoviridae/Mumps/isolate_0/rep3_1.fq,data/reads_multi/Paramyxoviridae/Mumps/isolate_0/rep3_2.fq,0,train
Paramyxoviridae__Mumps__isolate0__rep4,Paramyxoviridae,7,Mumps,1,0,4,data/reads_multi/Paramyxoviridae/Mumps/isolate_0/rep4_1.fq,data/reads_multi/Paramyxoviridae/Mumps/isolate_0/rep4_2.fq,0,train
Paramyxoviridae__Mumps__isolate0__rep5,Paramyxoviridae,7,Mumps,1,0,5,data/reads_multi/Paramyxoviridae/Mumps/isolate_0/rep5_1.fq,data/reads_multi/Paramyxoviridae/Mumps/isolate_0/rep5_2.fq,0,train
Paramyxoviridae__Mumps__isolate1__rep0,Paramyxoviridae,7,Mumps,1,1,0,data/reads_multi/Paramyxoviridae/Mumps/isolate_1/rep0_1.fq,data/reads_multi/Paramyxoviridae/Mumps/isolate_1/rep0_2.fq,1,test
Paramyxoviridae__Mumps__isolate1__rep1,Paramyxoviridae,7,Mumps,1,1,1,data/reads_multi/Paramyxoviridae/Mumps/isolate_1/rep1_1.fq,data/reads_multi/Paramyxoviridae/Mumps/isolate_1/rep1_2.fq,1,test
Paramyxoviridae__Mumps__isolate1__rep2,Paramyxoviridae,7,Mumps,1,1,2,data/reads_multi/Paramyxoviridae/Mumps/isolate_1/rep2_1.fq,data/reads_multi/Paramyxoviridae/Mumps/isolate_1/rep2_2.fq,1,test
Paramyxoviridae__Mumps__isolate1__rep3,Paramyxoviridae,7,Mumps,1,1,3,data/reads_multi/Paramyxoviridae/Mumps/isolate_1/rep3_1.fq,data/reads_multi/Paramyxoviridae/Mumps/isolate_1/rep3_2.fq,1,test
Paramyxoviridae__Mumps__isolate1__rep4,Paramyxoviridae,7,Mumps,1,1,4,data/reads_multi/Paramyxoviridae/Mumps/isolate_1/rep4_1.fq,data/reads_multi/Paramyxoviridae/Mumps/isolate_1/rep4_2.fq,1,test
Paramyxoviridae__Mumps__isolate1__rep5,Paramyxoviridae,7,Mumps,1,1,5,data/reads_multi/Paramyxoviridae/Mumps/isolate_1/rep5_1.fq,data/reads_multi/Paramyxoviridae/Mumps/isolate_1/rep5_2.fq,1,test
Paramyxoviridae__Mumps__isolate2__rep0,Paramyxoviridae,7,Mumps,1,2,0,data/reads_multi/Paramyxoviridae/Mumps/isolate_2/rep0_1.fq,data/reads_multi/Paramyxoviridae/Mumps/isolate_2/rep0_2.fq,2,val
Paramyxoviridae__Mumps__isolate2__rep1,Paramyxoviridae,7,Mumps,1,2,1,data/reads_multi/Paramyxoviridae/Mumps/isolate_2/rep1_1.fq,data/reads_multi/Paramyxoviridae/Mumps/isolate_2/rep1_2.fq,2,val
Paramyxoviridae__Mumps__isolate2__rep2,Paramyxoviridae,7,Mumps,1,2,2,data/reads_multi/Paramyxoviridae/Mumps/isolate_2/rep2_1.fq,data/reads_multi/Paramyxoviridae/Mumps/isolate_2/rep2_2.fq,2,val
Paramyxoviridae__Mumps__isolate2__rep3,Paramyxoviridae,7,Mumps,1,2,3,data/reads_multi/Paramyxoviridae/Mumps/isolate_2/rep3_1.fq,data/reads_multi/Paramyxoviridae/Mumps/isolate_2/rep3_2.fq,2,val
Paramyxoviridae__Mumps__isolate2__rep4,Paramyxoviridae,7,Mumps,1,2,4,data/reads_multi/Paramyxoviridae/Mumps/isolate_2/rep4_1.fq,data/reads_multi/Paramyxoviridae/Mumps/isolate_2/rep4_2.fq,2,val
Paramyxoviridae__Mumps__isolate2__rep5,Paramyxoviridae,7,Mumps,1,2,5,data/reads_multi/Paramyxoviridae/Mumps/isolate_2/rep5_1.fq,data/reads_multi/Paramyxoviridae/Mumps/isolate_2/rep5_2.fq,2,val
Paramyxoviridae__Mumps__isolate3__rep0,Paramyxoviridae,7,Mumps,1,3,0,data/reads_multi/Paramyxoviridae/Mumps/isolate_3/rep0_1.fq,data/reads_multi/Paramyxoviridae/Mumps/isolate_3/rep0_2.fq,3,train
Paramyxoviridae__Mumps__isolate3__rep1,Paramyxoviridae,7,Mumps,1,3,1,data/reads_multi/Paramyxoviridae/Mumps/isolate_3/rep1_1.fq,data/reads_multi/Paramyxoviridae/Mumps/isolate_3/rep1_2.fq,3,train
Paramyxoviridae__Mumps__isolate3__rep2,Paramyxoviridae,7,Mumps,1,3,2,data/reads_multi/Paramyxoviridae/Mumps/isolate_3/rep2_1.fq,data/reads_multi/Paramyxoviridae/Mumps/isolate_3/rep2_2.fq,3,train
Paramyxoviridae__Mumps__isolate3__rep3,Paramyxoviridae,7,Mumps,1,3,3,data/reads_multi/Paramyxoviridae/Mumps/isolate_3/rep3_1.fq,data/reads_multi/Paramyxoviridae/Mumps/isolate_3/rep3_2.fq,3,train
Paramyxoviridae__Mumps__isolate3__rep4,Paramyxoviridae,7,Mumps,1,3,4,data/reads_multi/Paramyxoviridae/Mumps/isolate_3/rep4_1.fq,data/reads_multi/Paramyxoviridae/Mumps/isolate_3/rep4_2.fq,3,train
Paramyxoviridae__Mumps__isolate3__rep5,Paramyxoviridae,7,Mumps,1,3,5,data/reads_multi/Paramyxoviridae/Mumps/isolate_3/rep5_1.fq,data/reads_multi/Paramyxoviridae/Mumps/isolate_3/rep5_2.fq,3,train
Paramyxoviridae__Mumps__isolate4__rep0,Paramyxoviridae,7,Mumps,1,4,0,data/reads_multi/Paramyxoviridae/Mumps/isolate_4/rep0_1.fq,data/reads_multi/Paramyxoviridae/Mumps/isolate_4/rep0_2.fq,4,train
Paramyxoviridae__Mumps__isolate4__rep1,Paramyxoviridae,7,Mumps,1,4,1,data/reads_multi/Paramyxoviridae/Mumps/isolate_4/rep1_1.fq,data/reads_multi/Paramyxoviridae/Mumps/isolate_4/rep1_2.fq,4,train
Paramyxoviridae__Mumps__isolate4__rep2,Paramyxoviridae,7,Mumps,1,4,2,data/reads_multi/Paramyxoviridae/Mumps/isolate_4/rep2_1.fq,data/reads_multi/Paramyxoviridae/Mumps/isolate_4/rep2_2.fq,4,train
Paramyxoviridae__Mumps__isolate4__rep3,Paramyxoviridae,7,Mumps,1,4,3,data/reads_multi/Paramyxoviridae/Mumps/isolate_4/rep3_1.fq,data/reads_multi/Paramyxoviridae/Mumps/isolate_4/rep3_2.fq,4,train
Paramyxoviridae__Mumps__isolate4__rep4,Paramyxoviridae,7,Mumps,1,4,4,data/reads_multi/Paramyxoviridae/Mumps/isolate_4/rep4_1.fq,data/reads_multi/Paramyxoviridae/Mumps/isolate_4/rep4_2.fq,4,train
Paramyxoviridae__Mumps__isolate4__rep5,Paramyxoviridae,7,Mumps,1,4,5,data/reads_multi/Paramyxoviridae/Mumps/isolate_4/rep5_1.fq,data/reads_multi/Paramyxoviridae/Mumps/isolate_4/rep5_2.fq,4,train
Paramyxoviridae__Mumps__isolate5__rep0,Paramyxoviridae,7,Mumps,1,5,0,data/reads_multi/Paramyxoviridae/Mumps/isolate_5/rep0_1.fq,data/reads_multi/Paramyxoviridae/Mumps/isolate_5/rep0_2.fq,0,train
Paramyxoviridae__Mumps__isolate5__rep1,Paramyxoviridae,7,Mumps,1,5,1,data/reads_multi/Paramyxoviridae/Mumps/isolate_5/rep1_1.fq,data/reads_multi/Paramyxoviridae/Mumps/isolate_5/rep1_2.fq,0,train
Paramyxoviridae__Mumps__isolate5__rep2,Paramyxoviridae,7,Mumps,1,5,2,data/reads_multi/Paramyxoviridae/Mumps/isolate_5/rep2_1.fq,data/reads_multi/Paramyxoviridae/Mumps/isolate_5/rep2_2.fq,0,train
Paramyxoviridae__Mumps__isolate5__rep3,Paramyxoviridae,7,Mumps,1,5,3,data/reads_multi/Paramyxoviridae/Mumps/isolate_5/rep3_1.fq,data/reads_multi/Paramyxoviridae/Mumps/isolate_5/rep3_2.fq,0,train
Paramyxoviridae__Mumps__isolate5__rep4,Paramyxoviridae,7,Mumps,1,5,4,data/reads_multi/Paramyxoviridae/Mumps/isolate_5/rep4_1.fq,data/reads_multi/Paramyxoviridae/Mumps/isolate_5/rep4_2.fq,0,train
Paramyxoviridae__Mumps__isolate5__rep5,Paramyxoviridae,7,Mumps,1,5,5,data/reads_multi/Paramyxoviridae/Mumps/isolate_5/rep5_1.fq,data/reads_multi/Paramyxoviridae/Mumps/isolate_5/rep5_2.fq,0,train
Paramyxoviridae__Mumps__isolate6__rep0,Paramyxoviridae,7,Mumps,1,6,0,data/reads_multi/Paramyxoviridae/Mumps/isolate_6/rep0_1.fq,data/reads_multi/Paramyxoviridae/Mumps/isolate_6/rep0_2.fq,1,test
Paramyxoviridae__Mumps__isolate6__rep1,Paramyxoviridae,7,Mumps,1,6,1,data/reads_multi/Paramyxoviridae/Mumps/isolate_6/rep1_1.fq,data/reads_multi/Paramyxoviridae/Mumps/isolate_6/rep1_2.fq,1,test
Paramyxoviridae__Mumps__isolate6__rep2,Paramyxoviridae,7,Mumps,1,6,2,data/reads_multi/Paramyxoviridae/Mumps/isolate_6/rep2_1.fq,data/reads_multi/Paramyxoviridae/Mumps/isolate_6/rep2_2.fq,1,test
Paramyxoviridae__Mumps__isolate6__rep3,Paramyxoviridae,7,Mumps,1,6,3,data/reads_multi/Paramyxoviridae/Mumps/isolate_6/rep3_1.fq,data/reads_multi/Paramyxoviridae/Mumps/isolate_6/rep3_2.fq,1,test
Paramyxoviridae__Mumps__isolate6__rep4,Paramyxoviridae,7,Mumps,1,6,4,data/reads_multi/Paramyxoviridae/Mumps/isolate_6/rep4_1.fq,data/reads_multi/Paramyxoviridae/Mumps/isolate_6/rep4_2.fq,1,test
Paramyxoviridae__Mumps__isolate6__rep5,Paramyxoviridae,7,Mumps,1,6,5,data/reads_multi/Paramyxoviridae/Mumps/isolate_6/rep5_1.fq,data/reads_multi/Paramyxoviridae/Mumps/isolate_6/rep5_2.fq,1,test
Paramyxoviridae__Mumps__isolate7__rep0,Paramyxoviridae,7,Mumps,1,7,0,data/reads_multi/Paramyxoviridae/Mumps/isolate_7/rep0_1.fq,data/reads_multi/Paramyxoviridae/Mumps/isolate_7/rep0_2.fq,2,val
Paramyxoviridae__Mumps__isolate7__rep1,Paramyxoviridae,7,Mumps,1,7,1,data/reads_multi/Paramyxoviridae/Mumps/isolate_7/rep1_1.fq,data/reads_multi/Paramyxoviridae/Mumps/isolate_7/rep1_2.fq,2,val
Paramyxoviridae__Mumps__isolate7__rep2,Paramyxoviridae,7,Mumps,1,7,2,data/reads_multi/Paramyxoviridae/Mumps/isolate_7/rep2_1.fq,data/reads_multi/Paramyxoviridae/Mumps/isolate_7/rep2_2.fq,2,val
Paramyxoviridae__Mumps__isolate7__rep3,Paramyxoviridae,7,Mumps,1,7,3,data/reads_multi/Paramyxoviridae/Mumps/isolate_7/rep3_1.fq,data/reads_multi/Paramyxoviridae/Mumps/isolate_7/rep3_2.fq,2,val
Paramyxoviridae__Mumps__isolate7__rep4,Paramyxoviridae,7,Mumps,1,7,4,data/reads_multi/Paramyxoviridae/Mumps/isolate_7/rep4_1.fq,data/reads_multi/Paramyxoviridae/Mumps/isolate_7/rep4_2.fq,2,val
Paramyxoviridae__Mumps__isolate7__rep5,Paramyxoviridae,7,Mumps,1,7,5,data/reads_multi/Paramyxoviridae/Mumps/isolate_7/rep5_1.fq,data/reads_multi/Paramyxoviridae/Mumps/isolate_7/rep5_2.fq,2,val
Paramyxoviridae__Mumps__isolate8__rep0,Paramyxoviridae,7,Mumps,1,8,0,data/reads_multi/Paramyxoviridae/Mumps/isolate_8/rep0_1.fq,data/reads_multi/Paramyxoviridae/Mumps/isolate_8/rep0_2.fq,3,train
Paramyxoviridae__Mumps__isolate8__rep1,Paramyxoviridae,7,Mumps,1,8,1,data/reads_multi/Paramyxoviridae/Mumps/isolate_8/rep1_1.fq,data/reads_multi/Paramyxoviridae/Mumps/isolate_8/rep1_2.fq,3,train
Paramyxoviridae__Mumps__isolate8__rep2,Paramyxoviridae,7,Mumps,1,8,2,data/reads_multi/Paramyxoviridae/Mumps/isolate_8/rep2_1.fq,data/reads_multi/Paramyxoviridae/Mumps/isolate_8/rep2_2.fq,3,train
Paramyxoviridae__Mumps__isolate8__rep3,Paramyxoviridae,7,Mumps,1,8,3,data/reads_multi/Paramyxoviridae/Mumps/isolate_8/rep3_1.fq,data/reads_multi/Paramyxoviridae/Mumps/isolate_8/rep3_2.fq,3,train
Paramyxoviridae__Mumps__isolate8__rep4,Paramyxoviridae,7,Mumps,1,8,4,data/reads_multi/Paramyxoviridae/Mumps/isolate_8/rep4_1.fq,data/reads_multi/Paramyxoviridae/Mumps/isolate_8/rep4_2.fq,3,train
Paramyxoviridae__Mumps__isolate8__rep5,Paramyxoviridae,7,Mumps,1,8,5,data/reads_multi/Paramyxoviridae/Mumps/isolate_8/rep5_1.fq,data/reads_multi/Paramyxoviridae/Mumps/isolate_8/rep5_2.fq,3,train
Paramyxoviridae__Mumps__isolate9__rep0,Paramyxoviridae,7,Mumps,1,9,0,data/reads_multi/Paramyxoviridae/Mumps/isolate_9/rep0_1.fq,data/reads_multi/Paramyxoviridae/Mumps/isolate_9/rep0_2.fq,4,train
Paramyxoviridae__Mumps__isolate9__rep1,Paramyxoviridae,7,Mumps,1,9,1,data/reads_multi/Paramyxoviridae/Mumps/isolate_9/rep1_1.fq,data/reads_multi/Paramyxoviridae/Mumps/isolate_9/rep1_2.fq,4,train
Paramyxoviridae__Mumps__isolate9__rep2,Paramyxoviridae,7,Mumps,1,9,2,data/reads_multi/Paramyxoviridae/Mumps/isolate_9/rep2_1.fq,data/reads_multi/Paramyxoviridae/Mumps/isolate_9/rep2_2.fq,4,train
Paramyxoviridae__Mumps__isolate9__rep3,Paramyxoviridae,7,Mumps,1,9,3,data/reads_multi/Paramyxoviridae/Mumps/isolate_9/rep3_1.fq,data/reads_multi/Paramyxoviridae/Mumps/isolate_9/rep3_2.fq,4,train
Paramyxoviridae__Mumps__isolate9__rep4,Paramyxoviridae,7,Mumps,1,9,4,data/reads_multi/Paramyxoviridae/Mumps/isolate_9/rep4_1.fq,data/reads_multi/Paramyxoviridae/Mumps/isolate_9/rep4_2.fq,4,train
Paramyxoviridae__Mumps__isolate9__rep5,Paramyxoviridae,7,Mumps,1,9,5,data/reads_multi/Paramyxoviridae/Mumps/isolate_9/rep5_1.fq,data/reads_multi/Paramyxoviridae/Mumps/isolate_9/rep5_2.fq,4,train
Paramyxoviridae__RSV-A__isolate0__rep0,Paramyxoviridae,7,RSV-A,2,0,0,data/reads_multi/Paramyxoviridae/RSV-A/isolate_0/rep0_1.fq,data/reads_multi/Paramyxoviridae/RSV-A/isolate_0/rep0_2.fq,0,train
Paramyxoviridae__RSV-A__isolate0__rep1,Paramyxoviridae,7,RSV-A,2,0,1,data/reads_multi/Paramyxoviridae/RSV-A/isolate_0/rep1_1.fq,data/reads_multi/Paramyxoviridae/RSV-A/isolate_0/rep1_2.fq,0,train
Paramyxoviridae__RSV-A__isolate0__rep2,Paramyxoviridae,7,RSV-A,2,0,2,data/reads_multi/Paramyxoviridae/RSV-A/isolate_0/rep2_1.fq,data/reads_multi/Paramyxoviridae/RSV-A/isolate_0/rep2_2.fq,0,train
Paramyxoviridae__RSV-A__isolate0__rep3,Paramyxoviridae,7,RSV-A,2,0,3,data/reads_multi/Paramyxoviridae/RSV-A/isolate_0/rep3_1.fq,data/reads_multi/Paramyxoviridae/RSV-A/isolate_0/rep3_2.fq,0,train
Paramyxoviridae__RSV-A__isolate0__rep4,Paramyxoviridae,7,RSV-A,2,0,4,data/reads_multi/Paramyxoviridae/RSV-A/isolate_0/rep4_1.fq,data/reads_multi/Paramyxoviridae/RSV-A/isolate_0/rep4_2.fq,0,train
Paramyxoviridae__RSV-A__isolate0__rep5,Paramyxoviridae,7,RSV-A,2,0,5,data/reads_multi/Paramyxoviridae/RSV-A/isolate_0/rep5_1.fq,data/reads_multi/Paramyxoviridae/RSV-A/isolate_0/rep5_2.fq,0,train
Paramyxoviridae__RSV-A__isolate1__rep0,Paramyxoviridae,7,RSV-A,2,1,0,data/reads_multi/Paramyxoviridae/RSV-A/isolate_1/rep0_1.fq,data/reads_multi/Paramyxoviridae/RSV-A/isolate_1/rep0_2.fq,1,test
Paramyxoviridae__RSV-A__isolate1__rep1,Paramyxoviridae,7,RSV-A,2,1,1,data/reads_multi/Paramyxoviridae/RSV-A/isolate_1/rep1_1.fq,data/reads_multi/Paramyxoviridae/RSV-A/isolate_1/rep1_2.fq,1,test
Paramyxoviridae__RSV-A__isolate1__rep2,Paramyxoviridae,7,RSV-A,2,1,2,data/reads_multi/Paramyxoviridae/RSV-A/isolate_1/rep2_1.fq,data/reads_multi/Paramyxoviridae/RSV-A/isolate_1/rep2_2.fq,1,test
Paramyxoviridae__RSV-A__isolate1__rep3,Paramyxoviridae,7,RSV-A,2,1,3,data/reads_multi/Paramyxoviridae/RSV-A/isolate_1/rep3_1.fq,data/reads_multi/Paramyxoviridae/RSV-A/isolate_1/rep3_2.fq,1,test
Paramyxoviridae__RSV-A__isolate1__rep4,Paramyxoviridae,7,RSV-A,2,1,4,data/reads_multi/Paramyxoviridae/RSV-A/isolate_1/rep4_1.fq,data/reads_multi/Paramyxoviridae/RSV-A/isolate_1/rep4_2.fq,1,test
Paramyxoviridae__RSV-A__isolate1__rep5,Paramyxoviridae,7,RSV-A,2,1,5,data/reads_multi/Paramyxoviridae/RSV-A/isolate_1/rep5_1.fq,data/reads_multi/Paramyxoviridae/RSV-A/isolate_1/rep5_2.fq,1,test
Paramyxoviridae__RSV-A__isolate2__rep0,Paramyxoviridae,7,RSV-A,2,2,0,data/reads_multi/Paramyxoviridae/RSV-A/isolate_2/rep0_1.fq,data/reads_multi/Paramyxoviridae/RSV-A/isolate_2/rep0_2.fq,2,val
Paramyxoviridae__RSV-A__isolate2__rep1,Paramyxoviridae,7,RSV-A,2,2,1,data/reads_multi/Paramyxoviridae/RSV-A/isolate_2/rep1_1.fq,data/reads_multi/Paramyxoviridae/RSV-A/isolate_2/rep1_2.fq,2,val
Paramyxoviridae__RSV-A__isolate2__rep2,Paramyxoviridae,7,RSV-A,2,2,2,data/reads_multi/Paramyxoviridae/RSV-A/isolate_2/rep2_1.fq,data/reads_multi/Paramyxoviridae/RSV-A/isolate_2/rep2_2.fq,2,val
Paramyxoviridae__RSV-A__isolate2__rep3,Paramyxoviridae,7,RSV-A,2,2,3,data/reads_multi/Paramyxoviridae/RSV-A/isolate_2/rep3_1.fq,data/reads_multi/Paramyxoviridae/RSV-A/isolate_2/rep3_2.fq,2,val
Paramyxoviridae__RSV-A__isolate2__rep4,Paramyxoviridae,7,RSV-A,2,2,4,data/reads_multi/Paramyxoviridae/RSV-A/isolate_2/rep4_1.fq,data/reads_multi/Paramyxoviridae/RSV-A/isolate_2/rep4_2.fq,2,val
Paramyxoviridae__RSV-A__isolate2__rep5,Paramyxoviridae,7,RSV-A,2,2,5,data/reads_multi/Paramyxoviridae/RSV-A/isolate_2/rep5_1.fq,data/reads_multi/Paramyxoviridae/RSV-A/isolate_2/rep5_2.fq,2,val
Paramyxoviridae__RSV-A__isolate3__rep0,Paramyxoviridae,7,RSV-A,2,3,0,data/reads_multi/Paramyxoviridae/RSV-A/isolate_3/rep0_1.fq,data/reads_multi/Paramyxoviridae/RSV-A/isolate_3/rep0_2.fq,3,train
Paramyxoviridae__RSV-A__isolate3__rep1,Paramyxoviridae,7,RSV-A,2,3,1,data/reads_multi/Paramyxoviridae/RSV-A/isolate_3/rep1_1.fq,data/reads_multi/Paramyxoviridae/RSV-A/isolate_3/rep1_2.fq,3,train
Paramyxoviridae__RSV-A__isolate3__rep2,Paramyxoviridae,7,RSV-A,2,3,2,data/reads_multi/Paramyxoviridae/RSV-A/isolate_3/rep2_1.fq,data/reads_multi/Paramyxoviridae/RSV-A/isolate_3/rep2_2.fq,3,train
Paramyxoviridae__RSV-A__isolate3__rep3,Paramyxoviridae,7,RSV-A,2,3,3,data/reads_multi/Paramyxoviridae/RSV-A/isolate_3/rep3_1.fq,data/reads_multi/Paramyxoviridae/RSV-A/isolate_3/rep3_2.fq,3,train
Paramyxoviridae__RSV-A__isolate3__rep4,Paramyxoviridae,7,RSV-A,2,3,4,data/reads_multi/Paramyxoviridae/RSV-A/isolate_3/rep4_1.fq,data/reads_multi/Paramyxoviridae/RSV-A/isolate_3/rep4_2.fq,3,train
Paramyxoviridae__RSV-A__isolate3__rep5,Paramyxoviridae,7,RSV-A,2,3,5,data/reads_multi/Paramyxoviridae/RSV-A/isolate_3/rep5_1.fq,data/reads_multi/Paramyxoviridae/RSV-A/isolate_3/rep5_2.fq,3,train
Paramyxoviridae__RSV-A__isolate4__rep0,Paramyxoviridae,7,RSV-A,2,4,0,data/reads_multi/Paramyxoviridae/RSV-A/isolate_4/rep0_1.fq,data/reads_multi/Paramyxoviridae/RSV-A/isolate_4/rep0_2.fq,4,train
Paramyxoviridae__RSV-A__isolate4__rep1,Paramyxoviridae,7,RSV-A,2,4,1,data/reads_multi/Paramyxoviridae/RSV-A/isolate_4/rep1_1.fq,data/reads_multi/Paramyxoviridae/RSV-A/isolate_4/rep1_2.fq,4,train
Paramyxoviridae__RSV-A__isolate4__rep2,Paramyxoviridae,7,RSV-A,2,4,2,data/reads_multi/Paramyxoviridae/RSV-A/isolate_4/rep2_1.fq,data/reads_multi/Paramyxoviridae/RSV-A/isolate_4/rep2_2.fq,4,train
Paramyxoviridae__RSV-A__isolate4__rep3,Paramyxoviridae,7,RSV-A,2,4,3,data/reads_multi/Paramyxoviridae/RSV-A/isolate_4/rep3_1.fq,data/reads_multi/Paramyxoviridae/RSV-A/isolate_4/rep3_2.fq,4,train
Paramyxoviridae__RSV-A__isolate4__rep4,Paramyxoviridae,7,RSV-A,2,4,4,data/reads_multi/Paramyxoviridae/RSV-A/isolate_4/rep4_1.fq,data/reads_multi/Paramyxoviridae/RSV-A/isolate_4/rep4_2.fq,4,train
Paramyxoviridae__RSV-A__isolate4__rep5,Paramyxoviridae,7,RSV-A,2,4,5,data/reads_multi/Paramyxoviridae/RSV-A/isolate_4/rep5_1.fq,data/reads_multi/Paramyxoviridae/RSV-A/isolate_4/rep5_2.fq,4,train
Paramyxoviridae__RSV-A__isolate5__rep0,Paramyxoviridae,7,RSV-A,2,5,0,data/reads_multi/Paramyxoviridae/RSV-A/isolate_5/rep0_1.fq,data/reads_multi/Paramyxoviridae/RSV-A/isolate_5/rep0_2.fq,0,train
Paramyxoviridae__RSV-A__isolate5__rep1,Paramyxoviridae,7,RSV-A,2,5,1,data/reads_multi/Paramyxoviridae/RSV-A/isolate_5/rep1_1.fq,data/reads_multi/Paramyxoviridae/RSV-A/isolate_5/rep1_2.fq,0,train
Paramyxoviridae__RSV-A__isolate5__rep2,Paramyxoviridae,7,RSV-A,2,5,2,data/reads_multi/Paramyxoviridae/RSV-A/isolate_5/rep2_1.fq,data/reads_multi/Paramyxoviridae/RSV-A/isolate_5/rep2_2.fq,0,train
Paramyxoviridae__RSV-A__isolate5__rep3,Paramyxoviridae,7,RSV-A,2,5,3,data/reads_multi/Paramyxoviridae/RSV-A/isolate_5/rep3_1.fq,data/reads_multi/Paramyxoviridae/RSV-A/isolate_5/rep3_2.fq,0,train
Paramyxoviridae__RSV-A__isolate5__rep4,Paramyxoviridae,7,RSV-A,2,5,4,data/reads_multi/Paramyxoviridae/RSV-A/isolate_5/rep4_1.fq,data/reads_multi/Paramyxoviridae/RSV-A/isolate_5/rep4_2.fq,0,train
Paramyxoviridae__RSV-A__isolate5__rep5,Paramyxoviridae,7,RSV-A,2,5,5,data/reads_multi/Paramyxoviridae/RSV-A/isolate_5/rep5_1.fq,data/reads_multi/Paramyxoviridae/RSV-A/isolate_5/rep5_2.fq,0,train
Paramyxoviridae__RSV-A__isolate6__rep0,Paramyxoviridae,7,RSV-A,2,6,0,data/reads_multi/Paramyxoviridae/RSV-A/isolate_6/rep0_1.fq,data/reads_multi/Paramyxoviridae/RSV-A/isolate_6/rep0_2.fq,1,test
Paramyxoviridae__RSV-A__isolate6__rep1,Paramyxoviridae,7,RSV-A,2,6,1,data/reads_multi/Paramyxoviridae/RSV-A/isolate_6/rep1_1.fq,data/reads_multi/Paramyxoviridae/RSV-A/isolate_6/rep1_2.fq,1,test
Paramyxoviridae__RSV-A__isolate6__rep2,Paramyxoviridae,7,RSV-A,2,6,2,data/reads_multi/Paramyxoviridae/RSV-A/isolate_6/rep2_1.fq,data/reads_multi/Paramyxoviridae/RSV-A/isolate_6/rep2_2.fq,1,test
Paramyxoviridae__RSV-A__isolate6__rep3,Paramyxoviridae,7,RSV-A,2,6,3,data/reads_multi/Paramyxoviridae/RSV-A/isolate_6/rep3_1.fq,data/reads_multi/Paramyxoviridae/RSV-A/isolate_6/rep3_2.fq,1,test
Paramyxoviridae__RSV-A__isolate6__rep4,Paramyxoviridae,7,RSV-A,2,6,4,data/reads_multi/Paramyxoviridae/RSV-A/isolate_6/rep4_1.fq,data/reads_multi/Paramyxoviridae/RSV-A/isolate_6/rep4_2.fq,1,test
Paramyxoviridae__RSV-A__isolate6__rep5,Paramyxoviridae,7,RSV-A,2,6,5,data/reads_multi/Paramyxoviridae/RSV-A/isolate_6/rep5_1.fq,data/reads_multi/Paramyxoviridae/RSV-A/isolate_6/rep5_2.fq,1,test
Paramyxoviridae__RSV-A__isolate7__rep0,Paramyxoviridae,7,RSV-A,2,7,0,data/reads_multi/Paramyxoviridae/RSV-A/isolate_7/rep0_1.fq,data/reads_multi/Paramyxoviridae/RSV-A/isolate_7/rep0_2.fq,2,val
Paramyxoviridae__RSV-A__isolate7__rep1,Paramyxoviridae,7,RSV-A,2,7,1,data/reads_multi/Paramyxoviridae/RSV-A/isolate_7/rep1_1.fq,data/reads_multi/Paramyxoviridae/RSV-A/isolate_7/rep1_2.fq,2,val
Paramyxoviridae__RSV-A__isolate7__rep2,Paramyxoviridae,7,RSV-A,2,7,2,data/reads_multi/Paramyxoviridae/RSV-A/isolate_7/rep2_1.fq,data/reads_multi/Paramyxoviridae/RSV-A/isolate_7/rep2_2.fq,2,val
Paramyxoviridae__RSV-A__isolate7__rep3,Paramyxoviridae,7,RSV-A,2,7,3,data/reads_multi/Paramyxoviridae/RSV-A/isolate_7/rep3_1.fq,data/reads_multi/Paramyxoviridae/RSV-A/isolate_7/rep3_2.fq,2,val
Paramyxoviridae__RSV-A__isolate7__rep4,Paramyxoviridae,7,RSV-A,2,7,4,data/reads_multi/Paramyxoviridae/RSV-A/isolate_7/rep4_1.fq,data/reads_multi/Paramyxoviridae/RSV-A/isolate_7/rep4_2.fq,2,val
Paramyxoviridae__RSV-A__isolate7__rep5,Paramyxoviridae,7,RSV-A,2,7,5,data/reads_multi/Paramyxoviridae/RSV-A/isolate_7/rep5_1.fq,data/reads_multi/Paramyxoviridae/RSV-A/isolate_7/rep5_2.fq,2,val
Paramyxoviridae__RSV-A__isolate8__rep0,Paramyxoviridae,7,RSV-A,2,8,0,data/reads_multi/Paramyxoviridae/RSV-A/isolate_8/rep0_1.fq,data/reads_multi/Paramyxoviridae/RSV-A/isolate_8/rep0_2.fq,3,train
Paramyxoviridae__RSV-A__isolate8__rep1,Paramyxoviridae,7,RSV-A,2,8,1,data/reads_multi/Paramyxoviridae/RSV-A/isolate_8/rep1_1.fq,data/reads_multi/Paramyxoviridae/RSV-A/isolate_8/rep1_2.fq,3,train
Paramyxoviridae__RSV-A__isolate8__rep2,Paramyxoviridae,7,RSV-A,2,8,2,data/reads_multi/Paramyxoviridae/RSV-A/isolate_8/rep2_1.fq,data/reads_multi/Paramyxoviridae/RSV-A/isolate_8/rep2_2.fq,3,train
Paramyxoviridae__RSV-A__isolate8__rep3,Paramyxoviridae,7,RSV-A,2,8,3,data/reads_multi/Paramyxoviridae/RSV-A/isolate_8/rep3_1.fq,data/reads_multi/Paramyxoviridae/RSV-A/isolate_8/rep3_2.fq,3,train
Paramyxoviridae__RSV-A__isolate8__rep4,Paramyxoviridae,7,RSV-A,2,8,4,data/reads_multi/Paramyxoviridae/RSV-A/isolate_8/rep4_1.fq,data/reads_multi/Paramyxoviridae/RSV-A/isolate_8/rep4_2.fq,3,train
Paramyxoviridae__RSV-A__isolate8__rep5,Paramyxoviridae,7,RSV-A,2,8,5,data/reads_multi/Paramyxoviridae/RSV-A/isolate_8/rep5_1.fq,data/reads_multi/Paramyxoviridae/RSV-A/isolate_8/rep5_2.fq,3,train
Paramyxoviridae__RSV-A__isolate9__rep0,Paramyxoviridae,7,RSV-A,2,9,0,data/reads_multi/Paramyxoviridae/RSV-A/isolate_9/rep0_1.fq,data/reads_multi/Paramyxoviridae/RSV-A/isolate_9/rep0_2.fq,4,train
Paramyxoviridae__RSV-A__isolate9__rep1,Paramyxoviridae,7,RSV-A,2,9,1,data/reads_multi/Paramyxoviridae/RSV-A/isolate_9/rep1_1.fq,data/reads_multi/Paramyxoviridae/RSV-A/isolate_9/rep1_2.fq,4,train
Paramyxoviridae__RSV-A__isolate9__rep2,Paramyxoviridae,7,RSV-A,2,9,2,data/reads_multi/Paramyxoviridae/RSV-A/isolate_9/rep2_1.fq,data/reads_multi/Paramyxoviridae/RSV-A/isolate_9/rep2_2.fq,4,train
Paramyxoviridae__RSV-A__isolate9__rep3,Paramyxoviridae,7,RSV-A,2,9,3,data/reads_multi/Paramyxoviridae/RSV-A/isolate_9/rep3_1.fq,data/reads_multi/Paramyxoviridae/RSV-A/isolate_9/rep3_2.fq,4,train
Paramyxoviridae__RSV-A__isolate9__rep4,Paramyxoviridae,7,RSV-A,2,9,4,data/reads_multi/Paramyxoviridae/RSV-A/isolate_9/rep4_1.fq,data/reads_multi/Paramyxoviridae/RSV-A/isolate_9/rep4_2.fq,4,train
Paramyxoviridae__RSV-A__isolate9__rep5,Paramyxoviridae,7,RSV-A,2,9,5,data/reads_multi/Paramyxoviridae/RSV-A/isolate_9/rep5_1.fq,data/reads_multi/Paramyxoviridae/RSV-A/isolate_9/rep5_2.fq,4,train
Paramyxoviridae__RSV-B__isolate0__rep0,Paramyxoviridae,7,RSV-B,3,0,0,data/reads_multi/Paramyxoviridae/RSV-B/isolate_0/rep0_1.fq,data/reads_multi/Paramyxoviridae/RSV-B/isolate_0/rep0_2.fq,0,train
Paramyxoviridae__RSV-B__isolate0__rep1,Paramyxoviridae,7,RSV-B,3,0,1,data/reads_multi/Paramyxoviridae/RSV-B/isolate_0/rep1_1.fq,data/reads_multi/Paramyxoviridae/RSV-B/isolate_0/rep1_2.fq,0,train
Paramyxoviridae__RSV-B__isolate0__rep2,Paramyxoviridae,7,RSV-B,3,0,2,data/reads_multi/Paramyxoviridae/RSV-B/isolate_0/rep2_1.fq,data/reads_multi/Paramyxoviridae/RSV-B/isolate_0/rep2_2.fq,0,train
Paramyxoviridae__RSV-B__isolate0__rep3,Paramyxoviridae,7,RSV-B,3,0,3,data/reads_multi/Paramyxoviridae/RSV-B/isolate_0/rep3_1.fq,data/reads_multi/Paramyxoviridae/RSV-B/isolate_0/rep3_2.fq,0,train
Paramyxoviridae__RSV-B__isolate0__rep4,Paramyxoviridae,7,RSV-B,3,0,4,data/reads_multi/Paramyxoviridae/RSV-B/isolate_0/rep4_1.fq,data/reads_multi/Paramyxoviridae/RSV-B/isolate_0/rep4_2.fq,0,train
Paramyxoviridae__RSV-B__isolate0__rep5,Paramyxoviridae,7,RSV-B,3,0,5,data/reads_multi/Paramyxoviridae/RSV-B/isolate_0/rep5_1.fq,data/reads_multi/Paramyxoviridae/RSV-B/isolate_0/rep5_2.fq,0,train
Paramyxoviridae__RSV-B__isolate1__rep0,Paramyxoviridae,7,RSV-B,3,1,0,data/reads_multi/Paramyxoviridae/RSV-B/isolate_1/rep0_1.fq,data/reads_multi/Paramyxoviridae/RSV-B/isolate_1/rep0_2.fq,1,test
Paramyxoviridae__RSV-B__isolate1__rep1,Paramyxoviridae,7,RSV-B,3,1,1,data/reads_multi/Paramyxoviridae/RSV-B/isolate_1/rep1_1.fq,data/reads_multi/Paramyxoviridae/RSV-B/isolate_1/rep1_2.fq,1,test
Paramyxoviridae__RSV-B__isolate1__rep2,Paramyxoviridae,7,RSV-B,3,1,2,data/reads_multi/Paramyxoviridae/RSV-B/isolate_1/rep2_1.fq,data/reads_multi/Paramyxoviridae/RSV-B/isolate_1/rep2_2.fq,1,test
Paramyxoviridae__RSV-B__isolate1__rep3,Paramyxoviridae,7,RSV-B,3,1,3,data/reads_multi/Paramyxoviridae/RSV-B/isolate_1/rep3_1.fq,data/reads_multi/Paramyxoviridae/RSV-B/isolate_1/rep3_2.fq,1,test
Paramyxoviridae__RSV-B__isolate1__rep4,Paramyxoviridae,7,RSV-B,3,1,4,data/reads_multi/Paramyxoviridae/RSV-B/isolate_1/rep4_1.fq,data/reads_multi/Paramyxoviridae/RSV-B/isolate_1/rep4_2.fq,1,test
Paramyxoviridae__RSV-B__isolate1__rep5,Paramyxoviridae,7,RSV-B,3,1,5,data/reads_multi/Paramyxoviridae/RSV-B/isolate_1/rep5_1.fq,data/reads_multi/Paramyxoviridae/RSV-B/isolate_1/rep5_2.fq,1,test
Paramyxoviridae__RSV-B__isolate2__rep0,Paramyxoviridae,7,RSV-B,3,2,0,data/reads_multi/Paramyxoviridae/RSV-B/isolate_2/rep0_1.fq,data/reads_multi/Paramyxoviridae/RSV-B/isolate_2/rep0_2.fq,2,val
Paramyxoviridae__RSV-B__isolate2__rep1,Paramyxoviridae,7,RSV-B,3,2,1,data/reads_multi/Paramyxoviridae/RSV-B/isolate_2/rep1_1.fq,data/reads_multi/Paramyxoviridae/RSV-B/isolate_2/rep1_2.fq,2,val
Paramyxoviridae__RSV-B__isolate2__rep2,Paramyxoviridae,7,RSV-B,3,2,2,data/reads_multi/Paramyxoviridae/RSV-B/isolate_2/rep2_1.fq,data/reads_multi/Paramyxoviridae/RSV-B/isolate_2/rep2_2.fq,2,val
Paramyxoviridae__RSV-B__isolate2__rep3,Paramyxoviridae,7,RSV-B,3,2,3,data/reads_multi/Paramyxoviridae/RSV-B/isolate_2/rep3_1.fq,data/reads_multi/Paramyxoviridae/RSV-B/isolate_2/rep3_2.fq,2,val
Paramyxoviridae__RSV-B__isolate2__rep4,Paramyxoviridae,7,RSV-B,3,2,4,data/reads_multi/Paramyxoviridae/RSV-B/isolate_2/rep4_1.fq,data/reads_multi/Paramyxoviridae/RSV-B/isolate_2/rep4_2.fq,2,val
Paramyxoviridae__RSV-B__isolate2__rep5,Paramyxoviridae,7,RSV-B,3,2,5,data/reads_multi/Paramyxoviridae/RSV-B/isolate_2/rep5_1.fq,data/reads_multi/Paramyxoviridae/RSV-B/isolate_2/rep5_2.fq,2,val
Paramyxoviridae__RSV-B__isolate3__rep0,Paramyxoviridae,7,RSV-B,3,3,0,data/reads_multi/Paramyxoviridae/RSV-B/isolate_3/rep0_1.fq,data/reads_multi/Paramyxoviridae/RSV-B/isolate_3/rep0_2.fq,3,train
Paramyxoviridae__RSV-B__isolate3__rep1,Paramyxoviridae,7,RSV-B,3,3,1,data/reads_multi/Paramyxoviridae/RSV-B/isolate_3/rep1_1.fq,data/reads_multi/Paramyxoviridae/RSV-B/isolate_3/rep1_2.fq,3,train
Paramyxoviridae__RSV-B__isolate3__rep2,Paramyxoviridae,7,RSV-B,3,3,2,data/reads_multi/Paramyxoviridae/RSV-B/isolate_3/rep2_1.fq,data/reads_multi/Paramyxoviridae/RSV-B/isolate_3/rep2_2.fq,3,train
Paramyxoviridae__RSV-B__isolate3__rep3,Paramyxoviridae,7,RSV-B,3,3,3,data/reads_multi/Paramyxoviridae/RSV-B/isolate_3/rep3_1.fq,data/reads_multi/Paramyxoviridae/RSV-B/isolate_3/rep3_2.fq,3,train
Paramyxoviridae__RSV-B__isolate3__rep4,Paramyxoviridae,7,RSV-B,3,3,4,data/reads_multi/Paramyxoviridae/RSV-B/isolate_3/rep4_1.fq,data/reads_multi/Paramyxoviridae/RSV-B/isolate_3/rep4_2.fq,3,train
Paramyxoviridae__RSV-B__isolate3__rep5,Paramyxoviridae,7,RSV-B,3,3,5,data/reads_multi/Paramyxoviridae/RSV-B/isolate_3/rep5_1.fq,data/reads_multi/Paramyxoviridae/RSV-B/isolate_3/rep5_2.fq,3,train
Paramyxoviridae__RSV-B__isolate4__rep0,Paramyxoviridae,7,RSV-B,3,4,0,data/reads_multi/Paramyxoviridae/RSV-B/isolate_4/rep0_1.fq,data/reads_multi/Paramyxoviridae/RSV-B/isolate_4/rep0_2.fq,4,train
Paramyxoviridae__RSV-B__isolate4__rep1,Paramyxoviridae,7,RSV-B,3,4,1,data/reads_multi/Paramyxoviridae/RSV-B/isolate_4/rep1_1.fq,data/reads_multi/Paramyxoviridae/RSV-B/isolate_4/rep1_2.fq,4,train
Paramyxoviridae__RSV-B__isolate4__rep2,Paramyxoviridae,7,RSV-B,3,4,2,data/reads_multi/Paramyxoviridae/RSV-B/isolate_4/rep2_1.fq,data/reads_multi/Paramyxoviridae/RSV-B/isolate_4/rep2_2.fq,4,train
Paramyxoviridae__RSV-B__isolate4__rep3,Paramyxoviridae,7,RSV-B,3,4,3,data/reads_multi/Paramyxoviridae/RSV-B/isolate_4/rep3_1.fq,data/reads_multi/Paramyxoviridae/RSV-B/isolate_4/rep3_2.fq,4,train
Paramyxoviridae__RSV-B__isolate4__rep4,Paramyxoviridae,7,RSV-B,3,4,4,data/reads_multi/Paramyxoviridae/RSV-B/isolate_4/rep4_1.fq,data/reads_multi/Paramyxoviridae/RSV-B/isolate_4/rep4_2.fq,4,train
Paramyxoviridae__RSV-B__isolate4__rep5,Paramyxoviridae,7,RSV-B,3,4,5,data/reads_multi/Paramyxoviridae/RSV-B/isolate_4/rep5_1.fq,data/reads_multi/Paramyxoviridae/RSV-B/isolate_4/rep5_2.fq,4,train
Paramyxoviridae__RSV-B__isolate5__rep0,Paramyxoviridae,7,RSV-B,3,5,0,data/reads_multi/Paramyxoviridae/RSV-B/isolate_5/rep0_1.fq,data/reads_multi/Paramyxoviridae/RSV-B/isolate_5/rep0_2.fq,0,train
Paramyxoviridae__RSV-B__isolate5__rep1,Paramyxoviridae,7,RSV-B,3,5,1,data/reads_multi/Paramyxoviridae/RSV-B/isolate_5/rep1_1.fq,data/reads_multi/Paramyxoviridae/RSV-B/isolate_5/rep1_2.fq,0,train
Paramyxoviridae__RSV-B__isolate5__rep2,Paramyxoviridae,7,RSV-B,3,5,2,data/reads_multi/Paramyxoviridae/RSV-B/isolate_5/rep2_1.fq,data/reads_multi/Paramyxoviridae/RSV-B/isolate_5/rep2_2.fq,0,train
Paramyxoviridae__RSV-B__isolate5__rep3,Paramyxoviridae,7,RSV-B,3,5,3,data/reads_multi/Paramyxoviridae/RSV-B/isolate_5/rep3_1.fq,data/reads_multi/Paramyxoviridae/RSV-B/isolate_5/rep3_2.fq,0,train
Paramyxoviridae__RSV-B__isolate5__rep4,Paramyxoviridae,7,RSV-B,3,5,4,data/reads_multi/Paramyxoviridae/RSV-B/isolate_5/rep4_1.fq,data/reads_multi/Paramyxoviridae/RSV-B/isolate_5/rep4_2.fq,0,train
Paramyxoviridae__RSV-B__isolate5__rep5,Paramyxoviridae,7,RSV-B,3,5,5,data/reads_multi/Paramyxoviridae/RSV-B/isolate_5/rep5_1.fq,data/reads_multi/Paramyxoviridae/RSV-B/isolate_5/rep5_2.fq,0,train
Paramyxoviridae__RSV-B__isolate6__rep0,Paramyxoviridae,7,RSV-B,3,6,0,data/reads_multi/Paramyxoviridae/RSV-B/isolate_6/rep0_1.fq,data/reads_multi/Paramyxoviridae/RSV-B/isolate_6/rep0_2.fq,1,test
Paramyxoviridae__RSV-B__isolate6__rep1,Paramyxoviridae,7,RSV-B,3,6,1,data/reads_multi/Paramyxoviridae/RSV-B/isolate_6/rep1_1.fq,data/reads_multi/Paramyxoviridae/RSV-B/isolate_6/rep1_2.fq,1,test
Paramyxoviridae__RSV-B__isolate6__rep2,Paramyxoviridae,7,RSV-B,3,6,2,data/reads_multi/Paramyxoviridae/RSV-B/isolate_6/rep2_1.fq,data/reads_multi/Paramyxoviridae/RSV-B/isolate_6/rep2_2.fq,1,test
Paramyxoviridae__RSV-B__isolate6__rep3,Paramyxoviridae,7,RSV-B,3,6,3,data/reads_multi/Paramyxoviridae/RSV-B/isolate_6/rep3_1.fq,data/reads_multi/Paramyxoviridae/RSV-B/isolate_6/rep3_2.fq,1,test
Paramyxoviridae__RSV-B__isolate6__rep4,Paramyxoviridae,7,RSV-B,3,6,4,data/reads_multi/Paramyxoviridae/RSV-B/isolate_6/rep4_1.fq,data/reads_multi/Paramyxoviridae/RSV-B/isolate_6/rep4_2.fq,1,test
Paramyxoviridae__RSV-B__isolate6__rep5,Paramyxoviridae,7,RSV-B,3,6,5,data/reads_multi/Paramyxoviridae/RSV-B/isolate_6/rep5_1.fq,data/reads_multi/Paramyxoviridae/RSV-B/isolate_6/rep5_2.fq,1,test
Paramyxoviridae__RSV-B__isolate7__rep0,Paramyxoviridae,7,RSV-B,3,7,0,data/reads_multi/Paramyxoviridae/RSV-B/isolate_7/rep0_1.fq,data/reads_multi/Paramyxoviridae/RSV-B/isolate_7/rep0_2.fq,2,val
Paramyxoviridae__RSV-B__isolate7__rep1,Paramyxoviridae,7,RSV-B,3,7,1,data/reads_multi/Paramyxoviridae/RSV-B/isolate_7/rep1_1.fq,data/reads_multi/Paramyxoviridae/RSV-B/isolate_7/rep1_2.fq,2,val
Paramyxoviridae__RSV-B__isolate7__rep2,Paramyxoviridae,7,RSV-B,3,7,2,data/reads_multi/Paramyxoviridae/RSV-B/isolate_7/rep2_1.fq,data/reads_multi/Paramyxoviridae/RSV-B/isolate_7/rep2_2.fq,2,val
Paramyxoviridae__RSV-B__isolate7__rep3,Paramyxoviridae,7,RSV-B,3,7,3,data/reads_multi/Paramyxoviridae/RSV-B/isolate_7/rep3_1.fq,data/reads_multi/Paramyxoviridae/RSV-B/isolate_7/rep3_2.fq,2,val
Paramyxoviridae__RSV-B__isolate7__rep4,Paramyxoviridae,7,RSV-B,3,7,4,data/reads_multi/Paramyxoviridae/RSV-B/isolate_7/rep4_1.fq,data/reads_multi/Paramyxoviridae/RSV-B/isolate_7/rep4_2.fq,2,val
Paramyxoviridae__RSV-B__isolate7__rep5,Paramyxoviridae,7,RSV-B,3,7,5,data/reads_multi/Paramyxoviridae/RSV-B/isolate_7/rep5_1.fq,data/reads_multi/Paramyxoviridae/RSV-B/isolate_7/rep5_2.fq,2,val
Paramyxoviridae__RSV-B__isolate8__rep0,Paramyxoviridae,7,RSV-B,3,8,0,data/reads_multi/Paramyxoviridae/RSV-B/isolate_8/rep0_1.fq,data/reads_multi/Paramyxoviridae/RSV-B/isolate_8/rep0_2.fq,3,train
Paramyxoviridae__RSV-B__isolate8__rep1,Paramyxoviridae,7,RSV-B,3,8,1,data/reads_multi/Paramyxoviridae/RSV-B/isolate_8/rep1_1.fq,data/reads_multi/Paramyxoviridae/RSV-B/isolate_8/rep1_2.fq,3,train
Paramyxoviridae__RSV-B__isolate8__rep2,Paramyxoviridae,7,RSV-B,3,8,2,data/reads_multi/Paramyxoviridae/RSV-B/isolate_8/rep2_1.fq,data/reads_multi/Paramyxoviridae/RSV-B/isolate_8/rep2_2.fq,3,train
Paramyxoviridae__RSV-B__isolate8__rep3,Paramyxoviridae,7,RSV-B,3,8,3,data/reads_multi/Paramyxoviridae/RSV-B/isolate_8/rep3_1.fq,data/reads_multi/Paramyxoviridae/RSV-B/isolate_8/rep3_2.fq,3,train
Paramyxoviridae__RSV-B__isolate8__rep4,Paramyxoviridae,7,RSV-B,3,8,4,data/reads_multi/Paramyxoviridae/RSV-B/isolate_8/rep4_1.fq,data/reads_multi/Paramyxoviridae/RSV-B/isolate_8/rep4_2.fq,3,train
Paramyxoviridae__RSV-B__isolate8__rep5,Paramyxoviridae,7,RSV-B,3,8,5,data/reads_multi/Paramyxoviridae/RSV-B/isolate_8/rep5_1.fq,data/reads_multi/Paramyxoviridae/RSV-B/isolate_8/rep5_2.fq,3,train
Paramyxoviridae__RSV-B__isolate9__rep0,Paramyxoviridae,7,RSV-B,3,9,0,data/reads_multi/Paramyxoviridae/RSV-B/isolate_9/rep0_1.fq,data/reads_multi/Paramyxoviridae/RSV-B/isolate_9/rep0_2.fq,4,train
Paramyxoviridae__RSV-B__isolate9__rep1,Paramyxoviridae,7,RSV-B,3,9,1,data/reads_multi/Paramyxoviridae/RSV-B/isolate_9/rep1_1.fq,data/reads_multi/Paramyxoviridae/RSV-B/isolate_9/rep1_2.fq,4,train
Paramyxoviridae__RSV-B__isolate9__rep2,Paramyxoviridae,7,RSV-B,3,9,2,data/reads_multi/Paramyxoviridae/RSV-B/isolate_9/rep2_1.fq,data/reads_multi/Paramyxoviridae/RSV-B/isolate_9/rep2_2.fq,4,train
Paramyxoviridae__RSV-B__isolate9__rep3,Paramyxoviridae,7,RSV-B,3,9,3,data/reads_multi/Paramyxoviridae/RSV-B/isolate_9/rep3_1.fq,data/reads_multi/Paramyxoviridae/RSV-B/isolate_9/rep3_2.fq,4,train
Paramyxoviridae__RSV-B__isolate9__rep4,Paramyxoviridae,7,RSV-B,3,9,4,data/reads_multi/Paramyxoviridae/RSV-B/isolate_9/rep4_1.fq,data/reads_multi/Paramyxoviridae/RSV-B/isolate_9/rep4_2.fq,4,train
Paramyxoviridae__RSV-B__isolate9__rep5,Paramyxoviridae,7,RSV-B,3,9,5,data/reads_multi/Paramyxoviridae/RSV-B/isolate_9/rep5_1.fq,data/reads_multi/Paramyxoviridae/RSV-B/isolate_9/rep5_2.fq,4,train
Paramyxoviridae__Human-Parainfluenza-1__isolate0__rep0,Paramyxoviridae,7,Human-Parainfluenza-1,4,0,0,data/reads_multi/Paramyxoviridae/Human-Parainfluenza-1/isolate_0/rep0_1.fq,data/reads_multi/Paramyxoviridae/Human-Parainfluenza-1/isolate_0/rep0_2.fq,0,train
Paramyxoviridae__Human-Parainfluenza-1__isolate0__rep1,Paramyxoviridae,7,Human-Parainfluenza-1,4,0,1,data/reads_multi/Paramyxoviridae/Human-Parainfluenza-1/isolate_0/rep1_1.fq,data/reads_multi/Paramyxoviridae/Human-Parainfluenza-1/isolate_0/rep1_2.fq,0,train
Paramyxoviridae__Human-Parainfluenza-1__isolate0__rep2,Paramyxoviridae,7,Human-Parainfluenza-1,4,0,2,data/reads_multi/Paramyxoviridae/Human-Parainfluenza-1/isolate_0/rep2_1.fq,data/reads_multi/Paramyxoviridae/Human-Parainfluenza-1/isolate_0/rep2_2.fq,0,train
Paramyxoviridae__Human-Parainfluenza-1__isolate0__rep3,Paramyxoviridae,7,Human-Parainfluenza-1,4,0,3,data/reads_multi/Paramyxoviridae/Human-Parainfluenza-1/isolate_0/rep3_1.fq,data/reads_multi/Paramyxoviridae/Human-Parainfluenza-1/isolate_0/rep3_2.fq,0,train
Paramyxoviridae__Human-Parainfluenza-1__isolate0__rep4,Paramyxoviridae,7,Human-Parainfluenza-1,4,0,4,data/reads_multi/Paramyxoviridae/Human-Parainfluenza-1/isolate_0/rep4_1.fq,data/reads_multi/Paramyxoviridae/Human-Parainfluenza-1/isolate_0/rep4_2.fq,0,train
Paramyxoviridae__Human-Parainfluenza-1__isolate0__rep5,Paramyxoviridae,7,Human-Parainfluenza-1,4,0,5,data/reads_multi/Paramyxoviridae/Human-Parainfluenza-1/isolate_0/rep5_1.fq,data/reads_multi/Paramyxoviridae/Human-Parainfluenza-1/isolate_0/rep5_2.fq,0,train
Paramyxoviridae__Human-Parainfluenza-1__isolate1__rep0,Paramyxoviridae,7,Human-Parainfluenza-1,4,1,0,data/reads_multi/Paramyxoviridae/Human-Parainfluenza-1/isolate_1/rep0_1.fq,data/reads_multi/Paramyxoviridae/Human-Parainfluenza-1/isolate_1/rep0_2.fq,1,test
Paramyxoviridae__Human-Parainfluenza-1__isolate1__rep1,Paramyxoviridae,7,Human-Parainfluenza-1,4,1,1,data/reads_multi/Paramyxoviridae/Human-Parainfluenza-1/isolate_1/rep1_1.fq,data/reads_multi/Paramyxoviridae/Human-Parainfluenza-1/isolate_1/rep1_2.fq,1,test
Paramyxoviridae__Human-Parainfluenza-1__isolate1__rep2,Paramyxoviridae,7,Human-Parainfluenza-1,4,1,2,data/reads_multi/Paramyxoviridae/Human-Parainfluenza-1/isolate_1/rep2_1.fq,data/reads_multi/Paramyxoviridae/Human-Parainfluenza-1/isolate_1/rep2_2.fq,1,test
Paramyxoviridae__Human-Parainfluenza-1__isolate1__rep3,Paramyxoviridae,7,Human-Parainfluenza-1,4,1,3,data/reads_multi/Paramyxoviridae/Human-Parainfluenza-1/isolate_1/rep3_1.fq,data/reads_multi/Paramyxoviridae/Human-Parainfluenza-1/isolate_1/rep3_2.fq,1,test
Paramyxoviridae__Human-Parainfluenza-1__isolate1__rep4,Paramyxoviridae,7,Human-Parainfluenza-1,4,1,4,data/reads_multi/Paramyxoviridae/Human-Parainfluenza-1/isolate_1/rep4_1.fq,data/reads_multi/Paramyxoviridae/Human-Parainfluenza-1/isolate_1/rep4_2.fq,1,test
Paramyxoviridae__Human-Parainfluenza-1__isolate1__rep5,Paramyxoviridae,7,Human-Parainfluenza-1,4,1,5,data/reads_multi/Paramyxoviridae/Human-Parainfluenza-1/isolate_1/rep5_1.fq,data/reads_multi/Paramyxoviridae/Human-Parainfluenza-1/isolate_1/rep5_2.fq,1,test
Paramyxoviridae__Human-Parainfluenza-1__isolate2__rep0,Paramyxoviridae,7,Human-Parainfluenza-1,4,2,0,data/reads_multi/Paramyxoviridae/Human-Parainfluenza-1/isolate_2/rep0_1.fq,data/reads_multi/Paramyxoviridae/Human-Parainfluenza-1/isolate_2/rep0_2.fq,2,val
Paramyxoviridae__Human-Parainfluenza-1__isolate2__rep1,Paramyxoviridae,7,Human-Parainfluenza-1,4,2,1,data/reads_multi/Paramyxoviridae/Human-Parainfluenza-1/isolate_2/rep1_1.fq,data/reads_multi/Paramyxoviridae/Human-Parainfluenza-1/isolate_2/rep1_2.fq,2,val
Paramyxoviridae__Human-Parainfluenza-1__isolate2__rep2,Paramyxoviridae,7,Human-Parainfluenza-1,4,2,2,data/reads_multi/Paramyxoviridae/Human-Parainfluenza-1/isolate_2/rep2_1.fq,data/reads_multi/Paramyxoviridae/Human-Parainfluenza-1/isolate_2/rep2_2.fq,2,val
Paramyxoviridae__Human-Parainfluenza-1__isolate2__rep3,Paramyxoviridae,7,Human-Parainfluenza-1,4,2,3,data/reads_multi/Paramyxoviridae/Human-Parainfluenza-1/isolate_2/rep3_1.fq,data/reads_multi/Paramyxoviridae/Human-Parainfluenza-1/isolate_2/rep3_2.fq,2,val
Paramyxoviridae__Human-Parainfluenza-1__isolate2__rep4,Paramyxoviridae,7,Human-Parainfluenza-1,4,2,4,data/reads_multi/Paramyxoviridae/Human-Parainfluenza-1/isolate_2/rep4_1.fq,data/reads_multi/Paramyxoviridae/Human-Parainfluenza-1/isolate_2/rep4_2.fq,2,val
Paramyxoviridae__Human-Parainfluenza-1__isolate2__rep5,Paramyxoviridae,7,Human-Parainfluenza-1,4,2,5,data/reads_multi/Paramyxoviridae/Human-Parainfluenza-1/isolate_2/rep5_1.fq,data/reads_multi/Paramyxoviridae/Human-Parainfluenza-1/isolate_2/rep5_2.fq,2,val
Paramyxoviridae__Human-Parainfluenza-1__isolate3__rep0,Paramyxoviridae,7,Human-Parainfluenza-1,4,3,0,data/reads_multi/Paramyxoviridae/Human-Parainfluenza-1/isolate_3/rep0_1.fq,data/reads_multi/Paramyxoviridae/Human-Parainfluenza-1/isolate_3/rep0_2.fq,3,train
Paramyxoviridae__Human-Parainfluenza-1__isolate3__rep1,Paramyxoviridae,7,Human-Parainfluenza-1,4,3,1,data/reads_multi/Paramyxoviridae/Human-Parainfluenza-1/isolate_3/rep1_1.fq,data/reads_multi/Paramyxoviridae/Human-Parainfluenza-1/isolate_3/rep1_2.fq,3,train
Paramyxoviridae__Human-Parainfluenza-1__isolate3__rep2,Paramyxoviridae,7,Human-Parainfluenza-1,4,3,2,data/reads_multi/Paramyxoviridae/Human-Parainfluenza-1/isolate_3/rep2_1.fq,data/reads_multi/Paramyxoviridae/Human-Parainfluenza-1/isolate_3/rep2_2.fq,3,train
Paramyxoviridae__Human-Parainfluenza-1__isolate3__rep3,Paramyxoviridae,7,Human-Parainfluenza-1,4,3,3,data/reads_multi/Paramyxoviridae/Human-Parainfluenza-1/isolate_3/rep3_1.fq,data/reads_multi/Paramyxoviridae/Human-Parainfluenza-1/isolate_3/rep3_2.fq,3,train
Paramyxoviridae__Human-Parainfluenza-1__isolate3__rep4,Paramyxoviridae,7,Human-Parainfluenza-1,4,3,4,data/reads_multi/Paramyxoviridae/Human-Parainfluenza-1/isolate_3/rep4_1.fq,data/reads_multi/Paramyxoviridae/Human-Parainfluenza-1/isolate_3/rep4_2.fq,3,train
Paramyxoviridae__Human-Parainfluenza-1__isolate3__rep5,Paramyxoviridae,7,Human-Parainfluenza-1,4,3,5,data/reads_multi/Paramyxoviridae/Human-Parainfluenza-1/isolate_3/rep5_1.fq,data/reads_multi/Paramyxoviridae/Human-Parainfluenza-1/isolate_3/rep5_2.fq,3,train
Paramyxoviridae__Human-Parainfluenza-1__isolate4__rep0,Paramyxoviridae,7,Human-Parainfluenza-1,4,4,0,data/reads_multi/Paramyxoviridae/Human-Parainfluenza-1/isolate_4/rep0_1.fq,data/reads_multi/Paramyxoviridae/Human-Parainfluenza-1/isolate_4/rep0_2.fq,4,train
Paramyxoviridae__Human-Parainfluenza-1__isolate4__rep1,Paramyxoviridae,7,Human-Parainfluenza-1,4,4,1,data/reads_multi/Paramyxoviridae/Human-Parainfluenza-1/isolate_4/rep1_1.fq,data/reads_multi/Paramyxoviridae/Human-Parainfluenza-1/isolate_4/rep1_2.fq,4,train
Paramyxoviridae__Human-Parainfluenza-1__isolate4__rep2,Paramyxoviridae,7,Human-Parainfluenza-1,4,4,2,data/reads_multi/Paramyxoviridae/Human-Parainfluenza-1/isolate_4/rep2_1.fq,data/reads_multi/Paramyxoviridae/Human-Parainfluenza-1/isolate_4/rep2_2.fq,4,train
Paramyxoviridae__Human-Parainfluenza-1__isolate4__rep3,Paramyxoviridae,7,Human-Parainfluenza-1,4,4,3,data/reads_multi/Paramyxoviridae/Human-Parainfluenza-1/isolate_4/rep3_1.fq,data/reads_multi/Paramyxoviridae/Human-Parainfluenza-1/isolate_4/rep3_2.fq,4,train
Paramyxoviridae__Human-Parainfluenza-1__isolate4__rep4,Paramyxoviridae,7,Human-Parainfluenza-1,4,4,4,data/reads_multi/Paramyxoviridae/Human-Parainfluenza-1/isolate_4/rep4_1.fq,data/reads_multi/Paramyxoviridae/Human-Parainfluenza-1/isolate_4/rep4_2.fq,4,train
Paramyxoviridae__Human-Parainfluenza-1__isolate4__rep5,Paramyxoviridae,7,Human-Parainfluenza-1,4,4,5,data/reads_multi/Paramyxoviridae/Human-Parainfluenza-1/isolate_4/rep5_1.fq,data/reads_multi/Paramyxoviridae/Human-Parainfluenza-1/isolate_4/rep5_2.fq,4,train
Paramyxoviridae__Human-Parainfluenza-1__isolate5__rep0,Paramyxoviridae,7,Human-Parainfluenza-1,4,5,0,data/reads_multi/Paramyxoviridae/Human-Parainfluenza-1/isolate_5/rep0_1.fq,data/reads_multi/Paramyxoviridae/Human-Parainfluenza-1/isolate_5/rep0_2.fq,0,train
Paramyxoviridae__Human-Parainfluenza-1__isolate5__rep1,Paramyxoviridae,7,Human-Parainfluenza-1,4,5,1,data/reads_multi/Paramyxoviridae/Human-Parainfluenza-1/isolate_5/rep1_1.fq,data/reads_multi/Paramyxoviridae/Human-Parainfluenza-1/isolate_5/rep1_2.fq,0,train
Paramyxoviridae__Human-Parainfluenza-1__isolate5__rep2,Paramyxoviridae,7,Human-Parainfluenza-1,4,5,2,data/reads_multi/Paramyxoviridae/Human-Parainfluenza-1/isolate_5/rep2_1.fq,data/reads_multi/Paramyxoviridae/Human-Parainfluenza-1/isolate_5/rep2_2.fq,0,train
Paramyxoviridae__Human-Parainfluenza-1__isolate5__rep3,Paramyxoviridae,7,Human-Parainfluenza-1,4,5,3,data/reads_multi/Paramyxoviridae/Human-Parainfluenza-1/isolate_5/rep3_1.fq,data/reads_multi/Paramyxoviridae/Human-Parainfluenza-1/isolate_5/rep3_2.fq,0,train
Paramyxoviridae__Human-Parainfluenza-1__isolate5__rep4,Paramyxoviridae,7,Human-Parainfluenza-1,4,5,4,data/reads_multi/Paramyxoviridae/Human-Parainfluenza-1/isolate_5/rep4_1.fq,data/reads_multi/Paramyxoviridae/Human-Parainfluenza-1/isolate_5/rep4_2.fq,0,train
Paramyxoviridae__Human-Parainfluenza-1__isolate5__rep5,Paramyxoviridae,7,Human-Parainfluenza-1,4,5,5,data/reads_multi/Paramyxoviridae/Human-Parainfluenza-1/isolate_5/rep5_1.fq,data/reads_multi/Paramyxoviridae/Human-Parainfluenza-1/isolate_5/rep5_2.fq,0,train
Paramyxoviridae__Human-Parainfluenza-1__isolate6__rep0,Paramyxoviridae,7,Human-Parainfluenza-1,4,6,0,data/reads_multi/Paramyxoviridae/Human-Parainfluenza-1/isolate_6/rep0_1.fq,data/reads_multi/Paramyxoviridae/Human-Parainfluenza-1/isolate_6/rep0_2.fq,1,test
Paramyxoviridae__Human-Parainfluenza-1__isolate6__rep1,Paramyxoviridae,7,Human-Parainfluenza-1,4,6,1,data/reads_multi/Paramyxoviridae/Human-Parainfluenza-1/isolate_6/rep1_1.fq,data/reads_multi/Paramyxoviridae/Human-Parainfluenza-1/isolate_6/rep1_2.fq,1,test
Paramyxoviridae__Human-Parainfluenza-1__isolate6__rep2,Paramyxoviridae,7,Human-Parainfluenza-1,4,6,2,data/reads_multi/Paramyxoviridae/Human-Parainfluenza-1/isolate_6/rep2_1.fq,data/reads_multi/Paramyxoviridae/Human-Parainfluenza-1/isolate_6/rep2_2.fq,1,test
Paramyxoviridae__Human-Parainfluenza-1__isolate6__rep3,Paramyxoviridae,7,Human-Parainfluenza-1,4,6,3,data/reads_multi/Paramyxoviridae/Human-Parainfluenza-1/isolate_6/rep3_1.fq,data/reads_multi/Paramyxoviridae/Human-Parainfluenza-1/isolate_6/rep3_2.fq,1,test
Paramyxoviridae__Human-Parainfluenza-1__isolate6__rep4,Paramyxoviridae,7,Human-Parainfluenza-1,4,6,4,data/reads_multi/Paramyxoviridae/Human-Parainfluenza-1/isolate_6/rep4_1.fq,data/reads_multi/Paramyxoviridae/Human-Parainfluenza-1/isolate_6/rep4_2.fq,1,test
Paramyxoviridae__Human-Parainfluenza-1__isolate6__rep5,Paramyxoviridae,7,Human-Parainfluenza-1,4,6,5,data/reads_multi/Paramyxoviridae/Human-Parainfluenza-1/isolate_6/rep5_1.fq,data/reads_multi/Paramyxoviridae/Human-Parainfluenza-1/isolate_6/rep5_2.fq,1,test
Paramyxoviridae__Human-Parainfluenza-1__isolate7__rep0,Paramyxoviridae,7,Human-Parainfluenza-1,4,7,0,data/reads_multi/Paramyxoviridae/Human-Parainfluenza-1/isolate_7/rep0_1.fq,data/reads_multi/Paramyxoviridae/Human-Parainfluenza-1/isolate_7/rep0_2.fq,2,val
Paramyxoviridae__Human-Parainfluenza-1__isolate7__rep1,Paramyxoviridae,7,Human-Parainfluenza-1,4,7,1,data/reads_multi/Paramyxoviridae/Human-Parainfluenza-1/isolate_7/rep1_1.fq,data/reads_multi/Paramyxoviridae/Human-Parainfluenza-1/isolate_7/rep1_2.fq,2,val
Paramyxoviridae__Human-Parainfluenza-1__isolate7__rep2,Paramyxoviridae,7,Human-Parainfluenza-1,4,7,2,data/reads_multi/Paramyxoviridae/Human-Parainfluenza-1/isolate_7/rep2_1.fq,data/reads_multi/Paramyxoviridae/Human-Parainfluenza-1/isolate_7/rep2_2.fq,2,val
Paramyxoviridae__Human-Parainfluenza-1__isolate7__rep3,Paramyxoviridae,7,Human-Parainfluenza-1,4,7,3,data/reads_multi/Paramyxoviridae/Human-Parainfluenza-1/isolate_7/rep3_1.fq,data/reads_multi/Paramyxoviridae/Human-Parainfluenza-1/isolate_7/rep3_2.fq,2,val
Paramyxoviridae__Human-Parainfluenza-1__isolate7__rep4,Paramyxoviridae,7,Human-Parainfluenza-1,4,7,4,data/reads_multi/Paramyxoviridae/Human-Parainfluenza-1/isolate_7/rep4_1.fq,data/reads_multi/Paramyxoviridae/Human-Parainfluenza-1/isolate_7/rep4_2.fq,2,val
Paramyxoviridae__Human-Parainfluenza-1__isolate7__rep5,Paramyxoviridae,7,Human-Parainfluenza-1,4,7,5,data/reads_multi/Paramyxoviridae/Human-Parainfluenza-1/isolate_7/rep5_1.fq,data/reads_multi/Paramyxoviridae/Human-Parainfluenza-1/isolate_7/rep5_2.fq,2,val
Paramyxoviridae__Human-Parainfluenza-1__isolate8__rep0,Paramyxoviridae,7,Human-Parainfluenza-1,4,8,0,data/reads_multi/Paramyxoviridae/Human-Parainfluenza-1/isolate_8/rep0_1.fq,data/reads_multi/Paramyxoviridae/Human-Parainfluenza-1/isolate_8/rep0_2.fq,3,train
Paramyxoviridae__Human-Parainfluenza-1__isolate8__rep1,Paramyxoviridae,7,Human-Parainfluenza-1,4,8,1,data/reads_multi/Paramyxoviridae/Human-Parainfluenza-1/isolate_8/rep1_1.fq,data/reads_multi/Paramyxoviridae/Human-Parainfluenza-1/isolate_8/rep1_2.fq,3,train
Paramyxoviridae__Human-Parainfluenza-1__isolate8__rep2,Paramyxoviridae,7,Human-Parainfluenza-1,4,8,2,data/reads_multi/Paramyxoviridae/Human-Parainfluenza-1/isolate_8/rep2_1.fq,data/reads_multi/Paramyxoviridae/Human-Parainfluenza-1/isolate_8/rep2_2.fq,3,train
Paramyxoviridae__Human-Parainfluenza-1__isolate8__rep3,Paramyxoviridae,7,Human-Parainfluenza-1,4,8,3,data/reads_multi/Paramyxoviridae/Human-Parainfluenza-1/isolate_8/rep3_1.fq,data/reads_multi/Paramyxoviridae/Human-Parainfluenza-1/isolate_8/rep3_2.fq,3,train
Paramyxoviridae__Human-Parainfluenza-1__isolate8__rep4,Paramyxoviridae,7,Human-Parainfluenza-1,4,8,4,data/reads_multi/Paramyxoviridae/Human-Parainfluenza-1/isolate_8/rep4_1.fq,data/reads_multi/Paramyxoviridae/Human-Parainfluenza-1/isolate_8/rep4_2.fq,3,train
Paramyxoviridae__Human-Parainfluenza-1__isolate8__rep5,Paramyxoviridae,7,Human-Parainfluenza-1,4,8,5,data/reads_multi/Paramyxoviridae/Human-Parainfluenza-1/isolate_8/rep5_1.fq,data/reads_multi/Paramyxoviridae/Human-Parainfluenza-1/isolate_8/rep5_2.fq,3,train
Paramyxoviridae__Human-Parainfluenza-1__isolate9__rep0,Paramyxoviridae,7,Human-Parainfluenza-1,4,9,0,data/reads_multi/Paramyxoviridae/Human-Parainfluenza-1/isolate_9/rep0_1.fq,data/reads_multi/Paramyxoviridae/Human-Parainfluenza-1/isolate_9/rep0_2.fq,4,train
Paramyxoviridae__Human-Parainfluenza-1__isolate9__rep1,Paramyxoviridae,7,Human-Parainfluenza-1,4,9,1,data/reads_multi/Paramyxoviridae/Human-Parainfluenza-1/isolate_9/rep1_1.fq,data/reads_multi/Paramyxoviridae/Human-Parainfluenza-1/isolate_9/rep1_2.fq,4,train
Paramyxoviridae__Human-Parainfluenza-1__isolate9__rep2,Paramyxoviridae,7,Human-Parainfluenza-1,4,9,2,data/reads_multi/Paramyxoviridae/Human-Parainfluenza-1/isolate_9/rep2_1.fq,data/reads_multi/Paramyxoviridae/Human-Parainfluenza-1/isolate_9/rep2_2.fq,4,train
Paramyxoviridae__Human-Parainfluenza-1__isolate9__rep3,Paramyxoviridae,7,Human-Parainfluenza-1,4,9,3,data/reads_multi/Paramyxoviridae/Human-Parainfluenza-1/isolate_9/rep3_1.fq,data/reads_multi/Paramyxoviridae/Human-Parainfluenza-1/isolate_9/rep3_2.fq,4,train
Paramyxoviridae__Human-Parainfluenza-1__isolate9__rep4,Paramyxoviridae,7,Human-Parainfluenza-1,4,9,4,data/reads_multi/Paramyxoviridae/Human-Parainfluenza-1/isolate_9/rep4_1.fq,data/reads_multi/Paramyxoviridae/Human-Parainfluenza-1/isolate_9/rep4_2.fq,4,train
Paramyxoviridae__Human-Parainfluenza-1__isolate9__rep5,Paramyxoviridae,7,Human-Parainfluenza-1,4,9,5,data/reads_multi/Paramyxoviridae/Human-Parainfluenza-1/isolate_9/rep5_1.fq,data/reads_multi/Paramyxoviridae/Human-Parainfluenza-1/isolate_9/rep5_2.fq,4,train
Paramyxoviridae__Human-Parainfluenza-3__isolate0__rep0,Paramyxoviridae,7,Human-Parainfluenza-3,5,0,0,data/reads_multi/Paramyxoviridae/Human-Parainfluenza-3/isolate_0/rep0_1.fq,data/reads_multi/Paramyxoviridae/Human-Parainfluenza-3/isolate_0/rep0_2.fq,0,train
Paramyxoviridae__Human-Parainfluenza-3__isolate0__rep1,Paramyxoviridae,7,Human-Parainfluenza-3,5,0,1,data/reads_multi/Paramyxoviridae/Human-Parainfluenza-3/isolate_0/rep1_1.fq,data/reads_multi/Paramyxoviridae/Human-Parainfluenza-3/isolate_0/rep1_2.fq,0,train
Paramyxoviridae__Human-Parainfluenza-3__isolate0__rep2,Paramyxoviridae,7,Human-Parainfluenza-3,5,0,2,data/reads_multi/Paramyxoviridae/Human-Parainfluenza-3/isolate_0/rep2_1.fq,data/reads_multi/Paramyxoviridae/Human-Parainfluenza-3/isolate_0/rep2_2.fq,0,train
Paramyxoviridae__Human-Parainfluenza-3__isolate0__rep3,Paramyxoviridae,7,Human-Parainfluenza-3,5,0,3,data/reads_multi/Paramyxoviridae/Human-Parainfluenza-3/isolate_0/rep3_1.fq,data/reads_multi/Paramyxoviridae/Human-Parainfluenza-3/isolate_0/rep3_2.fq,0,train
Paramyxoviridae__Human-Parainfluenza-3__isolate0__rep4,Paramyxoviridae,7,Human-Parainfluenza-3,5,0,4,data/reads_multi/Paramyxoviridae/Human-Parainfluenza-3/isolate_0/rep4_1.fq,data/reads_multi/Paramyxoviridae/Human-Parainfluenza-3/isolate_0/rep4_2.fq,0,train
Paramyxoviridae__Human-Parainfluenza-3__isolate0__rep5,Paramyxoviridae,7,Human-Parainfluenza-3,5,0,5,data/reads_multi/Paramyxoviridae/Human-Parainfluenza-3/isolate_0/rep5_1.fq,data/reads_multi/Paramyxoviridae/Human-Parainfluenza-3/isolate_0/rep5_2.fq,0,train
Paramyxoviridae__Human-Parainfluenza-3__isolate1__rep0,Paramyxoviridae,7,Human-Parainfluenza-3,5,1,0,data/reads_multi/Paramyxoviridae/Human-Parainfluenza-3/isolate_1/rep0_1.fq,data/reads_multi/Paramyxoviridae/Human-Parainfluenza-3/isolate_1/rep0_2.fq,1,test
Paramyxoviridae__Human-Parainfluenza-3__isolate1__rep1,Paramyxoviridae,7,Human-Parainfluenza-3,5,1,1,data/reads_multi/Paramyxoviridae/Human-Parainfluenza-3/isolate_1/rep1_1.fq,data/reads_multi/Paramyxoviridae/Human-Parainfluenza-3/isolate_1/rep1_2.fq,1,test
Paramyxoviridae__Human-Parainfluenza-3__isolate1__rep2,Paramyxoviridae,7,Human-Parainfluenza-3,5,1,2,data/reads_multi/Paramyxoviridae/Human-Parainfluenza-3/isolate_1/rep2_1.fq,data/reads_multi/Paramyxoviridae/Human-Parainfluenza-3/isolate_1/rep2_2.fq,1,test
Paramyxoviridae__Human-Parainfluenza-3__isolate1__rep3,Paramyxoviridae,7,Human-Parainfluenza-3,5,1,3,data/reads_multi/Paramyxoviridae/Human-Parainfluenza-3/isolate_1/rep3_1.fq,data/reads_multi/Paramyxoviridae/Human-Parainfluenza-3/isolate_1/rep3_2.fq,1,test
Paramyxoviridae__Human-Parainfluenza-3__isolate1__rep4,Paramyxoviridae,7,Human-Parainfluenza-3,5,1,4,data/reads_multi/Paramyxoviridae/Human-Parainfluenza-3/isolate_1/rep4_1.fq,data/reads_multi/Paramyxoviridae/Human-Parainfluenza-3/isolate_1/rep4_2.fq,1,test
Paramyxoviridae__Human-Parainfluenza-3__isolate1__rep5,Paramyxoviridae,7,Human-Parainfluenza-3,5,1,5,data/reads_multi/Paramyxoviridae/Human-Parainfluenza-3/isolate_1/rep5_1.fq,data/reads_multi/Paramyxoviridae/Human-Parainfluenza-3/isolate_1/rep5_2.fq,1,test
Paramyxoviridae__Nipah__isolate0__rep0,Paramyxoviridae,7,Nipah,6,0,0,data/reads_multi/Paramyxoviridae/Nipah/isolate_0/rep0_1.fq,data/reads_multi/Paramyxoviridae/Nipah/isolate_0/rep0_2.fq,0,train
Paramyxoviridae__Nipah__isolate0__rep1,Paramyxoviridae,7,Nipah,6,0,1,data/reads_multi/Paramyxoviridae/Nipah/isolate_0/rep1_1.fq,data/reads_multi/Paramyxoviridae/Nipah/isolate_0/rep1_2.fq,0,train
Paramyxoviridae__Nipah__isolate0__rep2,Paramyxoviridae,7,Nipah,6,0,2,data/reads_multi/Paramyxoviridae/Nipah/isolate_0/rep2_1.fq,data/reads_multi/Paramyxoviridae/Nipah/isolate_0/rep2_2.fq,0,train
Paramyxoviridae__Nipah__isolate0__rep3,Paramyxoviridae,7,Nipah,6,0,3,data/reads_multi/Paramyxoviridae/Nipah/isolate_0/rep3_1.fq,data/reads_multi/Paramyxoviridae/Nipah/isolate_0/rep3_2.fq,0,train
Paramyxoviridae__Nipah__isolate0__rep4,Paramyxoviridae,7,Nipah,6,0,4,data/reads_multi/Paramyxoviridae/Nipah/isolate_0/rep4_1.fq,data/reads_multi/Paramyxoviridae/Nipah/isolate_0/rep4_2.fq,0,train
Paramyxoviridae__Nipah__isolate0__rep5,Paramyxoviridae,7,Nipah,6,0,5,data/reads_multi/Paramyxoviridae/Nipah/isolate_0/rep5_1.fq,data/reads_multi/Paramyxoviridae/Nipah/isolate_0/rep5_2.fq,0,train
Paramyxoviridae__Nipah__isolate1__rep0,Paramyxoviridae,7,Nipah,6,1,0,data/reads_multi/Paramyxoviridae/Nipah/isolate_1/rep0_1.fq,data/reads_multi/Paramyxoviridae/Nipah/isolate_1/rep0_2.fq,1,test
Paramyxoviridae__Nipah__isolate1__rep1,Paramyxoviridae,7,Nipah,6,1,1,data/reads_multi/Paramyxoviridae/Nipah/isolate_1/rep1_1.fq,data/reads_multi/Paramyxoviridae/Nipah/isolate_1/rep1_2.fq,1,test
Paramyxoviridae__Nipah__isolate1__rep2,Paramyxoviridae,7,Nipah,6,1,2,data/reads_multi/Paramyxoviridae/Nipah/isolate_1/rep2_1.fq,data/reads_multi/Paramyxoviridae/Nipah/isolate_1/rep2_2.fq,1,test
Paramyxoviridae__Nipah__isolate1__rep3,Paramyxoviridae,7,Nipah,6,1,3,data/reads_multi/Paramyxoviridae/Nipah/isolate_1/rep3_1.fq,data/reads_multi/Paramyxoviridae/Nipah/isolate_1/rep3_2.fq,1,test
Paramyxoviridae__Nipah__isolate1__rep4,Paramyxoviridae,7,Nipah,6,1,4,data/reads_multi/Paramyxoviridae/Nipah/isolate_1/rep4_1.fq,data/reads_multi/Paramyxoviridae/Nipah/isolate_1/rep4_2.fq,1,test
Paramyxoviridae__Nipah__isolate1__rep5,Paramyxoviridae,7,Nipah,6,1,5,data/reads_multi/Paramyxoviridae/Nipah/isolate_1/rep5_1.fq,data/reads_multi/Paramyxoviridae/Nipah/isolate_1/rep5_2.fq,1,test
Paramyxoviridae__Nipah__isolate2__rep0,Paramyxoviridae,7,Nipah,6,2,0,data/reads_multi/Paramyxoviridae/Nipah/isolate_2/rep0_1.fq,data/reads_multi/Paramyxoviridae/Nipah/isolate_2/rep0_2.fq,2,val
Paramyxoviridae__Nipah__isolate2__rep1,Paramyxoviridae,7,Nipah,6,2,1,data/reads_multi/Paramyxoviridae/Nipah/isolate_2/rep1_1.fq,data/reads_multi/Paramyxoviridae/Nipah/isolate_2/rep1_2.fq,2,val
Paramyxoviridae__Nipah__isolate2__rep2,Paramyxoviridae,7,Nipah,6,2,2,data/reads_multi/Paramyxoviridae/Nipah/isolate_2/rep2_1.fq,data/reads_multi/Paramyxoviridae/Nipah/isolate_2/rep2_2.fq,2,val
Paramyxoviridae__Nipah__isolate2__rep3,Paramyxoviridae,7,Nipah,6,2,3,data/reads_multi/Paramyxoviridae/Nipah/isolate_2/rep3_1.fq,data/reads_multi/Paramyxoviridae/Nipah/isolate_2/rep3_2.fq,2,val
Paramyxoviridae__Nipah__isolate2__rep4,Paramyxoviridae,7,Nipah,6,2,4,data/reads_multi/Paramyxoviridae/Nipah/isolate_2/rep4_1.fq,data/reads_multi/Paramyxoviridae/Nipah/isolate_2/rep4_2.fq,2,val
Paramyxoviridae__Nipah__isolate2__rep5,Paramyxoviridae,7,Nipah,6,2,5,data/reads_multi/Paramyxoviridae/Nipah/isolate_2/rep5_1.fq,data/reads_multi/Paramyxoviridae/Nipah/isolate_2/rep5_2.fq,2,val
Paramyxoviridae__Nipah__isolate3__rep0,Paramyxoviridae,7,Nipah,6,3,0,data/reads_multi/Paramyxoviridae/Nipah/isolate_3/rep0_1.fq,data/reads_multi/Paramyxoviridae/Nipah/isolate_3/rep0_2.fq,3,train
Paramyxoviridae__Nipah__isolate3__rep1,Paramyxoviridae,7,Nipah,6,3,1,data/reads_multi/Paramyxoviridae/Nipah/isolate_3/rep1_1.fq,data/reads_multi/Paramyxoviridae/Nipah/isolate_3/rep1_2.fq,3,train
Paramyxoviridae__Nipah__isolate3__rep2,Paramyxoviridae,7,Nipah,6,3,2,data/reads_multi/Paramyxoviridae/Nipah/isolate_3/rep2_1.fq,data/reads_multi/Paramyxoviridae/Nipah/isolate_3/rep2_2.fq,3,train
Paramyxoviridae__Nipah__isolate3__rep3,Paramyxoviridae,7,Nipah,6,3,3,data/reads_multi/Paramyxoviridae/Nipah/isolate_3/rep3_1.fq,data/reads_multi/Paramyxoviridae/Nipah/isolate_3/rep3_2.fq,3,train
Paramyxoviridae__Nipah__isolate3__rep4,Paramyxoviridae,7,Nipah,6,3,4,data/reads_multi/Paramyxoviridae/Nipah/isolate_3/rep4_1.fq,data/reads_multi/Paramyxoviridae/Nipah/isolate_3/rep4_2.fq,3,train
Paramyxoviridae__Nipah__isolate3__rep5,Paramyxoviridae,7,Nipah,6,3,5,data/reads_multi/Paramyxoviridae/Nipah/isolate_3/rep5_1.fq,data/reads_multi/Paramyxoviridae/Nipah/isolate_3/rep5_2.fq,3,train
Paramyxoviridae__Human-Metapneumovirus__isolate0__rep0,Paramyxoviridae,7,Human-Metapneumovirus,7,0,0,data/reads_multi/Paramyxoviridae/Human-Metapneumovirus/isolate_0/rep0_1.fq,data/reads_multi/Paramyxoviridae/Human-Metapneumovirus/isolate_0/rep0_2.fq,0,train
Paramyxoviridae__Human-Metapneumovirus__isolate0__rep1,Paramyxoviridae,7,Human-Metapneumovirus,7,0,1,data/reads_multi/Paramyxoviridae/Human-Metapneumovirus/isolate_0/rep1_1.fq,data/reads_multi/Paramyxoviridae/Human-Metapneumovirus/isolate_0/rep1_2.fq,0,train
Paramyxoviridae__Human-Metapneumovirus__isolate0__rep2,Paramyxoviridae,7,Human-Metapneumovirus,7,0,2,data/reads_multi/Paramyxoviridae/Human-Metapneumovirus/isolate_0/rep2_1.fq,data/reads_multi/Paramyxoviridae/Human-Metapneumovirus/isolate_0/rep2_2.fq,0,train
Paramyxoviridae__Human-Metapneumovirus__isolate0__rep3,Paramyxoviridae,7,Human-Metapneumovirus,7,0,3,data/reads_multi/Paramyxoviridae/Human-Metapneumovirus/isolate_0/rep3_1.fq,data/reads_multi/Paramyxoviridae/Human-Metapneumovirus/isolate_0/rep3_2.fq,0,train
Paramyxoviridae__Human-Metapneumovirus__isolate0__rep4,Paramyxoviridae,7,Human-Metapneumovirus,7,0,4,data/reads_multi/Paramyxoviridae/Human-Metapneumovirus/isolate_0/rep4_1.fq,data/reads_multi/Paramyxoviridae/Human-Metapneumovirus/isolate_0/rep4_2.fq,0,train
Paramyxoviridae__Human-Metapneumovirus__isolate0__rep5,Paramyxoviridae,7,Human-Metapneumovirus,7,0,5,data/reads_multi/Paramyxoviridae/Human-Metapneumovirus/isolate_0/rep5_1.fq,data/reads_multi/Paramyxoviridae/Human-Metapneumovirus/isolate_0/rep5_2.fq,0,train
Paramyxoviridae__Human-Metapneumovirus__isolate1__rep0,Paramyxoviridae,7,Human-Metapneumovirus,7,1,0,data/reads_multi/Paramyxoviridae/Human-Metapneumovirus/isolate_1/rep0_1.fq,data/reads_multi/Paramyxoviridae/Human-Metapneumovirus/isolate_1/rep0_2.fq,1,test
Paramyxoviridae__Human-Metapneumovirus__isolate1__rep1,Paramyxoviridae,7,Human-Metapneumovirus,7,1,1,data/reads_multi/Paramyxoviridae/Human-Metapneumovirus/isolate_1/rep1_1.fq,data/reads_multi/Paramyxoviridae/Human-Metapneumovirus/isolate_1/rep1_2.fq,1,test
Paramyxoviridae__Human-Metapneumovirus__isolate1__rep2,Paramyxoviridae,7,Human-Metapneumovirus,7,1,2,data/reads_multi/Paramyxoviridae/Human-Metapneumovirus/isolate_1/rep2_1.fq,data/reads_multi/Paramyxoviridae/Human-Metapneumovirus/isolate_1/rep2_2.fq,1,test
Paramyxoviridae__Human-Metapneumovirus__isolate1__rep3,Paramyxoviridae,7,Human-Metapneumovirus,7,1,3,data/reads_multi/Paramyxoviridae/Human-Metapneumovirus/isolate_1/rep3_1.fq,data/reads_multi/Paramyxoviridae/Human-Metapneumovirus/isolate_1/rep3_2.fq,1,test
Paramyxoviridae__Human-Metapneumovirus__isolate1__rep4,Paramyxoviridae,7,Human-Metapneumovirus,7,1,4,data/reads_multi/Paramyxoviridae/Human-Metapneumovirus/isolate_1/rep4_1.fq,data/reads_multi/Paramyxoviridae/Human-Metapneumovirus/isolate_1/rep4_2.fq,1,test
Paramyxoviridae__Human-Metapneumovirus__isolate1__rep5,Paramyxoviridae,7,Human-Metapneumovirus,7,1,5,data/reads_multi/Paramyxoviridae/Human-Metapneumovirus/isolate_1/rep5_1.fq,data/reads_multi/Paramyxoviridae/Human-Metapneumovirus/isolate_1/rep5_2.fq,1,test
Paramyxoviridae__Human-Metapneumovirus__isolate2__rep0,Paramyxoviridae,7,Human-Metapneumovirus,7,2,0,data/reads_multi/Paramyxoviridae/Human-Metapneumovirus/isolate_2/rep0_1.fq,data/reads_multi/Paramyxoviridae/Human-Metapneumovirus/isolate_2/rep0_2.fq,2,val
Paramyxoviridae__Human-Metapneumovirus__isolate2__rep1,Paramyxoviridae,7,Human-Metapneumovirus,7,2,1,data/reads_multi/Paramyxoviridae/Human-Metapneumovirus/isolate_2/rep1_1.fq,data/reads_multi/Paramyxoviridae/Human-Metapneumovirus/isolate_2/rep1_2.fq,2,val
Paramyxoviridae__Human-Metapneumovirus__isolate2__rep2,Paramyxoviridae,7,Human-Metapneumovirus,7,2,2,data/reads_multi/Paramyxoviridae/Human-Metapneumovirus/isolate_2/rep2_1.fq,data/reads_multi/Paramyxoviridae/Human-Metapneumovirus/isolate_2/rep2_2.fq,2,val
Paramyxoviridae__Human-Metapneumovirus__isolate2__rep3,Paramyxoviridae,7,Human-Metapneumovirus,7,2,3,data/reads_multi/Paramyxoviridae/Human-Metapneumovirus/isolate_2/rep3_1.fq,data/reads_multi/Paramyxoviridae/Human-Metapneumovirus/isolate_2/rep3_2.fq,2,val
Paramyxoviridae__Human-Metapneumovirus__isolate2__rep4,Paramyxoviridae,7,Human-Metapneumovirus,7,2,4,data/reads_multi/Paramyxoviridae/Human-Metapneumovirus/isolate_2/rep4_1.fq,data/reads_multi/Paramyxoviridae/Human-Metapneumovirus/isolate_2/rep4_2.fq,2,val
Paramyxoviridae__Human-Metapneumovirus__isolate2__rep5,Paramyxoviridae,7,Human-Metapneumovirus,7,2,5,data/reads_multi/Paramyxoviridae/Human-Metapneumovirus/isolate_2/rep5_1.fq,data/reads_multi/Paramyxoviridae/Human-Metapneumovirus/isolate_2/rep5_2.fq,2,val
Paramyxoviridae__Human-Metapneumovirus__isolate3__rep0,Paramyxoviridae,7,Human-Metapneumovirus,7,3,0,data/reads_multi/Paramyxoviridae/Human-Metapneumovirus/isolate_3/rep0_1.fq,data/reads_multi/Paramyxoviridae/Human-Metapneumovirus/isolate_3/rep0_2.fq,3,train
Paramyxoviridae__Human-Metapneumovirus__isolate3__rep1,Paramyxoviridae,7,Human-Metapneumovirus,7,3,1,data/reads_multi/Paramyxoviridae/Human-Metapneumovirus/isolate_3/rep1_1.fq,data/reads_multi/Paramyxoviridae/Human-Metapneumovirus/isolate_3/rep1_2.fq,3,train
Paramyxoviridae__Human-Metapneumovirus__isolate3__rep2,Paramyxoviridae,7,Human-Metapneumovirus,7,3,2,data/reads_multi/Paramyxoviridae/Human-Metapneumovirus/isolate_3/rep2_1.fq,data/reads_multi/Paramyxoviridae/Human-Metapneumovirus/isolate_3/rep2_2.fq,3,train
Paramyxoviridae__Human-Metapneumovirus__isolate3__rep3,Paramyxoviridae,7,Human-Metapneumovirus,7,3,3,data/reads_multi/Paramyxoviridae/Human-Metapneumovirus/isolate_3/rep3_1.fq,data/reads_multi/Paramyxoviridae/Human-Metapneumovirus/isolate_3/rep3_2.fq,3,train
Paramyxoviridae__Human-Metapneumovirus__isolate3__rep4,Paramyxoviridae,7,Human-Metapneumovirus,7,3,4,data/reads_multi/Paramyxoviridae/Human-Metapneumovirus/isolate_3/rep4_1.fq,data/reads_multi/Paramyxoviridae/Human-Metapneumovirus/isolate_3/rep4_2.fq,3,train
Paramyxoviridae__Human-Metapneumovirus__isolate3__rep5,Paramyxoviridae,7,Human-Metapneumovirus,7,3,5,data/reads_multi/Paramyxoviridae/Human-Metapneumovirus/isolate_3/rep5_1.fq,data/reads_multi/Paramyxoviridae/Human-Metapneumovirus/isolate_3/rep5_2.fq,3,train
Paramyxoviridae__Human-Metapneumovirus__isolate4__rep0,Paramyxoviridae,7,Human-Metapneumovirus,7,4,0,data/reads_multi/Paramyxoviridae/Human-Metapneumovirus/isolate_4/rep0_1.fq,data/reads_multi/Paramyxoviridae/Human-Metapneumovirus/isolate_4/rep0_2.fq,4,train
Paramyxoviridae__Human-Metapneumovirus__isolate4__rep1,Paramyxoviridae,7,Human-Metapneumovirus,7,4,1,data/reads_multi/Paramyxoviridae/Human-Metapneumovirus/isolate_4/rep1_1.fq,data/reads_multi/Paramyxoviridae/Human-Metapneumovirus/isolate_4/rep1_2.fq,4,train
Paramyxoviridae__Human-Metapneumovirus__isolate4__rep2,Paramyxoviridae,7,Human-Metapneumovirus,7,4,2,data/reads_multi/Paramyxoviridae/Human-Metapneumovirus/isolate_4/rep2_1.fq,data/reads_multi/Paramyxoviridae/Human-Metapneumovirus/isolate_4/rep2_2.fq,4,train
Paramyxoviridae__Human-Metapneumovirus__isolate4__rep3,Paramyxoviridae,7,Human-Metapneumovirus,7,4,3,data/reads_multi/Paramyxoviridae/Human-Metapneumovirus/isolate_4/rep3_1.fq,data/reads_multi/Paramyxoviridae/Human-Metapneumovirus/isolate_4/rep3_2.fq,4,train
Paramyxoviridae__Human-Metapneumovirus__isolate4__rep4,Paramyxoviridae,7,Human-Metapneumovirus,7,4,4,data/reads_multi/Paramyxoviridae/Human-Metapneumovirus/isolate_4/rep4_1.fq,data/reads_multi/Paramyxoviridae/Human-Metapneumovirus/isolate_4/rep4_2.fq,4,train
Paramyxoviridae__Human-Metapneumovirus__isolate4__rep5,Paramyxoviridae,7,Human-Metapneumovirus,7,4,5,data/reads_multi/Paramyxoviridae/Human-Metapneumovirus/isolate_4/rep5_1.fq,data/reads_multi/Paramyxoviridae/Human-Metapneumovirus/isolate_4/rep5_2.fq,4,train
Paramyxoviridae__Human-Metapneumovirus__isolate5__rep0,Paramyxoviridae,7,Human-Metapneumovirus,7,5,0,data/reads_multi/Paramyxoviridae/Human-Metapneumovirus/isolate_5/rep0_1.fq,data/reads_multi/Paramyxoviridae/Human-Metapneumovirus/isolate_5/rep0_2.fq,0,train
Paramyxoviridae__Human-Metapneumovirus__isolate5__rep1,Paramyxoviridae,7,Human-Metapneumovirus,7,5,1,data/reads_multi/Paramyxoviridae/Human-Metapneumovirus/isolate_5/rep1_1.fq,data/reads_multi/Paramyxoviridae/Human-Metapneumovirus/isolate_5/rep1_2.fq,0,train
Paramyxoviridae__Human-Metapneumovirus__isolate5__rep2,Paramyxoviridae,7,Human-Metapneumovirus,7,5,2,data/reads_multi/Paramyxoviridae/Human-Metapneumovirus/isolate_5/rep2_1.fq,data/reads_multi/Paramyxoviridae/Human-Metapneumovirus/isolate_5/rep2_2.fq,0,train
Paramyxoviridae__Human-Metapneumovirus__isolate5__rep3,Paramyxoviridae,7,Human-Metapneumovirus,7,5,3,data/reads_multi/Paramyxoviridae/Human-Metapneumovirus/isolate_5/rep3_1.fq,data/reads_multi/Paramyxoviridae/Human-Metapneumovirus/isolate_5/rep3_2.fq,0,train
Paramyxoviridae__Human-Metapneumovirus__isolate5__rep4,Paramyxoviridae,7,Human-Metapneumovirus,7,5,4,data/reads_multi/Paramyxoviridae/Human-Metapneumovirus/isolate_5/rep4_1.fq,data/reads_multi/Paramyxoviridae/Human-Metapneumovirus/isolate_5/rep4_2.fq,0,train
Paramyxoviridae__Human-Metapneumovirus__isolate5__rep5,Paramyxoviridae,7,Human-Metapneumovirus,7,5,5,data/reads_multi/Paramyxoviridae/Human-Metapneumovirus/isolate_5/rep5_1.fq,data/reads_multi/Paramyxoviridae/Human-Metapneumovirus/isolate_5/rep5_2.fq,0,train
Paramyxoviridae__Human-Metapneumovirus__isolate6__rep0,Paramyxoviridae,7,Human-Metapneumovirus,7,6,0,data/reads_multi/Paramyxoviridae/Human-Metapneumovirus/isolate_6/rep0_1.fq,data/reads_multi/Paramyxoviridae/Human-Metapneumovirus/isolate_6/rep0_2.fq,1,test
Paramyxoviridae__Human-Metapneumovirus__isolate6__rep1,Paramyxoviridae,7,Human-Metapneumovirus,7,6,1,data/reads_multi/Paramyxoviridae/Human-Metapneumovirus/isolate_6/rep1_1.fq,data/reads_multi/Paramyxoviridae/Human-Metapneumovirus/isolate_6/rep1_2.fq,1,test
Paramyxoviridae__Human-Metapneumovirus__isolate6__rep2,Paramyxoviridae,7,Human-Metapneumovirus,7,6,2,data/reads_multi/Paramyxoviridae/Human-Metapneumovirus/isolate_6/rep2_1.fq,data/reads_multi/Paramyxoviridae/Human-Metapneumovirus/isolate_6/rep2_2.fq,1,test
Paramyxoviridae__Human-Metapneumovirus__isolate6__rep3,Paramyxoviridae,7,Human-Metapneumovirus,7,6,3,data/reads_multi/Paramyxoviridae/Human-Metapneumovirus/isolate_6/rep3_1.fq,data/reads_multi/Paramyxoviridae/Human-Metapneumovirus/isolate_6/rep3_2.fq,1,test
Paramyxoviridae__Human-Metapneumovirus__isolate6__rep4,Paramyxoviridae,7,Human-Metapneumovirus,7,6,4,data/reads_multi/Paramyxoviridae/Human-Metapneumovirus/isolate_6/rep4_1.fq,data/reads_multi/Paramyxoviridae/Human-Metapneumovirus/isolate_6/rep4_2.fq,1,test
Paramyxoviridae__Human-Metapneumovirus__isolate6__rep5,Paramyxoviridae,7,Human-Metapneumovirus,7,6,5,data/reads_multi/Paramyxoviridae/Human-Metapneumovirus/isolate_6/rep5_1.fq,data/reads_multi/Paramyxoviridae/Human-Metapneumovirus/isolate_6/rep5_2.fq,1,test
Paramyxoviridae__Human-Metapneumovirus__isolate7__rep0,Paramyxoviridae,7,Human-Metapneumovirus,7,7,0,data/reads_multi/Paramyxoviridae/Human-Metapneumovirus/isolate_7/rep0_1.fq,data/reads_multi/Paramyxoviridae/Human-Metapneumovirus/isolate_7/rep0_2.fq,2,val
Paramyxoviridae__Human-Metapneumovirus__isolate7__rep1,Paramyxoviridae,7,Human-Metapneumovirus,7,7,1,data/reads_multi/Paramyxoviridae/Human-Metapneumovirus/isolate_7/rep1_1.fq,data/reads_multi/Paramyxoviridae/Human-Metapneumovirus/isolate_7/rep1_2.fq,2,val
Paramyxoviridae__Human-Metapneumovirus__isolate7__rep2,Paramyxoviridae,7,Human-Metapneumovirus,7,7,2,data/reads_multi/Paramyxoviridae/Human-Metapneumovirus/isolate_7/rep2_1.fq,data/reads_multi/Paramyxoviridae/Human-Metapneumovirus/isolate_7/rep2_2.fq,2,val
Paramyxoviridae__Human-Metapneumovirus__isolate7__rep3,Paramyxoviridae,7,Human-Metapneumovirus,7,7,3,data/reads_multi/Paramyxoviridae/Human-Metapneumovirus/isolate_7/rep3_1.fq,data/reads_multi/Paramyxoviridae/Human-Metapneumovirus/isolate_7/rep3_2.fq,2,val
Paramyxoviridae__Human-Metapneumovirus__isolate7__rep4,Paramyxoviridae,7,Human-Metapneumovirus,7,7,4,data/reads_multi/Paramyxoviridae/Human-Metapneumovirus/isolate_7/rep4_1.fq,data/reads_multi/Paramyxoviridae/Human-Metapneumovirus/isolate_7/rep4_2.fq,2,val
Paramyxoviridae__Human-Metapneumovirus__isolate7__rep5,Paramyxoviridae,7,Human-Metapneumovirus,7,7,5,data/reads_multi/Paramyxoviridae/Human-Metapneumovirus/isolate_7/rep5_1.fq,data/reads_multi/Paramyxoviridae/Human-Metapneumovirus/isolate_7/rep5_2.fq,2,val
Paramyxoviridae__Human-Metapneumovirus__isolate8__rep0,Paramyxoviridae,7,Human-Metapneumovirus,7,8,0,data/reads_multi/Paramyxoviridae/Human-Metapneumovirus/isolate_8/rep0_1.fq,data/reads_multi/Paramyxoviridae/Human-Metapneumovirus/isolate_8/rep0_2.fq,3,train
Paramyxoviridae__Human-Metapneumovirus__isolate8__rep1,Paramyxoviridae,7,Human-Metapneumovirus,7,8,1,data/reads_multi/Paramyxoviridae/Human-Metapneumovirus/isolate_8/rep1_1.fq,data/reads_multi/Paramyxoviridae/Human-Metapneumovirus/isolate_8/rep1_2.fq,3,train
Paramyxoviridae__Human-Metapneumovirus__isolate8__rep2,Paramyxoviridae,7,Human-Metapneumovirus,7,8,2,data/reads_multi/Paramyxoviridae/Human-Metapneumovirus/isolate_8/rep2_1.fq,data/reads_multi/Paramyxoviridae/Human-Metapneumovirus/isolate_8/rep2_2.fq,3,train
Paramyxoviridae__Human-Metapneumovirus__isolate8__rep3,Paramyxoviridae,7,Human-Metapneumovirus,7,8,3,data/reads_multi/Paramyxoviridae/Human-Metapneumovirus/isolate_8/rep3_1.fq,data/reads_multi/Paramyxoviridae/Human-Metapneumovirus/isolate_8/rep3_2.fq,3,train
Paramyxoviridae__Human-Metapneumovirus__isolate8__rep4,Paramyxoviridae,7,Human-Metapneumovirus,7,8,4,data/reads_multi/Paramyxoviridae/Human-Metapneumovirus/isolate_8/rep4_1.fq,data/reads_multi/Paramyxoviridae/Human-Metapneumovirus/isolate_8/rep4_2.fq,3,train
Paramyxoviridae__Human-Metapneumovirus__isolate8__rep5,Paramyxoviridae,7,Human-Metapneumovirus,7,8,5,data/reads_multi/Paramyxoviridae/Human-Metapneumovirus/isolate_8/rep5_1.fq,data/reads_multi/Paramyxoviridae/Human-Metapneumovirus/isolate_8/rep5_2.fq,3,train
Paramyxoviridae__Human-Metapneumovirus__isolate9__rep0,Paramyxoviridae,7,Human-Metapneumovirus,7,9,0,data/reads_multi/Paramyxoviridae/Human-Metapneumovirus/isolate_9/rep0_1.fq,data/reads_multi/Paramyxoviridae/Human-Metapneumovirus/isolate_9/rep0_2.fq,4,train
Paramyxoviridae__Human-Metapneumovirus__isolate9__rep1,Paramyxoviridae,7,Human-Metapneumovirus,7,9,1,data/reads_multi/Paramyxoviridae/Human-Metapneumovirus/isolate_9/rep1_1.fq,data/reads_multi/Paramyxoviridae/Human-Metapneumovirus/isolate_9/rep1_2.fq,4,train
Paramyxoviridae__Human-Metapneumovirus__isolate9__rep2,Paramyxoviridae,7,Human-Metapneumovirus,7,9,2,data/reads_multi/Paramyxoviridae/Human-Metapneumovirus/isolate_9/rep2_1.fq,data/reads_multi/Paramyxoviridae/Human-Metapneumovirus/isolate_9/rep2_2.fq,4,train
Paramyxoviridae__Human-Metapneumovirus__isolate9__rep3,Paramyxoviridae,7,Human-Metapneumovirus,7,9,3,data/reads_multi/Paramyxoviridae/Human-Metapneumovirus/isolate_9/rep3_1.fq,data/reads_multi/Paramyxoviridae/Human-Metapneumovirus/isolate_9/rep3_2.fq,4,train
Paramyxoviridae__Human-Metapneumovirus__isolate9__rep4,Paramyxoviridae,7,Human-Metapneumovirus,7,9,4,data/reads_multi/Paramyxoviridae/Human-Metapneumovirus/isolate_9/rep4_1.fq,data/reads_multi/Paramyxoviridae/Human-Metapneumovirus/isolate_9/rep4_2.fq,4,train
Paramyxoviridae__Human-Metapneumovirus__isolate9__rep5,Paramyxoviridae,7,Human-Metapneumovirus,7,9,5,data/reads_multi/Paramyxoviridae/Human-Metapneumovirus/isolate_9/rep5_1.fq,data/reads_multi/Paramyxoviridae/Human-Metapneumovirus/isolate_9/rep5_2.fq,4,train
