family,family_idx,variant,variant_idx,organism,title_keyword,accession,length,defline,fasta_path,note,isolate_idx,fold
Coronaviridae,0,SARS-CoV-2,0,Severe acute respiratory syndrome coronavirus 2,,1798174254,29903,"NC_045512.2 Severe acute respiratory syndrome coronavirus 2 isolate Wuhan-Hu-1, complete genome",data/refs/Coronaviridae/SARS-CoV-2/isolate_0.fasta,,0,0
Coronaviridae,0,SARS-CoV-2,0,Severe acute respiratory syndrome coronavirus 2,,3356549772,29862,"OZ492125.1 Severe acute respiratory syndrome coronavirus 2 genome assembly, complete genome: monopartite",data/refs/Coronaviridae/SARS-CoV-2/isolate_1.fasta,,1,1
Coronaviridae,0,SARS-CoV-2,0,Severe acute respiratory syndrome coronavirus 2,,3356549771,29850,"OZ492124.1 Severe acute respiratory syndrome coronavirus 2 genome assembly, complete genome: monopartite",data/refs/Coronaviridae/SARS-CoV-2/isolate_2.fasta,,2,2
Coronaviridae,0,SARS-CoV-2,0,Severe acute respiratory syndrome coronavirus 2,,3356549770,29844,"OZ492123.1 Severe acute respiratory syndrome coronavirus 2 genome assembly, complete genome: monopartite",data/refs/Coronaviridae/SARS-CoV-2/isolate_3.fasta,,3,3
Coronaviridae,0,SARS-CoV-2,0,Severe acute respiratory syndrome coronavirus 2,,3356549769,29844,"OZ492122.1 Severe acute respiratory syndrome coronavirus 2 genome assembly, complete genome: monopartite",data/refs/Coronaviridae/SARS-CoV-2/isolate_4.fasta,,4,4
Coronaviridae,0,SARS-CoV-2,0,Severe acute respiratory syndrome coronavirus 2,,3356549768,29850,"OZ492121.1 Severe acute respiratory syndrome coronavirus 2 genome assembly, complete genome: monopartite",data/refs/Coronaviridae/SARS-CoV-2/isolate_5.fasta,,5,0
Coronaviridae,0,SARS-CoV-2,0,Severe acute respiratory syndrome coronavirus 2,,3356549767,29862,"OZ492120.1 Severe acute respiratory syndrome coronavirus 2 genome assembly, complete genome: monopartite",data/refs/Coronaviridae/SARS-CoV-2/isolate_6.fasta,,6,1
Coronaviridae,0,SARS-CoV-2,0,Severe acute respiratory syndrome coronavirus 2,,3356549766,29862,"OZ492119.1 Severe acute respiratory syndrome coronavirus 2 genome assembly, complete genome: monopartite",data/refs/Coronaviridae/SARS-CoV-2/isolate_7.fasta,,7,2
Coronaviridae,0,SARS-CoV-2,0,Severe acute respiratory syndrome coronavirus 2,,3356549765,29850,"OZ492118.1 Severe acute respiratory syndrome coronavirus 2 genome assembly, complete genome: monopartite",data/refs/Coronaviridae/SARS-CoV-2/isolate_8.fasta,,8,3
Coronaviridae,0,SARS-CoV-2,0,Severe acute respiratory syndrome coronavirus 2,,3356549764,29862,"OZ492117.1 Severe acute respiratory syndrome coronavirus 2 genome assembly, complete genome: monopartite",data/refs/Coronaviridae/SARS-CoV-2/isolate_9.fasta,,9,4
Coronaviridae,0,SARS-CoV-1,1,SARS coronavirus,complete genome,30271926,29751,"NC_004718.3 SARS coronavirus Tor2, complete genome",data/refs/Coronaviridae/SARS-CoV-1/isolate_0.fasta,,0,0
Coronaviridae,0,SARS-CoV-1,1,SARS coronavirus,complete genome,404325900,29646,"JX163928.1 SARS coronavirus Tor2 isolate Tor2/FP1-10895, complete genome",data/refs/Coronaviridae/SARS-CoV-1/isolate_1.fasta,,1,1
Coronaviridae,0,SARS-CoV-1,1,SARS coronavirus,complete genome,404325885,29646,"JX163927.1 SARS coronavirus Tor2 isolate Tor2/FP1-10851, complete genome",data/refs/Coronaviridae/SARS-CoV-1/isolate_2.fasta,,2,2
Coronaviridae,0,SARS-CoV-1,1,SARS coronavirus,complete genome,404325870,29646,"JX163926.1 SARS coronavirus Tor2 isolate Tor2/FP1-10912, complete genome",data/refs/Coronaviridae/SARS-CoV-1/isolate_3.fasta,,3,3
Coronaviridae,0,SARS-CoV-1,1,SARS coronavirus,complete genome,404325855,29646,"JX163925.1 SARS coronavirus Tor2 isolate Tor2/FP1-10895, complete genome",data/refs/Coronaviridae/SARS-CoV-1/isolate_4.fasta,,4,4
Coronaviridae,0,SARS-CoV-1,1,SARS coronavirus,complete genome,404325840,29646,"JX163924.1 SARS coronavirus Tor2 isolate Tor2/FP1-10851, complete genome",data/refs/Coronaviridae/SARS-CoV-1/isolate_5.fasta,,5,0
Coronaviridae,0,SARS-CoV-1,1,SARS coronavirus,complete genome,404325825,29646,"JX163923.1 SARS coronavirus Tor2 isolate Tor2/FP1-10912, complete genome",data/refs/Coronaviridae/SARS-CoV-1/isolate_6.fasta,,6,1
Coronaviridae,0,SARS-CoV-1,1,SARS coronavirus,complete genome,42563758,29739,"AY545919.1 SARS coronavirus isolate CFB/SZ/94/03, complete genome",data/refs/Coronaviridae/SARS-CoV-1/isolate_7.fasta,,7,2
Coronaviridae,0,SARS-CoV-1,1,SARS coronavirus,complete genome,42563755,29737,"AY545918.1 SARS coronavirus isolate HC/GZ/32/03, complete genome",data/refs/Coronaviridae/SARS-CoV-1/isolate_8.fasta,,8,3
Coronaviridae,0,SARS-CoV-1,1,SARS coronavirus,complete genome,42563753,29739,"AY545917.1 SARS coronavirus isolate HC/GZ/81/03, complete genome",data/refs/Coronaviridae/SARS-CoV-1/isolate_9.fasta,,9,4
Coronaviridae,0,MERS-CoV,2,Middle East respiratory syndrome-related coronavirus,,667489388,30119,"NC_019843.3 Middle East respiratory syndrome-related coronavirus isolate HCoV-EMC/2012, complete genome",data/refs/Coronaviridae/MERS-CoV/isolate_0.fasta,,0,0
Coronaviridae,0,MERS-CoV,2,Middle East respiratory syndrome-related coronavirus,,3336054397,30118,"PZ439299.1 Middle East respiratory syndrome-related coronavirus isolate MERS-CoV/Camel/Kazakhstan/12/2025, complete genome",data/refs/Coronaviridae/MERS-CoV/isolate_1.fasta,,1,1
Coronaviridae,0,MERS-CoV,2,Middle East respiratory syndrome-related coronavirus,,3331960555,29890,"PZ397813.1 Middle East respiratory syndrome-related coronavirus isolate 025192655101, partial genome",data/refs/Coronaviridae/MERS-CoV/isolate_2.fasta,,2,2
Coronaviridae,0,MERS-CoV,2,Middle East respiratory syndrome-related coronavirus,,3129182603,29988,"PX660034.1 Middle East respiratory syndrome-related coronavirus isolate 025188840901RBS1, complete genome",data/refs/Coronaviridae/MERS-CoV/isolate_3.fasta,,3,3
Coronaviridae,0,MERS-CoV,2,Middle East respiratory syndrome-related coronavirus,,2925762487,30051,PV239413.1 UNVERIFIED: Middle East respiratory syndrome-related coronavirus isolate MERS-CoV/dromedary camel/Egypt/STM0244/2023 sequence,data/refs/Coronaviridae/MERS-CoV/isolate_4.fasta,,4,4
Coronaviridae,0,MERS-CoV,2,Middle East respiratory syndrome-related coronavirus,,2925762486,29985,PV239412.1 UNVERIFIED: Middle East respiratory syndrome-related coronavirus isolate MERS-CoV/dromedary camel/Egypt/STM0200/2023 sequence,data/refs/Coronaviridae/MERS-CoV/isolate_5.fasta,,5,0
Coronaviridae,0,MERS-CoV,2,Middle East respiratory syndrome-related coronavirus,,2925762485,30001,PV239411.1 UNVERIFIED: Middle East respiratory syndrome-related coronavirus isolate MERS-CoV/dromedary camel/Egypt/STM0199/2023 sequence,data/refs/Coronaviridae/MERS-CoV/isolate_6.fasta,,6,1
Coronaviridae,0,MERS-CoV,2,Middle East respiratory syndrome-related coronavirus,,2925762484,29995,PV239410.1 UNVERIFIED: Middle East respiratory syndrome-related coronavirus isolate MERS-CoV/dromedary camel/Egypt/STM0198/2023 sequence,data/refs/Coronaviridae/MERS-CoV/isolate_7.fasta,,7,2
Coronaviridae,0,MERS-CoV,2,Middle East respiratory syndrome-related coronavirus,,2925762483,29994,PV239409.1 UNVERIFIED: Middle East respiratory syndrome-related coronavirus isolate MERS-CoV/dromedary camel/Egypt/STM0191/2023 sequence,data/refs/Coronaviridae/MERS-CoV/isolate_8.fasta,,8,3
Coronaviridae,0,MERS-CoV,2,Middle East respiratory syndrome-related coronavirus,,2925762482,29998,PV239408.1 UNVERIFIED: Middle East respiratory syndrome-related coronavirus isolate MERS-CoV/dromedary camel/Egypt/STM0190/2023 sequence,data/refs/Coronaviridae/MERS-CoV/isolate_9.fasta,,9,4
Coronaviridae,0,HCoV-229E,3,Human coronavirus 229E,,12175745,27317,"NC_002645.1 Human coronavirus 229E, complete genome",data/refs/Coronaviridae/HCoV-229E/isolate_0.fasta,,0,0
Coronaviridae,0,HCoV-229E,3,Human coronavirus 229E,,3342271145,27277,"PZ496046.1 UNVERIFIED: Human coronavirus 229E isolate HCoV-229E_INS001/LOR/PER/2025, partial genome",data/refs/Coronaviridae/HCoV-229E/isolate_1.fasta,,1,1
Coronaviridae,0,HCoV-229E,3,Human coronavirus 229E,,3332198490,27295,PX404513.1 MAG: Human coronavirus 229E isolate HCoV-229E/human/ARG/8RSPER0094/2022 genomic sequence,data/refs/Coronaviridae/HCoV-229E/isolate_2.fasta,,2,2
Coronaviridae,0,HCoV-229E,3,Human coronavirus 229E,,2121306165,27263,"LC654445.1 Human coronavirus 229E Fukushima_H829_2020 RNA, complete genome",data/refs/Coronaviridae/HCoV-229E/isolate_3.fasta,,3,3
Coronaviridae,0,HCoV-229E,3,Human coronavirus 229E,,3333278330,27300,"OZ470519.1 Human coronavirus 229E isolate RNA genome assembly, complete genome: monopartite",data/refs/Coronaviridae/HCoV-229E/isolate_4.fasta,,4,4
Coronaviridae,0,HCoV-229E,3,Human coronavirus 229E,,3333278329,27304,"OZ470518.1 Human coronavirus 229E isolate RNA genome assembly, complete genome: monopartite",data/refs/Coronaviridae/HCoV-229E/isolate_5.fasta,,5,0
Coronaviridae,0,HCoV-229E,3,Human coronavirus 229E,,3260662277,27306,"LC922646.1 Human coronavirus 229E HCoV229E_Shiogama_SSP028_2024 RNA, complete genome",data/refs/Coronaviridae/HCoV-229E/isolate_6.fasta,,6,1
Coronaviridae,0,HCoV-229E,3,Human coronavirus 229E,,3254709139,26738,PZ086308.1 UNVERIFIED: Human coronavirus 229E isolate hCoV-229E/Russia/SPE-RII-1891S/2025 genomic sequence,data/refs/Coronaviridae/HCoV-229E/isolate_7.fasta,,7,2
Coronaviridae,0,HCoV-229E,3,Human coronavirus 229E,,3254709138,27278,PZ086307.1 UNVERIFIED: Human coronavirus 229E isolate hCoV-229E/Russia/SPE-RII-24-3915S/2025 genomic sequence,data/refs/Coronaviridae/HCoV-229E/isolate_8.fasta,,8,3
Coronaviridae,0,HCoV-229E,3,Human coronavirus 229E,,3254709130,27180,"PZ086306.1 Human coronavirus 229E isolate hCoV-229E/Russia/KHM-RII-MH261675S/2025, partial genome",data/refs/Coronaviridae/HCoV-229E/isolate_9.fasta,,9,4
Coronaviridae,0,HCoV-NL63,4,Human coronavirus NL63,,49169782,27553,"NC_005831.2 Human Coronavirus NL63, complete genome",data/refs/Coronaviridae/HCoV-NL63/isolate_0.fasta,,0,0
Coronaviridae,0,HCoV-NL63,4,Human coronavirus NL63,,2278964265,27529,"LC720428.1 Human coronavirus NL63 HCoVNL63_Fukushima_O650_2019 RNA, nearly complete genome",data/refs/Coronaviridae/HCoV-NL63/isolate_1.fasta,,1,1
Coronaviridae,0,HCoV-NL63,4,Human coronavirus NL63,,2203293797,27550,"LC687402.1 Human coronavirus NL63 Fukushima_OR236_2021 RNA, complete genome",data/refs/Coronaviridae/HCoV-NL63/isolate_2.fasta,,2,2
Coronaviridae,0,HCoV-NL63,4,Human coronavirus NL63,,2203293727,27563,"LC687394.1 Human coronavirus NL63 Fukushima_H257_2018 RNA, complete genome",data/refs/Coronaviridae/HCoV-NL63/isolate_3.fasta,,3,3
Coronaviridae,0,HCoV-NL63,4,Human coronavirus NL63,,3075526240,27488,"LC895504.1 Human coronavirus NL63 NL63/Yamagata.JPN/2016-854 RNA, nearly complete genome",data/refs/Coronaviridae/HCoV-NL63/isolate_4.fasta,,4,4
Coronaviridae,0,HCoV-NL63,4,Human coronavirus NL63,,3260662451,27535,"LC922677.1 Human coronavirus NL63 HCoVNL63_Fukushima_OH988_2025 RNA, complete genome",data/refs/Coronaviridae/HCoV-NL63/isolate_5.fasta,,5,0
Coronaviridae,0,HCoV-NL63,4,Human coronavirus NL63,,3260662443,27535,"LC922676.1 Human coronavirus NL63 HCoVNL63_Fukushima_OH973_2025 RNA, complete genome",data/refs/Coronaviridae/HCoV-NL63/isolate_6.fasta,,6,1
Coronaviridae,0,HCoV-NL63,4,Human coronavirus NL63,,3260662344,27535,"LC922664.1 Human coronavirus NL63 HCoVNL63_Fukushima_OH878_2025 RNA, complete genome",data/refs/Coronaviridae/HCoV-NL63/isolate_7.fasta,,7,2
Coronaviridae,0,HCoV-NL63,4,Human coronavirus NL63,,3260662336,27535,"LC922663.1 Human coronavirus NL63 HCoVNL63_Fukushima_OH868_2025 RNA, complete genome",data/refs/Coronaviridae/HCoV-NL63/isolate_8.fasta,,8,3
Coronaviridae,0,HCoV-NL63,4,Human coronavirus NL63,,3126447038,27553,"PX640308.1 Human coronavirus NL63 isolate srw003, complete genome",data/refs/Coronaviridae/HCoV-NL63/isolate_9.fasta,,9,4
Coronaviridae,0,HCoV-OC43,5,Human coronavirus OC43,,1578871709,30741,"NC_006213.1 Human coronavirus OC43 strain ATCC VR-759, complete genome",data/refs/Coronaviridae/HCoV-OC43/isolate_0.fasta,,0,0
Coronaviridae,0,HCoV-OC43,5,Human coronavirus OC43,,3342271138,30738,"PZ496039.1 UNVERIFIED: Human coronavirus OC43 isolate HCoV-OC43_INS001/LOR/PER/2025, partial genome",data/refs/Coronaviridae/HCoV-OC43/isolate_1.fasta,,1,1
Coronaviridae,0,HCoV-OC43,5,Human coronavirus OC43,,3019634590,30780,PV798440.1 UNVERIFIED: Human coronavirus OC43 isolate 21_S6 sequence,data/refs/Coronaviridae/HCoV-OC43/isolate_2.fasta,,2,2
Coronaviridae,0,HCoV-OC43,5,Human coronavirus OC43,,3019634589,30737,PV798439.1 UNVERIFIED: Human coronavirus OC43 isolate 20_S8 sequence,data/refs/Coronaviridae/HCoV-OC43/isolate_3.fasta,,3,3
Coronaviridae,0,HCoV-OC43,5,Human coronavirus OC43,,3019634588,30797,PV798438.1 UNVERIFIED: Human coronavirus OC43 isolate 19_S5 sequence,data/refs/Coronaviridae/HCoV-OC43/isolate_4.fasta,,4,4
Coronaviridae,0,HCoV-OC43,5,Human coronavirus OC43,,3019634577,30683,"PV798437.1 Human coronavirus OC43 isolate 18_S7, complete genome",data/refs/Coronaviridae/HCoV-OC43/isolate_5.fasta,,5,0
Coronaviridae,0,HCoV-OC43,5,Human coronavirus OC43,,3019634576,30752,PV798436.1 UNVERIFIED: Human coronavirus OC43 isolate 17_S4 sequence,data/refs/Coronaviridae/HCoV-OC43/isolate_6.fasta,,6,1
Coronaviridae,0,HCoV-OC43,5,Human coronavirus OC43,,3019634565,30639,"PV798435.1 Human coronavirus OC43 isolate 16_S6, complete genome",data/refs/Coronaviridae/HCoV-OC43/isolate_7.fasta,,7,2
Coronaviridae,0,HCoV-OC43,5,Human coronavirus OC43,,3019634564,30795,PV798434.1 UNVERIFIED: Human coronavirus OC43 isolate 13_S5 sequence,data/refs/Coronaviridae/HCoV-OC43/isolate_8.fasta,,8,3
Coronaviridae,0,HCoV-OC43,5,Human coronavirus OC43,,3019634553,30736,"PV798433.1 Human coronavirus OC43 isolate 12_S3, complete genome",data/refs/Coronaviridae/HCoV-OC43/isolate_9.fasta,,9,4
Coronaviridae,0,HCoV-HKU1,6,Human coronavirus HKU1,,85667876,29926,"NC_006577.2 Human coronavirus HKU1, complete genome",data/refs/Coronaviridae/HCoV-HKU1/isolate_0.fasta,,0,0
Coronaviridae,0,HCoV-HKU1,6,Human coronavirus HKU1,,2978467840,29803,"PV619111.1 Human coronavirus HKU1 isolate HKU1A/1587-Passage2-NasalOrganoids, complete genome",data/refs/Coronaviridae/HCoV-HKU1/isolate_1.fasta,,1,1
Coronaviridae,0,HCoV-HKU1,6,Human coronavirus HKU1,,2978467830,29777,"PV619110.1 Human coronavirus HKU1 isolate HKU1B/6025K-Passage2-NasalOrganoids, complete genome",data/refs/Coronaviridae/HCoV-HKU1/isolate_2.fasta,,2,2
Coronaviridae,0,HCoV-HKU1,6,Human coronavirus HKU1,,3342271284,29742,"PZ436647.1 Human coronavirus HKU1 isolate hCoV-HKU1/Russia/SPE-RII-132S/2017, partial genome",data/refs/Coronaviridae/HCoV-HKU1/isolate_3.fasta,,3,3
Coronaviridae,0,HCoV-HKU1,6,Human coronavirus HKU1,,3342271274,29756,"PZ436646.1 Human coronavirus HKU1 isolate hCoV-HKU1/Russia/SPE-RII-214S/2019, partial genome",data/refs/Coronaviridae/HCoV-HKU1/isolate_4.fasta,,4,4
Coronaviridae,0,HCoV-HKU1,6,Human coronavirus HKU1,,3342271273,29746,PZ436645.1 UNVERIFIED: Human coronavirus HKU1 isolate hCoV-HKU1/Russia/SPE-RII-277S/2019 genomic sequence,data/refs/Coronaviridae/HCoV-HKU1/isolate_5.fasta,,5,0
Coronaviridae,0,HCoV-HKU1,6,Human coronavirus HKU1,,3342271263,29734,"PZ436644.1 Human coronavirus HKU1 isolate hCoV-HKU1/Russia/SPE-RII-8371S/2023, partial genome",data/refs/Coronaviridae/HCoV-HKU1/isolate_6.fasta,,6,1
Coronaviridae,0,HCoV-HKU1,6,Human coronavirus HKU1,,3342271253,29873,"PZ436643.1 Human coronavirus HKU1 isolate hCoV-HKU1/Russia/SPE-RII-22304S/2023, partial genome",data/refs/Coronaviridae/HCoV-HKU1/isolate_7.fasta,,7,2
Coronaviridae,0,HCoV-HKU1,6,Human coronavirus HKU1,,3342271252,29827,PZ436642.1 UNVERIFIED: Human coronavirus HKU1 isolate hCoV-HKU1/Russia/SPE-RII-MH158613S/2023 genomic sequence,data/refs/Coronaviridae/HCoV-HKU1/isolate_8.fasta,,8,3
Coronaviridae,0,HCoV-HKU1,6,Human coronavirus HKU1,,3342271242,29853,"PZ436641.1 Human coronavirus HKU1 isolate hCoV-HKU1/Russia/MOW-RII-MH144703S/2023, partial genome",data/refs/Coronaviridae/HCoV-HKU1/isolate_9.fasta,,9,4
Flaviviridae,1,Dengue-1,0,Dengue virus 1,,9626685,10735,"NC_001477.1 Dengue virus 1, complete genome",data/refs/Flaviviridae/Dengue-1/isolate_0.fasta,,0,0
Flaviviridae,1,Dengue-1,0,Dengue virus 1,,3352960926,10645,"PZ602941.1 Dengue virus type 1 isolate 7406/2025 D1 polyprotein (POLY) gene, complete cds; and sfRNA1 lncRNA gene, partial sequence",data/refs/Flaviviridae/Dengue-1/isolate_1.fasta,,1,1
Flaviviridae,1,Dengue-1,0,Dengue virus 1,,3352960677,10677,"PZ602905.1 Dengue virus type 1 isolate 5627/2025 D1 polyprotein (POLY) gene, complete cds; and sfRNA1 lncRNA gene, partial sequence",data/refs/Flaviviridae/Dengue-1/isolate_2.fasta,,2,2
Flaviviridae,1,Dengue-1,0,Dengue virus 1,,3260459189,10621,"PZ234918.1 Dengue virus type 1 isolate SZBA_DV20250128 polyprotein (POLY) gene, complete cds; and sfRNA1 lncRNA gene, partial sequence",data/refs/Flaviviridae/Dengue-1/isolate_3.fasta,,3,3
Flaviviridae,1,Dengue-1,0,Dengue virus 1,,3260459181,10514,"PZ234914.1 Dengue virus type 1 isolate SZBA_DV20240621 polyprotein (POLY) gene, complete cds; and sfRNA1 lncRNA gene, partial sequence",data/refs/Flaviviridae/Dengue-1/isolate_4.fasta,,4,4
Flaviviridae,1,Dengue-1,0,Dengue virus 1,,3260459179,10539,"PZ234913.1 Dengue virus type 1 isolate SZBA_DV20240620 polyprotein (POLY) gene, complete cds; and sfRNA1 lncRNA gene, partial sequence",data/refs/Flaviviridae/Dengue-1/isolate_5.fasta,,5,0
Flaviviridae,1,Dengue-1,0,Dengue virus 1,,3260459177,10539,"PZ234912.1 Dengue virus type 1 isolate SZBA_DV20240619 polyprotein (POLY) gene, complete cds; and sfRNA1 lncRNA gene, partial sequence",data/refs/Flaviviridae/Dengue-1/isolate_6.fasta,,6,1
Flaviviridae,1,Dengue-1,0,Dengue virus 1,,3260459175,10539,"PZ234911.1 Dengue virus type 1 isolate SZBA_DV20240610 polyprotein (POLY) gene, complete cds; and sfRNA1 lncRNA gene, partial sequence",data/refs/Flaviviridae/Dengue-1/isolate_7.fasta,,7,2
Flaviviridae,1,Dengue-1,0,Dengue virus 1,,3260459173,10539,"PZ234910.1 Dengue virus type 1 isolate SZBA_DV20240607 polyprotein (POLY) gene, complete cds; and sfRNA1 lncRNA gene, partial sequence",data/refs/Flaviviridae/Dengue-1/isolate_8.fasta,,8,3
Flaviviridae,1,Dengue-1,0,Dengue virus 1,,3260459171,10533,"PZ234909.1 Dengue virus type 1 isolate SZBA_DV20240602 polyprotein (POLY) gene, complete cds; and sfRNA1 lncRNA gene, partial sequence",data/refs/Flaviviridae/Dengue-1/isolate_9.fasta,,9,4
Flaviviridae,1,Dengue-2,1,Dengue virus 2,,158976983,10723,"NC_001474.2 Dengue virus 2, complete genome",data/refs/Flaviviridae/Dengue-2/isolate_0.fasta,,0,0
Flaviviridae,1,Dengue-2,1,Dengue virus 2,,3352961960,10598,"PZ603444.1 Dengue virus type 2 isolate 3842/2025 polyprotein (POLY) gene, complete cds; and sfRNA1 lncRNA gene, partial sequence",data/refs/Flaviviridae/Dengue-2/isolate_1.fasta,,1,1
Flaviviridae,1,Dengue-2,1,Dengue virus 2,,3352961956,10562,"PZ603442.1 Dengue virus type 2 isolate 1430/2026 polyprotein (POLY) gene, complete cds; and sfRNA1 lncRNA gene, partial sequence",data/refs/Flaviviridae/Dengue-2/isolate_2.fasta,,2,2
Flaviviridae,1,Dengue-2,1,Dengue virus 2,,3260459187,10669,"PZ234917.1 Dengue virus type 2 isolate SZBA_DV20250057 polyprotein (POLY) gene, complete cds; and sfRNA1 lncRNA gene, partial sequence",data/refs/Flaviviridae/Dengue-2/isolate_3.fasta,,3,3
Flaviviridae,1,Dengue-2,1,Dengue virus 2,,3260459185,10561,"PZ234916.1 Dengue virus type 2 isolate SZBA_DV20250053 polyprotein (POLY) gene, complete cds; and sfRNA1 lncRNA gene, partial sequence",data/refs/Flaviviridae/Dengue-2/isolate_4.fasta,,4,4
Flaviviridae,1,Dengue-2,1,Dengue virus 2,,3260459183,10482,"PZ234915.1 Dengue virus type 2 isolate SZBA_DV20250008 polyprotein (POLY) gene, complete cds; and sfRNA1 lncRNA gene, partial sequence",data/refs/Flaviviridae/Dengue-2/isolate_5.fasta,,5,0
Flaviviridae,1,Dengue-2,1,Dengue virus 2,,3260459157,10680,"PZ234902.1 Dengue virus type 2 isolate SZBA_DV20240097 polyprotein (POLY) gene, complete cds; and sfRNA1 lncRNA gene, partial sequence",data/refs/Flaviviridae/Dengue-2/isolate_6.fasta,,6,1
Flaviviridae,1,Dengue-2,1,Dengue virus 2,,3260459155,10718,"PZ234901.1 Dengue virus type 2 isolate SZBA_DV20240094 polyprotein (POLY) gene, complete cds; and sfRNA1 lncRNA gene, complete sequence",data/refs/Flaviviridae/Dengue-2/isolate_7.fasta,,7,2
Flaviviridae,1,Dengue-2,1,Dengue virus 2,,3260459153,10680,"PZ234900.1 Dengue virus type 2 isolate SZBA_DV20240069 polyprotein (POLY) gene, complete cds; and sfRNA1 lncRNA gene, partial sequence",data/refs/Flaviviridae/Dengue-2/isolate_8.fasta,,8,3
Flaviviridae,1,Dengue-2,1,Dengue virus 2,,3260459151,10688,"PZ234899.1 Dengue virus type 2 isolate SZBA_DV20240068 polyprotein (POLY) gene, complete cds; and sfRNA1 lncRNA gene, partial sequence",data/refs/Flaviviridae/Dengue-2/isolate_9.fasta,,9,4
Flaviviridae,1,Dengue-3,2,Dengue virus 3,,163644368,10707,"NC_001475.2 Dengue virus 3, complete genome",data/refs/Flaviviridae/Dengue-3/isolate_0.fasta,,0,0
Flaviviridae,1,Dengue-3,2,Dengue virus 3,,3353459308,9911,"LC773256.1 Dengue virus type 3 24A_STP_2022 gene for polyprotein, partial cds",data/refs/Flaviviridae/Dengue-3/isolate_1.fasta,,1,1
Flaviviridae,1,Dengue-3,2,Dengue virus 3,,3353459302,9911,"LC773253.1 Dengue virus type 3 14A_STP_2022 gene for polyprotein, partial cds",data/refs/Flaviviridae/Dengue-3/isolate_2.fasta,,2,2
Flaviviridae,1,Dengue-3,2,Dengue virus 3,,3349352692,10637,"PZ546417.1 Dengue virus type 3 isolate JX202501 polyprotein (POLY) gene, complete cds; and sfRNA1 lncRNA gene, partial sequence",data/refs/Flaviviridae/Dengue-3/isolate_3.fasta,,3,3
Flaviviridae,1,Dengue-3,2,Dengue virus 3,,3345073329,10640,"PZ516052.1 Dengue virus type 3 isolate Pool polyprotein (POLY) gene, complete cds; and sfRNA1 lncRNA gene, partial sequence",data/refs/Flaviviridae/Dengue-3/isolate_4.fasta,,4,4
Flaviviridae,1,Dengue-3,2,Dengue virus 3,,3349480136,10461,"OZ484517.1 dengue virus type 3 isolate IEDCR-ARBV2500903 genome assembly, complete genome: monopartite",data/refs/Flaviviridae/Dengue-3/isolate_5.fasta,,5,0
Flaviviridae,1,Dengue-3,2,Dengue virus 3,,3349480135,10461,"OZ484516.1 dengue virus type 3 isolate IEDCR-ARBV2501063 genome assembly, complete genome: monopartite",data/refs/Flaviviridae/Dengue-3/isolate_6.fasta,,6,1
Flaviviridae,1,Dengue-3,2,Dengue virus 3,,3349480134,10461,"OZ484515.1 dengue virus type 3 isolate IEDCR-ARBV2501071 genome assembly, complete genome: monopartite",data/refs/Flaviviridae/Dengue-3/isolate_7.fasta,,7,2
Flaviviridae,1,Dengue-3,2,Dengue virus 3,,3349480132,10461,"OZ484513.1 dengue virus type 3 isolate IEDCR-ARBV2501003 genome assembly, complete genome: monopartite",data/refs/Flaviviridae/Dengue-3/isolate_8.fasta,,8,3
Flaviviridae,1,Dengue-3,2,Dengue virus 3,,3349480119,10461,"OZ484500.1 dengue virus type 3 isolate IEDCR-ARBV2501038 genome assembly, complete genome: monopartite",data/refs/Flaviviridae/Dengue-3/isolate_9.fasta,,9,4
Flaviviridae,1,Dengue-4,3,Dengue virus 4,,12084822,10649,"NC_002640.1 Dengue virus 4, complete genome",data/refs/Flaviviridae/Dengue-4/isolate_0.fasta,,0,0
Flaviviridae,1,Dengue-4,3,Dengue virus 4,,3349480123,10511,"OZ484504.1 dengue virus type 4 isolate IEDCR-ARBV2501018 genome assembly, complete genome: monopartite",data/refs/Flaviviridae/Dengue-4/isolate_1.fasta,,1,1
Flaviviridae,1,Dengue-4,3,Dengue virus 4,,3349480122,10511,"OZ484503.1 dengue virus type 4 isolate IEDCR-ARBV2500972 genome assembly, complete genome: monopartite",data/refs/Flaviviridae/Dengue-4/isolate_2.fasta,,2,2
Flaviviridae,1,Dengue-4,3,Dengue virus 4,,3199409383,10648,"PZ049732.1 Dengue virus type 4 isolate KMSLABD4, complete genome",data/refs/Flaviviridae/Dengue-4/isolate_3.fasta,,3,3
Flaviviridae,1,Dengue-4,3,Dengue virus 4,,3101597498,10649,"PX480447.1 Dengue virus type 4 isolate D20-0259, complete genome",data/refs/Flaviviridae/Dengue-4/isolate_4.fasta,,4,4
Flaviviridae,1,Dengue-4,3,Dengue virus 4,,3101597496,10649,"PX480446.1 Dengue virus type 4 isolate D20-0040, complete genome",data/refs/Flaviviridae/Dengue-4/isolate_5.fasta,,5,0
Flaviviridae,1,Dengue-4,3,Dengue virus 4,,3101597494,10649,"PX480445.1 Dengue virus type 4 isolate D19-2229, complete genome",data/refs/Flaviviridae/Dengue-4/isolate_6.fasta,,6,1
Flaviviridae,1,Dengue-4,3,Dengue virus 4,,3101597492,10649,"PX480444.1 Dengue virus type 4 isolate D19-1649, complete genome",data/refs/Flaviviridae/Dengue-4/isolate_7.fasta,,7,2
Flaviviridae,1,Dengue-4,3,Dengue virus 4,,3101597490,10649,"PX480443.1 Dengue virus type 4 isolate D19-1286, complete genome",data/refs/Flaviviridae/Dengue-4/isolate_8.fasta,,8,3
Flaviviridae,1,Dengue-4,3,Dengue virus 4,,3101597488,10649,"PX480442.1 Dengue virus type 4 isolate D18-2040, complete genome",data/refs/Flaviviridae/Dengue-4/isolate_9.fasta,,9,4
Flaviviridae,1,Zika,4,Zika virus,,226377833,10794,"NC_012532.1 Zika virus strain MR 766, complete genome",data/refs/Flaviviridae/Zika/isolate_0.fasta,,0,0
Flaviviridae,1,Zika,4,Zika virus,,1245709111,10808,"NC_035889.1 Zika virus isolate ZIKV/H. sapiens/Brazil/Natal/2015, complete genome",data/refs/Flaviviridae/Zika/isolate_1.fasta,,1,1
Flaviviridae,1,Zika,4,Zika virus,,2894813785,10272,"PV012995.1 Zika virus isolate ZKA-24-021 polyprotein (POLY) gene, complete cds",data/refs/Flaviviridae/Zika/isolate_2.fasta,,2,2
Flaviviridae,1,Zika,4,Zika virus,,2894813783,10272,"PV012994.1 Zika virus isolate ZKA-23-012 polyprotein (POLY) gene, complete cds",data/refs/Flaviviridae/Zika/isolate_3.fasta,,3,3
Flaviviridae,1,Zika,4,Zika virus,,3332198478,10744,PX404510.1 MAG: Zika virus isolate ZIKV/human/HON/36ARB0134/2016 genomic sequence,data/refs/Flaviviridae/Zika/isolate_4.fasta,,4,4
Flaviviridae,1,Zika,4,Zika virus,,3332198463,10645,PX404503.1 MAG: Zika virus isolate ZIKV/human/HON/36ARB0132/2016 genomic sequence,data/refs/Flaviviridae/Zika/isolate_5.fasta,,5,0
Flaviviridae,1,Zika,4,Zika virus,,3332198461,10856,PX404502.1 MAG: Zika virus isolate ZIKV/human/HON/36ARB0104/2016 genomic sequence,data/refs/Flaviviridae/Zika/isolate_6.fasta,,6,1
Flaviviridae,1,Zika,4,Zika virus,,3332198459,10732,PX404501.1 MAG: Zika virus isolate ZIKV/human/HON/36ARB0053/2016 genomic sequence,data/refs/Flaviviridae/Zika/isolate_7.fasta,,7,2
Flaviviridae,1,Zika,4,Zika virus,,3332198457,10732,PX404500.1 MAG: Zika virus isolate ZIKV/human/HON/36ARB0050/2016 genomic sequence,data/refs/Flaviviridae/Zika/isolate_8.fasta,,8,3
Flaviviridae,1,Zika,4,Zika virus,,3332198359,10711,PX404475.1 MAG: Zika virus isolate ZIKV/human/HON/36ARB0068/2016 genomic sequence,data/refs/Flaviviridae/Zika/isolate_9.fasta,,9,4
Flaviviridae,1,West-Nile,5,West Nile virus,,158516887,11029,"NC_009942.1 West Nile virus lineage 1, complete genome",data/refs/Flaviviridae/West-Nile/isolate_0.fasta,,0,0
Flaviviridae,1,West-Nile,5,West Nile virus,,11528013,10962,"NC_001563.2 West Nile virus lineage 2, complete genome",data/refs/Flaviviridae/West-Nile/isolate_1.fasta,,1,1
Flaviviridae,1,West-Nile,5,West Nile virus,,3353263804,10781,"PZ437308.1 West Nile virus isolate WNV/USA/WAPHL-261540/2017 polyprotein (POLY) gene, complete cds",data/refs/Flaviviridae/West-Nile/isolate_2.fasta,,2,2
Flaviviridae,1,West-Nile,5,West Nile virus,,3353263802,10782,"PZ437307.1 West Nile virus isolate WNV/USA/WAPHL-539603/2017 polyprotein (POLY) gene, complete cds",data/refs/Flaviviridae/West-Nile/isolate_3.fasta,,3,3
Flaviviridae,1,West-Nile,5,West Nile virus,,3353263800,10685,"PZ437306.1 West Nile virus isolate WNV/USA/WAPHL-258489/2016 polyprotein (POLY) gene, partial cds",data/refs/Flaviviridae/West-Nile/isolate_4.fasta,,4,4
Flaviviridae,1,West-Nile,5,West Nile virus,,3353263798,10009,"PZ437305.1 West Nile virus isolate WNV/USA/WAPHL-881690/2016 polyprotein (POLY) gene, partial cds",data/refs/Flaviviridae/West-Nile/isolate_5.fasta,,5,0
Flaviviridae,1,West-Nile,5,West Nile virus,,3353263796,10810,"PZ437304.1 West Nile virus isolate WNV/USA/WAPHL-344577/2024 polyprotein (POLY) gene, complete cds",data/refs/Flaviviridae/West-Nile/isolate_6.fasta,,6,1
Flaviviridae,1,West-Nile,5,West Nile virus,,3332198430,10301,PX404496.1 MAG: West Nile virus isolate WNV/human/S000024444 genomic sequence,data/refs/Flaviviridae/West-Nile/isolate_7.fasta,,7,2
Flaviviridae,1,West-Nile,5,West Nile virus,,3332198428,10425,PX404495.1 MAG: West Nile virus isolate WNV/human/S000023990 genomic sequence,data/refs/Flaviviridae/West-Nile/isolate_8.fasta,,8,3
Flaviviridae,1,West-Nile,5,West Nile virus,,3101874170,11000,"PV693361.1 West Nile virus isolate W2024#238 polyprotein gene, complete cds",data/refs/Flaviviridae/West-Nile/isolate_9.fasta,,9,4
Flaviviridae,1,Yellow-Fever,6,Yellow fever virus,,9627244,10862,"NC_002031.1 Yellow fever virus, complete genome",data/refs/Flaviviridae/Yellow-Fever/isolate_0.fasta,,0,0
Flaviviridae,1,Yellow-Fever,6,Yellow fever virus,,3137249312,10859,"PX766933.1 Yellow fever virus clone TYF5617, complete genome",data/refs/Flaviviridae/Yellow-Fever/isolate_1.fasta,,1,1
Flaviviridae,1,Yellow-Fever,6,Yellow fever virus,,3137249308,10859,"PX766931.1 Yellow fever virus clone TYF5683, complete genome",data/refs/Flaviviridae/Yellow-Fever/isolate_2.fasta,,2,2
Flaviviridae,1,Yellow-Fever,6,Yellow fever virus,,3137249306,10856,"PX766930.1 Yellow fever virus clone TYF5687b, complete genome",data/refs/Flaviviridae/Yellow-Fever/isolate_3.fasta,,3,3
Flaviviridae,1,Yellow-Fever,6,Yellow fever virus,,3137249304,10760,"PX766929.1 Yellow fever virus clone TYF5614, complete genome",data/refs/Flaviviridae/Yellow-Fever/isolate_4.fasta,,4,4
Flaviviridae,1,Yellow-Fever,6,Yellow fever virus,,3137249302,10861,"PX766928.1 Yellow fever virus clone TYF5687a, complete genome",data/refs/Flaviviridae/Yellow-Fever/isolate_5.fasta,,5,0
Flaviviridae,1,Yellow-Fever,6,Yellow fever virus,,3137249298,10860,"PX766926.1 Yellow fever virus clone TYF5689, complete genome",data/refs/Flaviviridae/Yellow-Fever/isolate_6.fasta,,6,1
Flaviviridae,1,Yellow-Fever,6,Yellow fever virus,,3137249296,10765,"PX766925.1 Yellow fever virus clone TYF5677, complete genome",data/refs/Flaviviridae/Yellow-Fever/isolate_7.fasta,,7,2
Flaviviridae,1,Yellow-Fever,6,Yellow fever virus,,3137249294,10862,"PX766924.1 Yellow fever virus clone TYF5573, complete genome",data/refs/Flaviviridae/Yellow-Fever/isolate_8.fasta,,8,3
Flaviviridae,1,Yellow-Fever,6,Yellow fever virus,,3137249292,10640,"PX766923.1 Yellow fever virus clone TYF5627, complete genome",data/refs/Flaviviridae/Yellow-Fever/isolate_9.fasta,,9,4
Flaviviridae,1,Japanese-Encephalitis,7,Japanese encephalitis virus,,9626460,10976,"NC_001437.1 Japanese encephalitis virus, genome",data/refs/Flaviviridae/Japanese-Encephalitis/isolate_0.fasta,,0,0
Flaviviridae,1,Japanese-Encephalitis,7,Japanese encephalitis virus,,3334434151,10973,"PZ123354.1 Japanese encephalitis virus strain JEV/ZZ/HN/2026, complete genome",data/refs/Flaviviridae/Japanese-Encephalitis/isolate_1.fasta,,1,1
Flaviviridae,1,Japanese-Encephalitis,7,Japanese encephalitis virus,,3302136722,10965,"PZ345904.1 Japanese encephalitis virus isolate Beijing/2020-1, complete genome",data/refs/Flaviviridae/Japanese-Encephalitis/isolate_2.fasta,,2,2
Flaviviridae,1,Japanese-Encephalitis,7,Japanese encephalitis virus,,3069044208,10846,"PX400461.1 Japanese encephalitis virus strain SD-2025, complete genome",data/refs/Flaviviridae/Japanese-Encephalitis/isolate_3.fasta,,3,3
Flaviviridae,1,Japanese-Encephalitis,7,Japanese encephalitis virus,,3005298641,10965,"PV804250.1 Japanese encephalitis virus strain YNYX-263, complete genome",data/refs/Flaviviridae/Japanese-Encephalitis/isolate_4.fasta,,4,4
Flaviviridae,1,Japanese-Encephalitis,7,Japanese encephalitis virus,,3005298639,10965,"PV804249.1 Japanese encephalitis virus strain YNYX-170, complete genome",data/refs/Flaviviridae/Japanese-Encephalitis/isolate_5.fasta,,5,0
Flaviviridae,1,Japanese-Encephalitis,7,Japanese encephalitis virus,,2986238368,10771,"PV666603.1 Japanese encephalitis virus strain VIDRL03/VIC/22, complete genome",data/refs/Flaviviridae/Japanese-Encephalitis/isolate_6.fasta,,6,1
Flaviviridae,1,Japanese-Encephalitis,7,Japanese encephalitis virus,,2986238366,10889,"PV666602.1 Japanese encephalitis virus strain P22-02806-13/QLD/22, complete genome",data/refs/Flaviviridae/Japanese-Encephalitis/isolate_7.fasta,,7,2
Flaviviridae,1,Japanese-Encephalitis,7,Japanese encephalitis virus,,2986238364,10894,"PV666601.1 Japanese encephalitis virus strain P22-02436-59/QLD/22, complete genome",data/refs/Flaviviridae/Japanese-Encephalitis/isolate_8.fasta,,8,3
Flaviviridae,1,Japanese-Encephalitis,7,Japanese encephalitis virus,,2986238362,10793,"PV666600.1 Japanese encephalitis virus strain P22-02131-92/QLD/22, complete genome",data/refs/Flaviviridae/Japanese-Encephalitis/isolate_9.fasta,,9,4
Filoviridae,2,Ebola-Zaire,0,Zaire ebolavirus,,10313991,18959,"NC_002549.1 Zaire ebolavirus isolate Ebola virus/H.sapiens-tc/COD/1976/Yambuku-Mayinga, complete genome",data/refs/Filoviridae/Ebola-Zaire/isolate_0.fasta,,0,0
Filoviridae,2,Ebola-Zaire,0,Zaire ebolavirus,,3018473336,18582,"OZ276552.1 Zaire ebolavirus isolate Ebola virus/VECTOR/C.porcellus-lab/COD/1976/Mayinga_NML genome assembly, complete genome: monopartite",data/refs/Filoviridae/Ebola-Zaire/isolate_1.fasta,,1,1
Filoviridae,2,Ebola-Zaire,0,Zaire ebolavirus,,2695886235,18532,"OR084932.1 Zaire ebolavirus isolate Ebolavirus/H.sapiens-wt/COD/2020/Makanza-rdceqt009903, partial genome",data/refs/Filoviridae/Ebola-Zaire/isolate_2.fasta,,2,2
Filoviridae,2,Ebola-Zaire,0,Zaire ebolavirus,,2695886225,18532,"OR084931.1 Zaire ebolavirus isolate Ebolavirus/H.sapiens-wt/COD/2020/Mbandaka-RDCEQT002143, partial genome",data/refs/Filoviridae/Ebola-Zaire/isolate_3.fasta,,3,3
Filoviridae,2,Ebola-Zaire,0,Zaire ebolavirus,,2695886215,18922,"OR084930.1 Zaire ebolavirus isolate Ebolavirus/H.sapiens-wt/COD/2020/Mbandaka-RDCEQT003007, partial genome",data/refs/Filoviridae/Ebola-Zaire/isolate_4.fasta,,4,4
Filoviridae,2,Ebola-Zaire,0,Zaire ebolavirus,,2695886205,18939,"OR084929.1 Zaire ebolavirus isolate Ebolavirus/H.sapiens-wt/COD/2020/Mbandaka-RDCEQT002148, partial genome",data/refs/Filoviridae/Ebola-Zaire/isolate_5.fasta,,5,0
Filoviridae,2,Ebola-Zaire,0,Zaire ebolavirus,,2695886195,18927,"OR084928.1 Zaire ebolavirus isolate Ebolavirus/H.sapiens-wt/COD/2020/Mbandaka-RDCEQT000300, partial genome",data/refs/Filoviridae/Ebola-Zaire/isolate_6.fasta,,6,1
Filoviridae,2,Ebola-Zaire,0,Zaire ebolavirus,,2695886185,18832,"OR084927.1 Zaire ebolavirus isolate Ebolavirus/H.sapiens-wt/COD/2020/Mbandaka-RDCEQT002171, partial genome",data/refs/Filoviridae/Ebola-Zaire/isolate_7.fasta,,7,2
Filoviridae,2,Ebola-Zaire,0,Zaire ebolavirus,,2695886175,18832,"OR084926.1 Zaire ebolavirus isolate Ebolavirus/H.sapiens-wt/COD/2020/Bomongo-rdceqt002168, partial genome",data/refs/Filoviridae/Ebola-Zaire/isolate_8.fasta,,8,3
Filoviridae,2,Ebola-Zaire,0,Zaire ebolavirus,,2695886165,18532,"OR084925.1 Zaire ebolavirus isolate Ebolavirus/H.sapiens-wt/COD/2020/Mbandaka-RDCEQT002169, partial genome",data/refs/Filoviridae/Ebola-Zaire/isolate_9.fasta,,9,4
Filoviridae,2,Ebola-Sudan,1,Sudan ebolavirus,,55770807,18875,"NC_006432.1 Sudan ebolavirus isolate Sudan virus/H.sapiens-tc/UGA/2000/Gulu-808892, complete genome",data/refs/Filoviridae/Ebola-Sudan/isolate_0.fasta,,0,0
Filoviridae,2,Ebola-Sudan,1,Sudan ebolavirus,,2907546949,18875,"OZ222062.1 Sudan ebolavirus genome assembly, segment: main",data/refs/Filoviridae/Ebola-Sudan/isolate_1.fasta,,1,1
Filoviridae,2,Ebola-Sudan,1,Sudan ebolavirus,,2471617124,18490,"OQ673069.1 Sudan ebolavirus isolate Ebolavirus/H.sapiens-wt/Uganda/2022/2022003012_C102, partial genome",data/refs/Filoviridae/Ebola-Sudan/isolate_2.fasta,,2,2
Filoviridae,2,Ebola-Sudan,1,Sudan ebolavirus,,2471617114,18550,"OQ673068.1 Sudan ebolavirus isolate Ebolavirus/H.sapiens-wt/Uganda/2022/2022002974_C095, partial genome",data/refs/Filoviridae/Ebola-Sudan/isolate_3.fasta,,3,3
Filoviridae,2,Ebola-Sudan,1,Sudan ebolavirus,,2471617104,18742,"OQ673067.1 Sudan ebolavirus isolate Ebolavirus/H.sapiens-wt/Uganda/2022/2022002286_C034, partial genome",data/refs/Filoviridae/Ebola-Sudan/isolate_4.fasta,,4,4
Filoviridae,2,Ebola-Sudan,1,Sudan ebolavirus,,2471617094,18554,"OQ673066.1 Sudan ebolavirus isolate Ebolavirus/H.sapiens-wt/Uganda/2022/2022003226_C153, partial genome",data/refs/Filoviridae/Ebola-Sudan/isolate_5.fasta,,5,0
Filoviridae,2,Ebola-Sudan,1,Sudan ebolavirus,,2471617084,18734,"OQ673065.1 Sudan ebolavirus isolate Ebolavirus/H.sapiens-wt/Uganda/2022/2022002362_C051, partial genome",data/refs/Filoviridae/Ebola-Sudan/isolate_6.fasta,,6,1
Filoviridae,2,Ebola-Sudan,1,Sudan ebolavirus,,2471617074,18718,"OQ673064.1 Sudan ebolavirus isolate Ebolavirus/H.sapiens-wt/Uganda/2022/2022002423_C055, partial genome",data/refs/Filoviridae/Ebola-Sudan/isolate_7.fasta,,7,2
Filoviridae,2,Ebola-Sudan,1,Sudan ebolavirus,,2471617064,18646,"OQ673063.1 Sudan ebolavirus isolate Ebolavirus/H.sapiens-wt/Uganda/2022/2022003030_C122, partial genome",data/refs/Filoviridae/Ebola-Sudan/isolate_8.fasta,,8,3
Filoviridae,2,Ebola-Sudan,1,Sudan ebolavirus,,2471617054,18791,"OQ673062.1 Sudan ebolavirus isolate Ebolavirus/H.sapiens-wt/Uganda/2022/2022002554_C064, partial genome",data/refs/Filoviridae/Ebola-Sudan/isolate_9.fasta,,9,4
Filoviridae,2,Ebola-Bundibugyo,2,Bundibugyo ebolavirus,,302371213,18940,"NC_014373.1 Bundibugyo ebolavirus, complete genome",data/refs/Filoviridae/Ebola-Bundibugyo/isolate_0.fasta,,0,0
Filoviridae,2,Ebola-Bundibugyo,2,Bundibugyo ebolavirus,,3356549788,18805,"OZ492176.1 Bundibugyo virus isolate CL025633 genome assembly, complete genome: monopartite",data/refs/Filoviridae/Ebola-Bundibugyo/isolate_1.fasta,,1,1
Filoviridae,2,Ebola-Bundibugyo,2,Bundibugyo ebolavirus,,3355493263,18805,"OZ491541.1 Bundibugyo virus isolate CL024202 genome assembly, complete genome: monopartite",data/refs/Filoviridae/Ebola-Bundibugyo/isolate_2.fasta,,2,2
Filoviridae,2,Ebola-Bundibugyo,2,Bundibugyo ebolavirus,,3355493262,18874,"OZ491540.1 Bundibugyo virus isolate CL023421 genome assembly, complete genome: monopartite",data/refs/Filoviridae/Ebola-Bundibugyo/isolate_3.fasta,,3,3
Filoviridae,2,Ebola-Bundibugyo,2,Bundibugyo ebolavirus,,3355493261,18805,"OZ491539.1 Bundibugyo virus isolate CL024153 genome assembly, complete genome: monopartite",data/refs/Filoviridae/Ebola-Bundibugyo/isolate_4.fasta,,4,4
Filoviridae,2,Ebola-Bundibugyo,2,Bundibugyo ebolavirus,,3355493260,18805,"OZ491538.1 Bundibugyo virus isolate CL023974 genome assembly, complete genome: monopartite",data/refs/Filoviridae/Ebola-Bundibugyo/isolate_5.fasta,,5,0
Filoviridae,2,Ebola-Bundibugyo,2,Bundibugyo ebolavirus,,3355493259,18805,"OZ491537.1 Bundibugyo virus isolate CL023828 genome assembly, complete genome: monopartite",data/refs/Filoviridae/Ebola-Bundibugyo/isolate_6.fasta,,6,1
Filoviridae,2,Ebola-Bundibugyo,2,Bundibugyo ebolavirus,,3355493258,18805,"OZ491536.1 Bundibugyo virus isolate CL024040 genome assembly, complete genome: monopartite",data/refs/Filoviridae/Ebola-Bundibugyo/isolate_7.fasta,,7,2
Filoviridae,2,Ebola-Bundibugyo,2,Bundibugyo ebolavirus,,3355493257,18890,"OZ491535.1 Bundibugyo virus isolate CL023559 genome assembly, complete genome: monopartite",data/refs/Filoviridae/Ebola-Bundibugyo/isolate_8.fasta,,8,3
Filoviridae,2,Ebola-Bundibugyo,2,Bundibugyo ebolavirus,,3355493256,18805,"OZ491534.1 Bundibugyo virus isolate CL024193 genome assembly, complete genome: monopartite",data/refs/Filoviridae/Ebola-Bundibugyo/isolate_9.fasta,,9,4
Filoviridae,2,Ebola-TaiForest,3,Tai Forest ebolavirus,,302315369,18935,"NC_014372.1 Tai Forest ebolavirus isolate Tai Forest virus/H.sapiens-tc/CIV/1994/Pauleoula-CI, complete genome",data/refs/Filoviridae/Ebola-TaiForest/isolate_0.fasta,,0,0
Filoviridae,2,Ebola-TaiForest,3,Tai Forest ebolavirus,,1390208409,18890,"MH121167.1 Tai Forest ebolavirus isolate Ebola virus/H.sapiens-tc/Cote d'Ivoire/1994/Tai Forest-R4371, complete genome",data/refs/Filoviridae/Ebola-TaiForest/isolate_1.fasta,,1,1
Filoviridae,2,Ebola-TaiForest,3,Tai Forest ebolavirus,,965570368,18935,"KU182910.1 Tai Forest ebolavirus isolate Tai Forest virus/H. sapiens-tc/CIV/1994/Tai Forest-CDC807212, complete genome",data/refs/Filoviridae/Ebola-TaiForest/isolate_2.fasta,,2,2
Filoviridae,2,Ebola-Reston,4,Reston ebolavirus,,22789222,18891,"NC_004161.1 Reston ebolavirus isolate Reston virus/M.fascicularis-tc/USA/1989/Philippines89-Pennsylvania, complete genome",data/refs/Filoviridae/Ebola-Reston/isolate_0.fasta,,0,0
Filoviridae,2,Ebola-Reston,4,Reston ebolavirus,,1891133965,18848,"MT796851.1 Reston ebolavirus isolate R08, complete genome",data/refs/Filoviridae/Ebola-Reston/isolate_1.fasta,,1,1
Filoviridae,2,Ebola-Reston,4,Reston ebolavirus,,1500174716,18753,"MK088530.1 UNVERIFIED: Reston ebolavirus isolate Ebola virus/M.fascicularis/USA/1989/Reston-H28-R4387L, partial genome",data/refs/Filoviridae/Ebola-Reston/isolate_2.fasta,,2,2
Filoviridae,2,Ebola-Reston,4,Reston ebolavirus,,1231294520,18890,"MF540571.1 Reston ebolavirus isolate DrpZ210BG, complete genome",data/refs/Filoviridae/Ebola-Reston/isolate_3.fasta,,3,3
Filoviridae,2,Ebola-Reston,4,Reston ebolavirus,,1231294510,18889,"MF540570.1 Reston ebolavirus isolate DrpZ52BF, complete genome",data/refs/Filoviridae/Ebola-Reston/isolate_4.fasta,,4,4
Filoviridae,2,Ebola-Reston,4,Reston ebolavirus,,1095459734,18891,"KY008770.1 Reston ebolavirus strain Reston virus/M.fascicularis-tc/USA/1989/Philippines89-AZ-1435, complete genome",data/refs/Filoviridae/Ebola-Reston/isolate_5.fasta,,5,0
Filoviridae,2,Ebola-Reston,4,Reston ebolavirus,,1199302481,18879,"KY798012.1 Reston ebolavirus isolate PHL_A_2009_(813161), complete genome",data/refs/Filoviridae/Ebola-Reston/isolate_6.fasta,,6,1
Filoviridae,2,Ebola-Reston,4,Reston ebolavirus,,1199302472,18868,"KY798011.1 Reston ebolavirus isolate PHL_A_2008_(811412), complete genome",data/refs/Filoviridae/Ebola-Reston/isolate_7.fasta,,7,2
Filoviridae,2,Ebola-Reston,4,Reston ebolavirus,,1199302463,18879,"KY798010.1 Reston ebolavirus isolate PHL_A_2008_(811411), complete genome",data/refs/Filoviridae/Ebola-Reston/isolate_8.fasta,,8,3
Filoviridae,2,Ebola-Reston,4,Reston ebolavirus,,1199302454,18879,"KY798009.1 Reston ebolavirus isolate USA_TX_1996_(807334), complete genome",data/refs/Filoviridae/Ebola-Reston/isolate_9.fasta,,9,4
Filoviridae,2,Marburg,5,Marburg marburgvirus,,2972135382,19112,"NC_001608.4 Marburg virus - Musoke, Kenya, 1980, complete genome",data/refs/Filoviridae/Marburg/isolate_0.fasta,,0,0
Filoviridae,2,Marburg,5,Marburg marburgvirus,,678222041,19114,"NC_024781.1 Marburg marburgvirus isolate Ravn virus/H.sapiens-tc/KEN/1987/Kitum Cave-810040, complete genome",data/refs/Filoviridae/Marburg/isolate_1.fasta,,1,1
Filoviridae,2,Marburg,5,Marburg marburgvirus,,3062941051,19112,"PX278686.1 Orthomarburgvirus marburgense strain Marburg virus/H. sapiens-tc/KEN/Mt. Elgon-Musoke F3, complete genome",data/refs/Filoviridae/Marburg/isolate_2.fasta,,2,2
Filoviridae,2,Marburg,5,Marburg marburgvirus,,3062941043,19113,"PX278685.1 Orthomarburgvirus marburgense strain Marburg virus/H.sapien-tc/ANG/2004/Angola325, complete genome",data/refs/Filoviridae/Marburg/isolate_3.fasta,,3,3
Filoviridae,2,Marburg,5,Marburg marburgvirus,,777861532,19113,"KP985768.1 Marburg marburgvirus isolate Marburg virus/H. sapiens-tc/UGA/2014/Kampala-812601, complete genome",data/refs/Filoviridae/Marburg/isolate_4.fasta,,4,4
Filoviridae,2,Marburg,5,Marburg marburgvirus,,1124891100,19025,"KY047764.1 Orthomarburgvirus marburgense isolate Marburg virus/RML-IRF/M.auratus-lab/AGO/2005/Angola-368-HA, complete genome",data/refs/Filoviridae/Marburg/isolate_5.fasta,,5,0
Filoviridae,2,Marburg,5,Marburg marburgvirus,,1124891092,19115,"KY047763.1 Orthomarburgvirus marburgense isolate Marburg virus/H.sapiens-tc/AGO/2005/Angola-368, complete genome",data/refs/Filoviridae/Marburg/isolate_6.fasta,,6,1
Filoviridae,2,Marburg,5,Marburg marburgvirus,,824041319,19113,"KR867677.1 Marburg marburgvirus isolate Marburg virus/H.sapiens-tc/AGO/2005/Angola-200501379, complete genome",data/refs/Filoviridae/Marburg/isolate_7.fasta,,7,2
Filoviridae,2,Marburg,5,Marburg marburgvirus,,745793581,19113,"KP117261.1 Mutant Marburg marburgvirus strain recMARV-371bat, complete genome",data/refs/Filoviridae/Marburg/isolate_8.fasta,,8,3
Filoviridae,2,Marburg,5,Marburg marburgvirus,,745793573,19113,"KP117260.1 Mutant Marburg marburgvirus strain recMARV-371bat-294, complete genome",data/refs/Filoviridae/Marburg/isolate_9.fasta,,9,4
Filoviridae,2,Ravn,6,Marburg marburgvirus,Ravn,678222041,19114,"NC_024781.1 Marburg marburgvirus isolate Ravn virus/H.sapiens-tc/KEN/1987/Kitum Cave-810040, complete genome",data/refs/Filoviridae/Ravn/isolate_0.fasta,,0,0
Filoviridae,2,Ravn,6,Marburg marburgvirus,Ravn,961554850,19114,"KU179482.1 Orthomarburgvirus marburgense isolate Ravn virus/H. sapiens-tc/KEN/1987/Ravn-CDC811103, complete genome",data/refs/Filoviridae/Ravn/isolate_1.fasta,,1,1
Filoviridae,2,Ravn,6,Marburg marburgvirus,Ravn,187480768,19114,"EU500828.1 Lake Victoria marburgvirus - Ravn isolate R2, complete genome",data/refs/Filoviridae/Ravn/isolate_2.fasta,,2,2
Filoviridae,2,Ravn,6,Marburg marburgvirus,Ravn,187480760,19114,"EU500827.1 Lake Victoria marburgvirus - Ravn isolate R1, complete genome",data/refs/Filoviridae/Ravn/isolate_3.fasta,,3,3
Filoviridae,2,Ravn,6,Marburg marburgvirus,Ravn,187480752,19114,"EU500826.1 Lake Victoria marburgvirus - Ravn isolate R3, complete genome",data/refs/Filoviridae/Ravn/isolate_4.fasta,,4,4
Filoviridae,2,Ravn,6,Marburg marburgvirus,Ravn,151564206,19114,"EF446131.1 Lake Victoria marburgvirus - Ravn, complete genome",data/refs/Filoviridae/Ravn/isolate_5.fasta,,5,0
Filoviridae,2,Lloviu,7,Lloviu cuevavirus,,355469071,18927,"NC_016144.1 Lloviu cuevavirus isolate Lloviu virus/M.schreibersii-wt/ESP/2003/Asturias-Bat86, complete genome",data/refs/Filoviridae/Lloviu/isolate_0.fasta,,0,0
Filoviridae,2,Lloviu,7,Lloviu cuevavirus,,2526804629,19019,"OQ630505.1 Cuevavirus lloviuense isolate Hungary/2019/378, complete genome",data/refs/Filoviridae/Lloviu/isolate_1.fasta,,1,1
Filoviridae,2,Lloviu,7,Lloviu cuevavirus,,2431124949,18861,"ON186772.1 Lloviu cuevavirus isolate Italy/2021, complete genome",data/refs/Filoviridae/Lloviu/isolate_2.fasta,,2,2
Filoviridae,2,Lloviu,7,Lloviu cuevavirus,,2191911935,19019,"MZ541881.1 Lloviu cuevavirus isolate Hungary/2019/378, complete genome",data/refs/Filoviridae/Lloviu/isolate_3.fasta,,3,3
Filoviridae,2,Lloviu,7,Lloviu cuevavirus,,2191632850,18824,"MW775011.1 Lloviu cuevavirus strain LLOV_378 nucleoprotein, VP35, VP40, GP1, GP2, VP30, hypothetical protein, VP24, and RNA polymerase genes, complete cds",data/refs/Filoviridae/Lloviu/isolate_4.fasta,,4,4
Filoviridae,2,Lloviu,7,Lloviu cuevavirus,,2191632840,18824,"MW775010.1 Lloviu cuevavirus strain LLOV_378_parasite_1 nucleoprotein, VP35, VP40, GP1, GP2, VP30, hypothetical protein, VP24, and RNA polymerase genes, complete cds",data/refs/Filoviridae/Lloviu/isolate_5.fasta,,5,0
Hepadnaviridae,3,HBV-genotype-A,0,Hepatitis B virus,genotype A,2719244372,3221,"LC784044.1 Hepatitis B virus genotype A HB-DB66 DNA, complete genome",data/refs/Hepadnaviridae/HBV-genotype-A/isolate_0.fasta,,0,0
Hepadnaviridae,3,HBV-genotype-A,0,Hepatitis B virus,genotype A,2719244303,3221,"LC778006.1 Hepatitis B virus genotype A HB-DB103 DNA, complete genome",data/refs/Hepadnaviridae/HBV-genotype-A/isolate_1.fasta,,1,1
Hepadnaviridae,3,HBV-genotype-A,0,Hepatitis B virus,genotype A,2719244297,3197,"LC778005.1 Hepatitis B virus genotype A HB-DB89 DNA, complete genome",data/refs/Hepadnaviridae/HBV-genotype-A/isolate_2.fasta,,2,2
Hepadnaviridae,3,HBV-genotype-A,0,Hepatitis B virus,genotype A,2719244291,3221,"LC778004.1 Hepatitis B virus genotype A HB-DB76 DNA, complete genome",data/refs/Hepadnaviridae/HBV-genotype-A/isolate_3.fasta,,3,3
Hepadnaviridae,3,HBV-genotype-A,0,Hepatitis B virus,genotype A,2546141133,3017,"LC773628.1 Hepatitis B virus genotype A SYMAV-D0237 DNA, nearly complete genome",data/refs/Hepadnaviridae/HBV-genotype-A/isolate_4.fasta,,4,4
Hepadnaviridae,3,HBV-genotype-A,0,Hepatitis B virus,genotype A,2546141125,3221,"LC773627.1 Hepatitis B virus genotype A SYMAV-D0236 DNA, complete genome",data/refs/Hepadnaviridae/HBV-genotype-A/isolate_5.fasta,,5,0
Hepadnaviridae,3,HBV-genotype-A,0,Hepatitis B virus,genotype A,2546141088,3221,"LC773620.1 Hepatitis B virus genotype A SYMAV-D0231 DNA, complete genome",data/refs/Hepadnaviridae/HBV-genotype-A/isolate_6.fasta,,6,1
Hepadnaviridae,3,HBV-genotype-A,0,Hepatitis B virus,genotype A,1825979606,3213,"LC533934.1 HBV genotype A proviral DNA, complete genome",data/refs/Hepadnaviridae/HBV-genotype-A/isolate_7.fasta,,7,2
Hepadnaviridae,3,HBV-genotype-A,0,Hepatitis B virus,genotype A,1805473128,3221,"LC519823.1 HBV genotype A B-H06-Ban DNA, complete genome",data/refs/Hepadnaviridae/HBV-genotype-A/isolate_8.fasta,,8,3
Hepadnaviridae,3,HBV-genotype-A,0,Hepatitis B virus,genotype A,1805473113,3221,"LC519820.1 HBV genotype A B-504-Ban DNA, complete genome",data/refs/Hepadnaviridae/HBV-genotype-A/isolate_9.fasta,,9,4
Hepadnaviridae,3,HBV-genotype-B,1,Hepatitis B virus,genotype B,2719244442,3215,"LC784057.1 Hepatitis B virus genotype B HB-DB7 DNA, complete genome",data/refs/Hepadnaviridae/HBV-genotype-B/isolate_0.fasta,,0,0
Hepadnaviridae,3,HBV-genotype-B,1,Hepatitis B virus,genotype B,2719244400,3215,"LC784049.1 Hepatitis B virus genotype B HB-DB118 DNA, complete genome",data/refs/Hepadnaviridae/HBV-genotype-B/isolate_1.fasta,,1,1
Hepadnaviridae,3,HBV-genotype-B,1,Hepatitis B virus,genotype B,2719244395,3215,"LC784048.1 Hepatitis B virus genotype B HB-DB116 DNA, complete genome",data/refs/Hepadnaviridae/HBV-genotype-B/isolate_2.fasta,,2,2
Hepadnaviridae,3,HBV-genotype-B,1,Hepatitis B virus,genotype B,2719244390,3215,"LC784047.1 Hepatitis B virus genotype B HB-DB21 DNA, complete genome",data/refs/Hepadnaviridae/HBV-genotype-B/isolate_3.fasta,,3,3
Hepadnaviridae,3,HBV-genotype-B,1,Hepatitis B virus,genotype B,2719244384,3215,"LC784046.1 Hepatitis B virus genotype B HB-DB12 DNA, complete genome",data/refs/Hepadnaviridae/HBV-genotype-B/isolate_4.fasta,,4,4
Hepadnaviridae,3,HBV-genotype-B,1,Hepatitis B virus,genotype B,2719244378,3215,"LC784045.1 Hepatitis B virus genotype B HB-DB11 DNA, complete genome",data/refs/Hepadnaviridae/HBV-genotype-B/isolate_5.fasta,,5,0
Hepadnaviridae,3,HBV-genotype-B,1,Hepatitis B virus,genotype B,2719244351,3215,"LC778015.1 Hepatitis B virus genotype B HB-DB159 DNA, complete genome",data/refs/Hepadnaviridae/HBV-genotype-B/isolate_6.fasta,,6,1
Hepadnaviridae,3,HBV-genotype-B,1,Hepatitis B virus,genotype B,2719244346,3215,"LC778014.1 Hepatitis B virus genotype B HB-DB131 DNA, complete genome",data/refs/Hepadnaviridae/HBV-genotype-B/isolate_7.fasta,,7,2
Hepadnaviridae,3,HBV-genotype-B,1,Hepatitis B virus,genotype B,2719244341,3215,"LC778013.1 Hepatitis B virus genotype B HB-DB130 DNA, complete genome",data/refs/Hepadnaviridae/HBV-genotype-B/isolate_8.fasta,,8,3
Hepadnaviridae,3,HBV-genotype-B,1,Hepatitis B virus,genotype B,2719244336,3215,"LC778012.1 Hepatitis B virus genotype B HB-DB129 DNA, complete genome",data/refs/Hepadnaviridae/HBV-genotype-B/isolate_9.fasta,,9,4
Hepadnaviridae,3,HBV-genotype-C,2,Hepatitis B virus,genotype C,3356338149,3185,"LC886239.1 Hepatitis B virus genotype C Case161-0b DNA, complete genome",data/refs/Hepadnaviridae/HBV-genotype-C/isolate_0.fasta,,0,0
Hepadnaviridae,3,HBV-genotype-C,2,Hepatitis B virus,genotype C,3356338144,3215,"LC886238.1 Hepatitis B virus genotype C Case161-0a DNA, complete genome",data/refs/Hepadnaviridae/HBV-genotype-C/isolate_1.fasta,,1,1
Hepadnaviridae,3,HBV-genotype-C,2,Hepatitis B virus,genotype C,2719244436,3215,"LC784056.1 Hepatitis B virus genotype C HB-DB169 DNA, complete genome",data/refs/Hepadnaviridae/HBV-genotype-C/isolate_2.fasta,,2,2
Hepadnaviridae,3,HBV-genotype-C,2,Hepatitis B virus,genotype C,2719244430,3215,"LC784055.1 Hepatitis B virus genotype C HB-DB168 DNA, complete genome",data/refs/Hepadnaviridae/HBV-genotype-C/isolate_3.fasta,,3,3
Hepadnaviridae,3,HBV-genotype-C,2,Hepatitis B virus,genotype C,2719244425,3215,"LC784054.1 Hepatitis B virus genotype C HB-DB137 DNA, complete genome",data/refs/Hepadnaviridae/HBV-genotype-C/isolate_4.fasta,,4,4
Hepadnaviridae,3,HBV-genotype-C,2,Hepatitis B virus,genotype C,2719244420,3215,"LC784053.1 Hepatitis B virus genotype C HB-DB115 DNA, complete genome",data/refs/Hepadnaviridae/HBV-genotype-C/isolate_5.fasta,,5,0
Hepadnaviridae,3,HBV-genotype-C,2,Hepatitis B virus,genotype C,2719244415,3215,"LC784052.1 Hepatitis B virus genotype C HB-DB109 DNA, complete genome",data/refs/Hepadnaviridae/HBV-genotype-C/isolate_6.fasta,,6,1
Hepadnaviridae,3,HBV-genotype-C,2,Hepatitis B virus,genotype C,2719244410,3215,"LC784051.1 Hepatitis B virus genotype C HB-DB99 DNA, complete genome",data/refs/Hepadnaviridae/HBV-genotype-C/isolate_7.fasta,,7,2
Hepadnaviridae,3,HBV-genotype-C,2,Hepatitis B virus,genotype C,2719244405,3215,"LC784050.1 Hepatitis B virus genotype C HB-DB19 DNA, complete genome",data/refs/Hepadnaviridae/HBV-genotype-C/isolate_8.fasta,,8,3
Hepadnaviridae,3,HBV-genotype-C,2,Hepatitis B virus,genotype C,2719244362,3215,"LC778017.1 Hepatitis B virus genotype C HB-DB136 DNA, complete genome",data/refs/Hepadnaviridae/HBV-genotype-C/isolate_9.fasta,,9,4
Hepadnaviridae,3,HBV-genotype-D,3,Hepatitis B virus genotype D,complete genome,3054451095,3182,"LC852229.1 HBV genotype D2 HB-DBT29 DNA, complete genome",data/refs/Hepadnaviridae/HBV-genotype-D/isolate_0.fasta,,0,0
Hepadnaviridae,3,HBV-genotype-D,3,Hepatitis B virus genotype D,complete genome,1805473133,3125,"LC519824.1 Hepatitis B virus genotype D B-H10-Ban DNA, complete genome",data/refs/Hepadnaviridae/HBV-genotype-D/isolate_1.fasta,,1,1
Hepadnaviridae,3,HBV-genotype-D,3,Hepatitis B virus genotype D,complete genome,1805473093,3182,"LC519816.1 Hepatitis B virus genotype D B-430-Ban DNA, complete genome",data/refs/Hepadnaviridae/HBV-genotype-D/isolate_2.fasta,,2,2
Hepadnaviridae,3,HBV-genotype-D,3,Hepatitis B virus genotype D,complete genome,1805473083,3182,"LC519814.1 Hepatitis B virus genotype D B-420-Ban DNA, complete genome",data/refs/Hepadnaviridae/HBV-genotype-D/isolate_3.fasta,,3,3
Hepadnaviridae,3,HBV-genotype-D,3,Hepatitis B virus genotype D,complete genome,1805473063,3161,"LC519810.1 Hepatitis B virus genotype D B-407-Ban DNA, complete genome",data/refs/Hepadnaviridae/HBV-genotype-D/isolate_4.fasta,,4,4
Hepadnaviridae,3,HBV-genotype-D,3,Hepatitis B virus genotype D,complete genome,1805473058,3167,"LC519809.1 Hepatitis B virus genotype D B-405-Ban DNA, complete genome",data/refs/Hepadnaviridae/HBV-genotype-D/isolate_5.fasta,,5,0
Hepadnaviridae,3,HBV-genotype-D,3,Hepatitis B virus genotype D,complete genome,1805473053,3182,"LC519808.1 Hepatitis B virus genotype D B-403-Ban DNA, complete genome",data/refs/Hepadnaviridae/HBV-genotype-D/isolate_6.fasta,,6,1
Hepadnaviridae,3,HBV-genotype-D,3,Hepatitis B virus genotype D,complete genome,1805473023,3182,"LC519802.1 Hepatitis B virus genotype D B-341-Ban DNA, complete genome",data/refs/Hepadnaviridae/HBV-genotype-D/isolate_7.fasta,,7,2
Hepadnaviridae,3,HBV-genotype-D,3,Hepatitis B virus genotype D,complete genome,1805472988,2999,"LC519795.1 Hepatitis B virus genotype D B-117-Ban DNA, complete genome",data/refs/Hepadnaviridae/HBV-genotype-D/isolate_8.fasta,,8,3
Hepadnaviridae,3,HBV-genotype-D,3,Hepatitis B virus genotype D,complete genome,1805472978,3182,"LC519793.1 Hepatitis B virus genotype D B-101-Ban DNA, complete genome",data/refs/Hepadnaviridae/HBV-genotype-D/isolate_9.fasta,,9,4
Hepadnaviridae,3,HBV-genotype-E,4,Hepatitis B virus,genotype E,2710649641,3197,"PP445059.1 MAG: Hepatitis B virus isolate Senegal/TV012/2021 genotype E, partial genome",data/refs/Hepadnaviridae/HBV-genotype-E/isolate_0.fasta,,0,0
Hepadnaviridae,3,HBV-genotype-E,4,Hepatitis B virus,genotype E,2710649614,3221,"PP445056.1 MAG: Hepatitis B virus isolate Senegal/BK263/2021 genotype E, partial genome",data/refs/Hepadnaviridae/HBV-genotype-E/isolate_1.fasta,,1,1
Hepadnaviridae,3,HBV-genotype-E,4,Hepatitis B virus,genotype E,2710649605,3215,"PP445055.1 MAG: Hepatitis B virus isolate Senegal/BK262/2021 genotype E, partial genome",data/refs/Hepadnaviridae/HBV-genotype-E/isolate_2.fasta,,2,2
Hepadnaviridae,3,HBV-genotype-E,4,Hepatitis B virus,genotype E,2710649588,3213,"PP445053.1 MAG: Hepatitis B virus isolate Senegal/BK120/2020 genotype E, complete genome",data/refs/Hepadnaviridae/HBV-genotype-E/isolate_3.fasta,,3,3
Hepadnaviridae,3,HBV-genotype-E,4,Hepatitis B virus,genotype E,2546141165,3221,"LC773632.1 Hepatitis B virus genotype E SYMAV-H0235 DNA, complete genome",data/refs/Hepadnaviridae/HBV-genotype-E/isolate_4.fasta,,4,4
Hepadnaviridae,3,HBV-genotype-E,4,Hepatitis B virus,genotype E,1811249383,3212,"LC513657.1 Hepatitis B virus genotype E 18456-BUR DNA, complete genome",data/refs/Hepadnaviridae/HBV-genotype-E/isolate_5.fasta,,5,0
Hepadnaviridae,3,HBV-genotype-E,4,Hepatitis B virus,genotype E,1811249378,3213,"LC513656.1 Hepatitis B virus genotype E 18362-BUR DNA, complete genome",data/refs/Hepadnaviridae/HBV-genotype-E/isolate_6.fasta,,6,1
Hepadnaviridae,3,HBV-genotype-E,4,Hepatitis B virus,genotype E,1811249368,3212,"LC513654.1 Hepatitis B virus genotype E 18200-BUR DNA, complete genome",data/refs/Hepadnaviridae/HBV-genotype-E/isolate_7.fasta,,7,2
Hepadnaviridae,3,HBV-genotype-E,4,Hepatitis B virus,genotype E,1811249358,3212,"LC513652.1 Hepatitis B virus genotype E 18026-BUR DNA, complete genome",data/refs/Hepadnaviridae/HBV-genotype-E/isolate_8.fasta,,8,3
Hepadnaviridae,3,HBV-genotype-E,4,Hepatitis B virus,genotype E,62006057,3212,"AP007262.1 Hepatitis B virus genotype E DNA, complete genome, isolate: HB-JI411F",data/refs/Hepadnaviridae/HBV-genotype-E/isolate_9.fasta,,9,4
Hepadnaviridae,3,HBV-genotype-F,5,Hepatitis B virus genotype F,complete genome,399923454,3182,"HE974369.1 HBV genotype F2 complete genome, isolate Mart-B26",data/refs/Hepadnaviridae/HBV-genotype-F/isolate_0.fasta,,0,0
Hepadnaviridae,3,HBV-genotype-F,5,Hepatitis B virus genotype F,complete genome,399923449,3215,"HE974368.1 HBV genotype F4 complete genome, isolate Mart-B24",data/refs/Hepadnaviridae/HBV-genotype-F/isolate_1.fasta,,1,1
Hepadnaviridae,3,HBV-genotype-F,5,Hepatitis B virus genotype F,complete genome,399923439,3215,"HE974366.1 HBV genotype F2 complete genome, isolate Mart-B18",data/refs/Hepadnaviridae/HBV-genotype-F/isolate_2.fasta,,2,2
Hepadnaviridae,3,HBV-genotype-G,6,Hepatitis B virus,genotype G,383082105,3179,"AB625343.1 Hepatitis B virus genotype G DNA, complete genome, isolate: MEX921M",data/refs/Hepadnaviridae/HBV-genotype-G/isolate_0.fasta,,0,0
Hepadnaviridae,3,HBV-genotype-G,6,Hepatitis B virus,genotype G,383082100,3248,"AB625342.1 Hepatitis B virus genotype G DNA, complete genome, isolate: MEX918M",data/refs/Hepadnaviridae/HBV-genotype-G/isolate_1.fasta,,1,1
Hepadnaviridae,3,HBV-genotype-G,6,Hepatitis B virus,genotype G,62006071,3248,"AP007264.1 Hepatitis B virus genotype G DNA, complete genome, isolate: HB-JI444GF",data/refs/Hepadnaviridae/HBV-genotype-G/isolate_2.fasta,,2,2
Hepadnaviridae,3,HBV-genotype-G,6,Hepatitis B virus,genotype G,402169060,3248,"HE981176.1 Hepatitis B virus complete genome, genotype G, clone ARG56.5.9",data/refs/Hepadnaviridae/HBV-genotype-G/isolate_3.fasta,,3,3
Hepadnaviridae,3,HBV-genotype-G,6,Hepatitis B virus,genotype G,402169046,3248,"HE981174.1 Hepatitis B virus complete genome, genotype G, clone ARG56.1.5",data/refs/Hepadnaviridae/HBV-genotype-G/isolate_4.fasta,,4,4
Hepadnaviridae,3,HBV-genotype-G,6,Hepatitis B virus,genotype G,402169040,3234,"HE981173.1 Hepatitis B virus complete genome, genotype G, clone BR9.2",data/refs/Hepadnaviridae/HBV-genotype-G/isolate_5.fasta,,5,0
Hepadnaviridae,3,HBV-genotype-G,6,Hepatitis B virus,genotype G,402169033,3236,"HE981172.1 Hepatitis B virus complete genome, genotype G, clone BR22",data/refs/Hepadnaviridae/HBV-genotype-G/isolate_6.fasta,,6,1
Hepadnaviridae,3,HBV-genotype-G,6,Hepatitis B virus,genotype G,402169026,3236,"HE981171.1 Hepatitis B virus complete genome, genotype G, clone BR21",data/refs/Hepadnaviridae/HBV-genotype-G/isolate_7.fasta,,7,2
Hepadnaviridae,3,HBV-genotype-H,7,Hepatitis B virus,genotype H,1707759566,3215,"LC491577.1 Hepatitis B virus genotype H Itabashi DNA, complete genome",data/refs/Hepadnaviridae/HBV-genotype-H/isolate_0.fasta,,0,0
Hepadnaviridae,3,HBV-genotype-H,7,Hepatitis B virus,genotype H,530719456,3215,"AB846650.1 Hepatitis B virus genotype H DNA, complete genome, isolate: B-MHJ9014",data/refs/Hepadnaviridae/HBV-genotype-H/isolate_1.fasta,,1,1
Hepadnaviridae,3,HBV-genotype-H,7,Hepatitis B virus,genotype H,304555517,3215,"AB516395.1 Hepatitis B virus genotype H DNA, complete genome, isolate: MEX914M",data/refs/Hepadnaviridae/HBV-genotype-H/isolate_2.fasta,,2,2
Hepadnaviridae,3,HBV-genotype-H,7,Hepatitis B virus,genotype H,304555512,3215,"AB516394.1 Hepatitis B virus genotype H DNA, complete genome, isolate: MEX912M",data/refs/Hepadnaviridae/HBV-genotype-H/isolate_3.fasta,,3,3
Hepadnaviridae,3,HBV-genotype-H,7,Hepatitis B virus,genotype H,304555507,3215,"AB516393.1 Hepatitis B virus genotype H DNA, complete genome, isolate: 904MEXM",data/refs/Hepadnaviridae/HBV-genotype-H/isolate_4.fasta,,4,4
Hepadnaviridae,3,HBV-genotype-H,7,Hepatitis B virus,genotype H,133778402,3215,"AB298362.1 Hepatitis B virus genotype H DNA, complete genome, isolate: HBV ST0404",data/refs/Hepadnaviridae/HBV-genotype-H/isolate_5.fasta,,5,0
Hepadnaviridae,3,HBV-genotype-H,7,Hepatitis B virus,genotype H,62006050,3218,"AP007261.1 Hepatitis B virus genotype H DNA, complete genome, isolate: HB-JI260F",data/refs/Hepadnaviridae/HBV-genotype-H/isolate_6.fasta,,6,1
Hepadnaviridae,3,HBV-genotype-H,7,Hepatitis B virus,genotype H,22135696,3215,"AY090454.1 Hepatitis B virus genotype H strain 1853Nic, complete genome",data/refs/Hepadnaviridae/HBV-genotype-H/isolate_7.fasta,,7,2
Hepadnaviridae,3,HBV-genotype-H,7,Hepatitis B virus,genotype H,60115422,3215,"AB179747.1 Hepatitis B virus (genotype H) genomic DNA, complete genome, isolate: HB-JBDH1",data/refs/Hepadnaviridae/HBV-genotype-H/isolate_8.fasta,,8,3
Hepadnaviridae,3,HBV-genotype-H,7,Hepatitis B virus,genotype H,122703723,3215,"AB275308.1 Hepatitis B virus DNA, complete genome, genotype: H",data/refs/Hepadnaviridae/HBV-genotype-H/isolate_9.fasta,,9,4
Retroviridae,4,HIV-1-subtype-B,1,Human immunodeficiency virus 1,HXB2 OR NL4-3 OR JR-CSF OR ADA OR WEAU OR RF OR MN OR BRU,3511259,9493,"AF075719.1 HIV-1 isolate MN clone MNTQ from the USA, complete genome",data/refs/Retroviridae/HIV-1-subtype-B/isolate_0.fasta,,0,0
Retroviridae,4,HIV-1-subtype-B,1,Human immunodeficiency virus 1,HXB2 OR NL4-3 OR JR-CSF OR ADA OR WEAU OR RF OR MN OR BRU,328565,9128,"M17451.1 Human immunodeficiency virus type 1, isolate RF (HAT-3), complete genome",data/refs/Retroviridae/HIV-1-subtype-B/isolate_1.fasta,,1,1
Retroviridae,4,HIV-1-subtype-B,1,Human immunodeficiency virus 1,HXB2 OR NL4-3 OR JR-CSF OR ADA OR WEAU OR RF OR MN OR BRU,2281652,9715,"AF004394.1 HIV-1 strain ADA clone AD8, complete genome",data/refs/Retroviridae/HIV-1-subtype-B/isolate_2.fasta,,2,2
Retroviridae,4,HIV-1-subtype-B,1,Human immunodeficiency virus 1,HXB2 OR NL4-3 OR JR-CSF OR ADA OR WEAU OR RF OR MN OR BRU,1772624,9720,"U21135.1 Human immunodeficiency virus type 1 clone WEAU 1.60, complete genome",data/refs/Retroviridae/HIV-1-subtype-B/isolate_3.fasta,,3,3
Retroviridae,4,HIV-1-subtype-B,1,Human immunodeficiency virus 1,HXB2 OR NL4-3 OR JR-CSF OR ADA OR WEAU OR RF OR MN OR BRU,326417,9229,"K02013.1 Human immunodeficiency virus type 1, isolate BRU, complete genome (LAV-1)",data/refs/Retroviridae/HIV-1-subtype-B/isolate_4.fasta,,4,4
Retroviridae,4,HIV-1-subtype-B,1,Human immunodeficiency virus 1,HXB2 OR NL4-3 OR JR-CSF OR ADA OR WEAU OR RF OR MN OR BRU,1906382,9719,"K03455.1 Human immunodeficiency virus type 1 (HXB2), complete genome; HIV1/HTLV-III/LAV reference genome",data/refs/Retroviridae/HIV-1-subtype-B/isolate_5.fasta,,5,0
Retroviridae,4,HIV-1-subtype-B,1,Human immunodeficiency virus 1,HXB2 OR NL4-3 OR JR-CSF OR ADA OR WEAU OR RF OR MN OR BRU,328030,9738,"M17449.1 Human immunodeficiency virus type 1, isolate MN, complete genome",data/refs/Retroviridae/HIV-1-subtype-B/isolate_6.fasta,,6,1
Retroviridae,4,HIV-1-subtype-C,2,Human immunodeficiency virus 1,subtype C,6016887,9680,"AB023804.1 Human immunodeficiency virus 1 subtype C genomic RNA, complete genome",data/refs/Retroviridae/HIV-1-subtype-C/isolate_0.fasta,,0,0
Retroviridae,4,HIV-1-subtype-C,2,Human immunodeficiency virus 1,subtype C,26000273,9691,"AY162225.1 HIV-1 strain TV012 clone 2/1_4 subtype C from South Africa, complete genome",data/refs/Retroviridae/HIV-1-subtype-C/isolate_1.fasta,,1,1
Retroviridae,4,HIV-1-subtype-C,2,Human immunodeficiency virus 1,subtype C,26000263,9738,"AY162224.1 HIV-1 strain TV002 clone 12/5_1 subtype C from South Africa, complete genome",data/refs/Retroviridae/HIV-1-subtype-C/isolate_2.fasta,,2,2
Retroviridae,4,HIV-1-subtype-C,2,Human immunodeficiency virus 1,subtype C,26000253,9781,"AY162223.1 HIV-1 strain TV001 clone 8_5 subtype C from South Africa, complete genome",data/refs/Retroviridae/HIV-1-subtype-C/isolate_3.fasta,,3,3
Retroviridae,4,HIV-2,7,Human immunodeficiency virus 2,,9628880,10359,"NC_001722.1 Human immunodeficiency virus 2, complete genome",data/refs/Retroviridae/HIV-2/isolate_0.fasta,,0,0
Retroviridae,4,HIV-2,7,Human immunodeficiency virus 2,,3275119394,10266,"LC927254.1 Human immunodeficiency virus 2 08JP.NMC842 proviral DNA, complete genome",data/refs/Retroviridae/HIV-2/isolate_1.fasta,,1,1
Retroviridae,4,HIV-2,7,Human immunodeficiency virus 2,,3275119384,10235,"LC927253.1 Human immunodeficiency virus 2 07JP.NMC716 proviral DNA, complete genome",data/refs/Retroviridae/HIV-2/isolate_2.fasta,,2,2
Retroviridae,4,HIV-2,7,Human immunodeficiency virus 2,,32879750,9339,"AB100245.1 Human immunodeficiency virus 2 01JP-IMCJ/KR020.1 proviral DNA, nearly complete genome",data/refs/Retroviridae/HIV-2/isolate_3.fasta,,3,3
Retroviridae,4,HIV-2,7,Human immunodeficiency virus 2,,325709,9480,"M30895.1 Human immunodeficiency virus type 2 (isolate GH-1) proviral DNA complete genome, clone 8",data/refs/Retroviridae/HIV-2/isolate_4.fasta,,4,4
Retroviridae,4,HIV-2,7,Human immunodeficiency virus 2,,442564818,10240,"AB731745.1 Human immunodeficiency virus 2 proviral DNA, complete genome, clone: 08JP_NMC842_clone_23",data/refs/Retroviridae/HIV-2/isolate_5.fasta,,5,0
Retroviridae,4,HIV-2,7,Human immunodeficiency virus 2,,442564798,10301,"AB731743.1 Human immunodeficiency virus 2 proviral DNA, complete genome, clone: 08JP_NMC786_clone_43",data/refs/Retroviridae/HIV-2/isolate_6.fasta,,6,1
Retroviridae,4,HIV-2,7,Human immunodeficiency virus 2,,442564788,10301,"AB731742.1 Human immunodeficiency virus 2 proviral DNA, complete genome, clone: 08JP_NMC786_clone_41",data/refs/Retroviridae/HIV-2/isolate_7.fasta,,7,2
Retroviridae,4,HIV-2,7,Human immunodeficiency virus 2,,442564778,10213,"AB731741.1 Human immunodeficiency virus 2 proviral DNA, complete genome, clone: 07JP_NMC716_clone_03",data/refs/Retroviridae/HIV-2/isolate_8.fasta,,8,3
Retroviridae,4,HIV-2,7,Human immunodeficiency virus 2,,442564768,10213,"AB731740.1 Human immunodeficiency virus 2 proviral DNA, complete genome, clone: 07JP_NMC716_clone_01",data/refs/Retroviridae/HIV-2/isolate_9.fasta,,9,4
Herpesviridae,5,HSV-1,0,Human herpesvirus 1,,820945227,152222,"NC_001806.2 Human herpesvirus 1 strain 17, complete genome",data/refs/Herpesviridae/HSV-1/isolate_0.fasta,,0,0
Herpesviridae,5,HSV-1,0,Human herpesvirus 1,,3346847444,150670,"PZ169719.1 Human alphaherpesvirus 1 strain Z_d40_skin_culture, complete genome",data/refs/Herpesviridae/HSV-1/isolate_1.fasta,,1,1
Herpesviridae,5,HSV-1,0,Human herpesvirus 1,,3346847290,150427,"PZ169717.1 Human alphaherpesvirus 1 strain Z_d10_skin, complete genome",data/refs/Herpesviridae/HSV-1/isolate_2.fasta,,2,2
Herpesviridae,5,HSV-1,0,Human herpesvirus 1,,3346847289,150594,"PZ169716.1 Human alphaherpesvirus 1 strain Z_d10_culture, complete genome",data/refs/Herpesviridae/HSV-1/isolate_3.fasta,,3,3
Herpesviridae,5,HSV-1,0,Human herpesvirus 1,,3346847057,150753,"PZ169713.1 Human alphaherpesvirus 1 strain Z_d9_eye_culture, complete genome",data/refs/Herpesviridae/HSV-1/isolate_4.fasta,,4,4
Herpesviridae,5,HSV-1,0,Human herpesvirus 1,,3346846901,150403,"PZ169711.1 Human alphaherpesvirus 1 strain F_d10_plasma_culture, complete genome",data/refs/Herpesviridae/HSV-1/isolate_5.fasta,,5,0
Herpesviridae,5,HSV-1,0,Human herpesvirus 1,,3346846824,150681,"PZ169710.1 Human alphaherpesvirus 1 strain D_d12_skin, complete genome",data/refs/Herpesviridae/HSV-1/isolate_6.fasta,,6,1
Herpesviridae,5,HSV-1,0,Human herpesvirus 1,,3346846747,150287,"PZ169709.1 Human alphaherpesvirus 1 strain D_d12_skin_culture, complete genome",data/refs/Herpesviridae/HSV-1/isolate_7.fasta,,7,2
Herpesviridae,5,HSV-1,0,Human herpesvirus 1,,3346845895,150642,"PZ169698.1 Human alphaherpesvirus 1 strain B_d9_pharynx, complete genome",data/refs/Herpesviridae/HSV-1/isolate_8.fasta,,8,3
Herpesviridae,5,HSV-1,0,Human herpesvirus 1,,3346845741,151056,"PZ169696.1 Human alphaherpesvirus 1 strain B_d8_plasma, complete genome",data/refs/Herpesviridae/HSV-1/isolate_9.fasta,,9,4
Herpesviridae,5,HSV-2,1,Human herpesvirus 2,,820945149,154675,"NC_001798.2 Human herpesvirus 2 strain HG52, complete genome",data/refs/Herpesviridae/HSV-2/isolate_0.fasta,,0,0
Herpesviridae,5,HSV-2,1,Human herpesvirus 2,,3248754895,155875,"PZ135825.1 Human alphaherpesvirus 2 isolate 51-SV_uncultured, complete genome",data/refs/Herpesviridae/HSV-2/isolate_1.fasta,,1,1
Herpesviridae,5,HSV-2,1,Human herpesvirus 2,,2199428945,155498,"OM370995.1 Human alphaherpesvirus 2 strain G, complete genome",data/refs/Herpesviridae/HSV-2/isolate_2.fasta,,2,2
Herpesviridae,5,HSV-2,1,Human herpesvirus 2,,1839357457,155975,"MK855052.1 Human alphaherpesvirus 2 strain MS, complete genome",data/refs/Herpesviridae/HSV-2/isolate_3.fasta,,3,3
Herpesviridae,5,HSV-2,1,Human herpesvirus 2,,1817985248,156293,"MN187895.1 Human alphaherpesvirus 2 isolate HJ12, complete genome",data/refs/Herpesviridae/HSV-2/isolate_4.fasta,,4,4
Herpesviridae,5,HSV-2,1,Human herpesvirus 2,,1154066553,138917,"LT799380.1 Human herpesvirus 2 isolate 9 genome assembly, complete genome: monopartite",data/refs/Herpesviridae/HSV-2/isolate_5.fasta,,5,0
Herpesviridae,5,HSV-2,1,Human herpesvirus 2,,1152067401,138939,"LT797786.1 Human herpesvirus 2 isolate 16 genome assembly, complete genome: monopartite",data/refs/Herpesviridae/HSV-2/isolate_6.fasta,,6,1
Herpesviridae,5,HSV-2,1,Human herpesvirus 2,,1152067400,138881,"LT797682.1 Human herpesvirus 2 isolate 18 genome assembly, complete genome: monopartite",data/refs/Herpesviridae/HSV-2/isolate_7.fasta,,7,2
Herpesviridae,5,HSV-2,1,Human herpesvirus 2,,1152067399,138913,"LT797636.1 Human herpesvirus 2 isolate 17 genome assembly, complete genome: monopartite",data/refs/Herpesviridae/HSV-2/isolate_8.fasta,,8,3
Herpesviridae,5,HSV-2,1,Human herpesvirus 2,,1152067398,138769,"LT797635.1 Human herpesvirus 2 isolate 11 genome assembly, complete genome: monopartite",data/refs/Herpesviridae/HSV-2/isolate_9.fasta,,9,4
Herpesviridae,5,VZV,2,Human herpesvirus 3,,9625875,124884,"NC_001348.1 Human herpesvirus 3, complete genome",data/refs/Herpesviridae/VZV/isolate_0.fasta,,0,0
Herpesviridae,5,VZV,2,Human herpesvirus 3,,2918407279,124866,"PV061461.1 Human alphaherpesvirus 3 Assam.INDIA/GMCH/VZV01, complete genome",data/refs/Herpesviridae/VZV/isolate_1.fasta,,1,1
Herpesviridae,5,VZV,2,Human herpesvirus 3,,2889878048,124848,"PQ641243.1 Human alphaherpesvirus 3 isolate PS24, complete genome",data/refs/Herpesviridae/VZV/isolate_2.fasta,,2,2
Herpesviridae,5,VZV,2,Human herpesvirus 3,,2855100227,124668,"PQ505474.1 Human alphaherpesvirus 3 isolate KE_23082024, complete genome",data/refs/Herpesviridae/VZV/isolate_3.fasta,,3,3
Herpesviridae,5,VZV,2,Human herpesvirus 3,,2694744273,125466,"PP261332.1 UNVERIFIED: Human alphaherpesvirus 3 isolate NSYY3, complete genome",data/refs/Herpesviridae/VZV/isolate_4.fasta,,4,4
Herpesviridae,5,VZV,2,Human herpesvirus 3,,2694744199,125610,"PP261331.1 Human alphaherpesvirus 3 isolate NSYY1, complete genome",data/refs/Herpesviridae/VZV/isolate_5.fasta,,5,0
Herpesviridae,5,VZV,2,Human herpesvirus 3,,2694742488,124707,"PP386307.1 Human alphaherpesvirus 3 strain MBC048, complete genome",data/refs/Herpesviridae/VZV/isolate_6.fasta,,6,1
Herpesviridae,5,VZV,2,Human herpesvirus 3,,2658863158,124854,"PP169944.1 Human alphaherpesvirus 3 isolate VZV-2/NIH-Pakistan/2023, complete genome",data/refs/Herpesviridae/VZV/isolate_7.fasta,,7,2
Herpesviridae,5,VZV,2,Human herpesvirus 3,,2577521086,124889,"OQ916050.1 Human alphaherpesvirus 3 isolate MCL-22-H-32-5616_DNA_644, complete genome",data/refs/Herpesviridae/VZV/isolate_8.fasta,,8,3
Herpesviridae,5,VZV,2,Human herpesvirus 3,,2577521034,124822,"OQ916049.1 UNVERIFIED: Human alphaherpesvirus 3 isolate MCL-22-H-22-5441_DNA_643, complete genome",data/refs/Herpesviridae/VZV/isolate_9.fasta,,9,4
Herpesviridae,5,EBV,3,Human herpesvirus 4,,139424470,172764,"NC_009334.1 Human herpesvirus 4, complete genome",data/refs/Herpesviridae/EBV/isolate_0.fasta,,0,0
Herpesviridae,5,EBV,3,Human herpesvirus 4,,82503188,171823,"NC_007605.1 Human gammaherpesvirus 4, complete genome",data/refs/Herpesviridae/EBV/isolate_1.fasta,,1,1
Herpesviridae,5,EBV,3,Human herpesvirus 4,,2727548850,176176,"OR134772.1 Human gammaherpesvirus 4 isolate YCC-10, complete genome",data/refs/Herpesviridae/EBV/isolate_2.fasta,,2,2
Herpesviridae,5,EBV,3,Human herpesvirus 4,,2727548809,169424,"OR134771.1 Human gammaherpesvirus 4 isolate SNU-719, complete genome",data/refs/Herpesviridae/EBV/isolate_3.fasta,,3,3
Herpesviridae,5,EBV,3,Human herpesvirus 4,,2727548777,171437,"OR134770.1 Human gammaherpesvirus 4 isolate Raji, complete genome",data/refs/Herpesviridae/EBV/isolate_4.fasta,,4,4
Herpesviridae,5,EBV,3,Human herpesvirus 4,,2727548735,173200,"OR134769.1 Human gammaherpesvirus 4 isolate NPC43, complete genome",data/refs/Herpesviridae/EBV/isolate_5.fasta,,5,0
Herpesviridae,5,EBV,3,Human herpesvirus 4,,2727548694,170964,"OR134768.1 Human gammaherpesvirus 4 isolate M81, complete genome",data/refs/Herpesviridae/EBV/isolate_6.fasta,,6,1
Herpesviridae,5,EBV,3,Human herpesvirus 4,,2727548654,171946,"OR134767.1 Human gammaherpesvirus 4 isolate C666-1, complete genome",data/refs/Herpesviridae/EBV/isolate_7.fasta,,7,2
Herpesviridae,5,EBV,3,Human herpesvirus 4,,2727548610,166363,"OR134766.1 Human gammaherpesvirus 4 isolate C17, complete genome",data/refs/Herpesviridae/EBV/isolate_8.fasta,,8,3
Herpesviridae,5,EBV,3,Human herpesvirus 4,,2727548570,162698,"OR134765.1 Human gammaherpesvirus 4 isolate B95-8, complete genome",data/refs/Herpesviridae/EBV/isolate_9.fasta,,9,4
Herpesviridae,5,HCMV,4,Human herpesvirus 5,,155573622,235646,"NC_006273.2 Human herpesvirus 5 strain Merlin, complete genome",data/refs/Herpesviridae/HCMV/isolate_0.fasta,,0,0
Herpesviridae,5,HCMV,4,Human herpesvirus 5,,3334157317,232182,"PZ137009.1 Human betaherpesvirus 5 strain Towne, complete genome",data/refs/Herpesviridae/HCMV/isolate_1.fasta,,1,1
Herpesviridae,5,HCMV,4,Human herpesvirus 5,,3069859668,235700,"LC846339.1 Human betaherpesvirus 5 20026 DNA, complete genome",data/refs/Herpesviridae/HCMV/isolate_2.fasta,,2,2
Herpesviridae,5,HCMV,4,Human herpesvirus 5,,3069859500,235198,"LC846338.1 Human betaherpesvirus 5 22383 DNA, complete genome",data/refs/Herpesviridae/HCMV/isolate_3.fasta,,3,3
Herpesviridae,5,HCMV,4,Human herpesvirus 5,,3057916491,231043,"PX246278.1 Human betaherpesvirus 5 isolate BR/2023-012844/IEC/NS/2023, complete genome",data/refs/Herpesviridae/HCMV/isolate_4.fasta,,4,4
Herpesviridae,5,HCMV,4,Human herpesvirus 5,,2993367251,233804,"PQ851844.1 Human betaherpesvirus 5 isolate B-234, complete genome",data/refs/Herpesviridae/HCMV/isolate_5.fasta,,5,0
Herpesviridae,5,HCMV,4,Human herpesvirus 5,,2993367090,233819,"PQ851843.1 Human betaherpesvirus 5 isolate B-209, complete genome",data/refs/Herpesviridae/HCMV/isolate_6.fasta,,6,1
Herpesviridae,5,HCMV,4,Human herpesvirus 5,,2993366929,233822,"PQ851842.1 Human betaherpesvirus 5 isolate B-192, complete genome",data/refs/Herpesviridae/HCMV/isolate_7.fasta,,7,2
Herpesviridae,5,HCMV,4,Human herpesvirus 5,,2993366768,233855,"PQ851841.1 Human betaherpesvirus 5 isolate B-178, complete genome",data/refs/Herpesviridae/HCMV/isolate_8.fasta,,8,3
Herpesviridae,5,HCMV,4,Human herpesvirus 5,,2993366607,233799,"PQ851840.1 Human betaherpesvirus 5 isolate B-164, complete genome",data/refs/Herpesviridae/HCMV/isolate_9.fasta,,9,4
Herpesviridae,5,HHV-6A,5,Human betaherpesvirus 6A,,1344462938,159378,"NC_001664.4 Human betaherpesvirus 6A, variant A DNA, complete virion genome, isolate U1102",data/refs/Herpesviridae/HHV-6A/isolate_0.fasta,,0,0
Herpesviridae,5,HHV-6A,5,Human betaherpesvirus 6A,,2747363984,156792,"PP921919.1 Human betaherpesvirus 6A isolate MBC025, partial genome",data/refs/Herpesviridae/HHV-6A/isolate_1.fasta,,1,1
Herpesviridae,5,HHV-6A,5,Human betaherpesvirus 6A,,1914215702,140968,"MW049322.1 Human betaherpesvirus 6A strain HHV6A_LF5A, partial genome",data/refs/Herpesviridae/HHV-6A/isolate_2.fasta,,2,2
Herpesviridae,5,HHV-6A,5,Human betaherpesvirus 6A,,1914215613,147118,"MW049321.1 Human betaherpesvirus 6A strain HHV6A_LF3A, partial genome",data/refs/Herpesviridae/HHV-6A/isolate_3.fasta,,3,3
Herpesviridae,5,HHV-6A,5,Human betaherpesvirus 6A,,1914215439,143354,"MW049319.1 Human betaherpesvirus 6A strain HHV6A_LF1A, partial genome",data/refs/Herpesviridae/HHV-6A/isolate_4.fasta,,4,4
Herpesviridae,5,HHV-6A,5,Human betaherpesvirus 6A,,1914215350,147459,"MW049318.1 Human betaherpesvirus 6A strain HHV6A_HGDP00628, partial genome",data/refs/Herpesviridae/HHV-6A/isolate_5.fasta,,5,0
Herpesviridae,5,HHV-6A,5,Human betaherpesvirus 6A,,1914215261,147112,"MW049317.1 Human betaherpesvirus 6A strain HHV6A_506035, partial genome",data/refs/Herpesviridae/HHV-6A/isolate_6.fasta,,6,1
Herpesviridae,5,HHV-6A,5,Human betaherpesvirus 6A,,1914215175,142532,"MW049316.1 Human betaherpesvirus 6A strain HHV6A_303046, partial genome",data/refs/Herpesviridae/HHV-6A/isolate_7.fasta,,7,2
Herpesviridae,5,HHV-6A,5,Human betaherpesvirus 6A,,1914215090,142751,"MW049315.1 Human betaherpesvirus 6A strain HHV6A_303035, partial genome",data/refs/Herpesviridae/HHV-6A/isolate_8.fasta,,8,3
Herpesviridae,5,HHV-6A,5,Human betaherpesvirus 6A,,1914215005,140481,"MW049314.1 Human betaherpesvirus 6A strain HHV6A_107040, partial genome",data/refs/Herpesviridae/HHV-6A/isolate_9.fasta,,9,4
Herpesviridae,5,HHV-6B,6,Human herpesvirus 6B,,9633069,162114,"NC_000898.1 Human herpesvirus 6B, complete genome",data/refs/Herpesviridae/HHV-6B/isolate_0.fasta,,0,0
Herpesviridae,5,HHV-6B,6,Human herpesvirus 6B,,2601014637,162025,"OR643889.1 Human betaherpesvirus 6B isolate AA-51, complete genome",data/refs/Herpesviridae/HHV-6B/isolate_1.fasta,,1,1
Herpesviridae,5,HHV-6B,6,Human herpesvirus 6B,,1992372275,162121,"MW536483.1 Human betaherpesvirus 6B strain Z29, complete genome",data/refs/Herpesviridae/HHV-6B/isolate_2.fasta,,2,2
Herpesviridae,5,HHV-6B,6,Human herpesvirus 6B,,1603483844,162076,"MH698402.1 Human betaherpesvirus 6B strain GTEX-OXRO_icihv6b, complete genome",data/refs/Herpesviridae/HHV-6B/isolate_3.fasta,,3,3
Herpesviridae,5,HHV-6B,6,Human herpesvirus 6B,,1603483791,161973,"MH698401.1 Human betaherpesvirus 6B strain GTEX-YF7O_icihhv6b, complete genome",data/refs/Herpesviridae/HHV-6B/isolate_4.fasta,,4,4
Herpesviridae,5,HHV-6B,6,Human herpesvirus 6B,,4995977,161573,"AB021506.1 Human herpesvirus 6B DNA, complete genome, strain: HST",data/refs/Herpesviridae/HHV-6B/isolate_5.fasta,,5,0
Herpesviridae,5,HHV-7,7,Human herpesvirus 7,,51874225,153080,"NC_001716.2 Human herpesvirus 7, complete genome",data/refs/Herpesviridae/HHV-7/isolate_0.fasta,,0,0
Herpesviridae,5,HHV-7,7,Human herpesvirus 7,,3101627359,150870,"PV694273.1 UNVERIFIED: Human betaherpesvirus 7 isolate BB5379, complete genome",data/refs/Herpesviridae/HHV-7/isolate_1.fasta,,1,1
Herpesviridae,5,HHV-7,7,Human herpesvirus 7,,3101627358,151014,"PV694272.1 UNVERIFIED: Human betaherpesvirus 7 isolate BB5371, complete genome",data/refs/Herpesviridae/HHV-7/isolate_2.fasta,,2,2
Herpesviridae,5,HHV-7,7,Human herpesvirus 7,,3101627357,151631,"PV694271.1 UNVERIFIED: Human betaherpesvirus 7 isolate BB5269, complete genome",data/refs/Herpesviridae/HHV-7/isolate_3.fasta,,3,3
Herpesviridae,5,HHV-7,7,Human herpesvirus 7,,2911517030,148303,PQ541394.1 MAG: Human betaherpesvirus 7 isolate HHV7-1-wuxi genomic sequence,data/refs/Herpesviridae/HHV-7/isolate_4.fasta,,4,4
Herpesviridae,5,HHV-7,7,Human herpesvirus 7,,2597795808,144752,"OR634980.1 Human betaherpesvirus 7 isolate FIN-6, partial genome",data/refs/Herpesviridae/HHV-7/isolate_5.fasta,,5,0
Herpesviridae,5,HHV-7,7,Human herpesvirus 7,,2597795768,144747,"OR634979.1 Human betaherpesvirus 7 isolate FIN-5, partial genome",data/refs/Herpesviridae/HHV-7/isolate_6.fasta,,6,1
Herpesviridae,5,HHV-7,7,Human herpesvirus 7,,2238292329,152524,"ON023041.1 Human betaherpesvirus 7 isolate FIN-4, partial genome",data/refs/Herpesviridae/HHV-7/isolate_7.fasta,,7,2
Herpesviridae,5,HHV-7,7,Human herpesvirus 7,,2238292260,147997,"ON023040.1 Human betaherpesvirus 7 isolate FIN-3, partial genome",data/refs/Herpesviridae/HHV-7/isolate_8.fasta,,8,3
Herpesviridae,5,HHV-7,7,Human herpesvirus 7,,2238292191,149223,"ON023039.1 Human betaherpesvirus 7 isolate FIN-2, partial genome",data/refs/Herpesviridae/HHV-7/isolate_9.fasta,,9,4
Picornaviridae,6,Poliovirus-1,0,Poliovirus 1,complete genome,2809804521,7441,"PP506141.1 Poliovirus 1 isolate S46/10, complete genome",data/refs/Picornaviridae/Poliovirus-1/isolate_0.fasta,,0,0
Picornaviridae,6,Poliovirus-1,0,Poliovirus 1,complete genome,2809804519,7441,"PP506140.1 Poliovirus 1 isolate S358/09, complete genome",data/refs/Picornaviridae/Poliovirus-1/isolate_1.fasta,,1,1
Picornaviridae,6,Poliovirus-1,0,Poliovirus 1,complete genome,2809804517,7441,"PP506139.1 Poliovirus 1 isolate S326/09, complete genome",data/refs/Picornaviridae/Poliovirus-1/isolate_2.fasta,,2,2
Picornaviridae,6,Poliovirus-1,0,Poliovirus 1,complete genome,2789743710,7354,"OR129532.1 Poliovirus 1 strain P2149 cold variant, complete genome",data/refs/Picornaviridae/Poliovirus-1/isolate_3.fasta,,3,3
Picornaviridae,6,Poliovirus-1,0,Poliovirus 1,complete genome,2664565847,7441,"PP068134.1 Mutant Poliovirus 1 isolate USA/23-S19-Mah_PV1, complete genome",data/refs/Picornaviridae/Poliovirus-1/isolate_4.fasta,,4,4
Picornaviridae,6,Poliovirus-1,0,Poliovirus 1,complete genome,2664565789,7441,"PP068131.1 Mutant Poliovirus 1 isolate USA/23-S19-1_PV1, complete genome",data/refs/Picornaviridae/Poliovirus-1/isolate_5.fasta,,5,0
Picornaviridae,6,Poliovirus-1,0,Poliovirus 1,complete genome,2577287697,7506,"OR253701.1 Poliovirus 1 isolate nOPV1, complete genome",data/refs/Picornaviridae/Poliovirus-1/isolate_6.fasta,,6,1
Picornaviridae,6,Poliovirus-1,0,Poliovirus 1,complete genome,2449912056,7361,"OQ286212.1 Poliovirus 1 isolate 23_05_19, complete genome",data/refs/Picornaviridae/Poliovirus-1/isolate_7.fasta,,7,2
Picornaviridae,6,Poliovirus-1,0,Poliovirus 1,complete genome,2449912054,7361,"OQ286211.1 Poliovirus 1 isolate 21_03_19, complete genome",data/refs/Picornaviridae/Poliovirus-1/isolate_8.fasta,,8,3
Picornaviridae,6,Poliovirus-1,0,Poliovirus 1,complete genome,2449912048,7361,"OQ286208.1 Poliovirus 1 isolate 20_06_19, complete genome",data/refs/Picornaviridae/Poliovirus-1/isolate_9.fasta,,9,4
Picornaviridae,6,Poliovirus-2,1,Poliovirus 2,complete genome,3134038678,7439,"PX725683.1 Poliovirus 2 isolate BOT/2023-23652, complete genome",data/refs/Picornaviridae/Poliovirus-2/isolate_0.fasta,,0,0
Picornaviridae,6,Poliovirus-2,1,Poliovirus 2,complete genome,3134038676,7501,"PX725682.1 Poliovirus 2 isolate BOT/2023-23651, complete genome",data/refs/Picornaviridae/Poliovirus-2/isolate_1.fasta,,1,1
Picornaviridae,6,Poliovirus-2,1,Poliovirus 2,complete genome,3134038674,7501,"PX725681.1 Poliovirus 2 isolate BOT/2023-23650, complete genome",data/refs/Picornaviridae/Poliovirus-2/isolate_2.fasta,,2,2
Picornaviridae,6,Poliovirus-2,1,Poliovirus 2,complete genome,3134038672,7501,"PX725680.1 Poliovirus 2 isolate BOT/2023-23649, complete genome",data/refs/Picornaviridae/Poliovirus-2/isolate_3.fasta,,3,3
Picornaviridae,6,Poliovirus-2,1,Poliovirus 2,complete genome,3134038670,7501,"PX725679.1 Poliovirus 2 isolate BOT/2023-23648, complete genome",data/refs/Picornaviridae/Poliovirus-2/isolate_4.fasta,,4,4
Picornaviridae,6,Poliovirus-2,1,Poliovirus 2,complete genome,3134038668,7500,"PX725678.1 Poliovirus 2 isolate BOT/2023-23647, complete genome",data/refs/Picornaviridae/Poliovirus-2/isolate_5.fasta,,5,0
Picornaviridae,6,Poliovirus-2,1,Poliovirus 2,complete genome,3134038666,7439,"PX725677.1 Poliovirus 2 isolate BOT/2022-23659, complete genome",data/refs/Picornaviridae/Poliovirus-2/isolate_6.fasta,,6,1
Picornaviridae,6,Poliovirus-2,1,Poliovirus 2,complete genome,3134038664,7439,"PX725676.1 Poliovirus 2 isolate BOT/2022-23658, complete genome",data/refs/Picornaviridae/Poliovirus-2/isolate_7.fasta,,7,2
Picornaviridae,6,Poliovirus-2,1,Poliovirus 2,complete genome,3134038662,7439,"PX725675.1 Poliovirus 2 isolate BOT/2022-23657, complete genome",data/refs/Picornaviridae/Poliovirus-2/isolate_8.fasta,,8,3
Picornaviridae,6,Poliovirus-2,1,Poliovirus 2,complete genome,3134038660,7439,"PX725674.1 Poliovirus 2 isolate BOT/2022-23656, complete genome",data/refs/Picornaviridae/Poliovirus-2/isolate_9.fasta,,9,4
Picornaviridae,6,Poliovirus-3,2,Poliovirus 3,,3247991406,7432,"PZ134350.1 Poliovirus 3 isolate ZJ-23-8-1, complete genome",data/refs/Picornaviridae/Poliovirus-3/isolate_0.fasta,,0,0
Picornaviridae,6,Poliovirus-3,2,Poliovirus 3,,2783608783,6621,"PP356987.1 Poliovirus 3 isolate 55183RJ24-BR polyprotein gene, complete cds",data/refs/Picornaviridae/Poliovirus-3/isolate_1.fasta,,1,1
Picornaviridae,6,Poliovirus-3,2,Poliovirus 3,,2783608781,6621,"PP356986.1 Poliovirus 3 isolate 55820RJ24-BR polyprotein gene, complete cds",data/refs/Picornaviridae/Poliovirus-3/isolate_2.fasta,,2,2
Picornaviridae,6,Poliovirus-3,2,Poliovirus 3,,2783608777,7456,"PP348560.1 Poliovirus 3 isolate 53459RJ24-BR polyprotein gene, complete cds",data/refs/Picornaviridae/Poliovirus-3/isolate_3.fasta,,3,3
Picornaviridae,6,Poliovirus-3,2,Poliovirus 3,,2783608775,7380,"PP348559.1 Poliovirus 3 isolate 53394RJ24-BR polyprotein gene, complete cds",data/refs/Picornaviridae/Poliovirus-3/isolate_4.fasta,,4,4
Picornaviridae,6,Poliovirus-3,2,Poliovirus 3,,2783608773,7417,"PP348558.1 Poliovirus 3 isolate 45507RJ24BR polyprotein gene, complete cds",data/refs/Picornaviridae/Poliovirus-3/isolate_5.fasta,,5,0
Picornaviridae,6,Poliovirus-3,2,Poliovirus 3,,2809804541,7431,"PP533225.1 Poliovirus 3 isolate S11/17, complete genome",data/refs/Picornaviridae/Poliovirus-3/isolate_6.fasta,,6,1
Picornaviridae,6,Poliovirus-3,2,Poliovirus 3,,2809804539,7431,"PP533224.1 Poliovirus 3 isolate S310/16, complete genome",data/refs/Picornaviridae/Poliovirus-3/isolate_7.fasta,,7,2
Picornaviridae,6,Poliovirus-3,2,Poliovirus 3,,2809804537,7432,"PP533223.1 Poliovirus 3 isolate S335/16, complete genome",data/refs/Picornaviridae/Poliovirus-3/isolate_8.fasta,,8,3
Picornaviridae,6,Poliovirus-3,2,Poliovirus 3,,2809804535,7431,"PP533222.1 Poliovirus 3 isolate S396/19, complete genome",data/refs/Picornaviridae/Poliovirus-3/isolate_9.fasta,,9,4
Picornaviridae,6,Coxsackievirus-A16,3,Coxsackievirus A16,,2927316225,7324,"PV173118.1 Coxsackievirus A16 isolate AI008F1, complete genome",data/refs/Picornaviridae/Coxsackievirus-A16/isolate_0.fasta,,0,0
Picornaviridae,6,Coxsackievirus-A16,3,Coxsackievirus A16,,2927316223,7322,"PV173117.1 Coxsackievirus A16 isolate BC022S, complete genome",data/refs/Picornaviridae/Coxsackievirus-A16/isolate_1.fasta,,1,1
Picornaviridae,6,Coxsackievirus-A16,3,Coxsackievirus A16,,2927316221,7305,"PV173116.1 Coxsackievirus A16 isolate BC008S, complete genome",data/refs/Picornaviridae/Coxsackievirus-A16/isolate_2.fasta,,2,2
Picornaviridae,6,Coxsackievirus-A16,3,Coxsackievirus A16,,2927316219,7282,"PV173115.1 Coxsackievirus A16 isolate BI004S3, complete genome",data/refs/Picornaviridae/Coxsackievirus-A16/isolate_3.fasta,,3,3
Picornaviridae,6,Coxsackievirus-A16,3,Coxsackievirus A16,,2927316217,7250,"PV173114.1 Coxsackievirus A16 isolate AS050, complete genome",data/refs/Picornaviridae/Coxsackievirus-A16/isolate_4.fasta,,4,4
Picornaviridae,6,Coxsackievirus-A16,3,Coxsackievirus A16,,2927316215,7251,"PV173113.1 Coxsackievirus A16 isolate AI009F1, complete genome",data/refs/Picornaviridae/Coxsackievirus-A16/isolate_5.fasta,,5,0
Picornaviridae,6,Coxsackievirus-A16,3,Coxsackievirus A16,,2927316213,7299,"PV173112.1 Coxsackievirus A16 isolate AI008F2, complete genome",data/refs/Picornaviridae/Coxsackievirus-A16/isolate_6.fasta,,6,1
Picornaviridae,6,Coxsackievirus-A16,3,Coxsackievirus A16,,2515310519,7393,"OQ091687.1 Coxsackievirus A16 strain CVA16_210048711501_FRA21, complete genome",data/refs/Picornaviridae/Coxsackievirus-A16/isolate_7.fasta,,7,2
Picornaviridae,6,Coxsackievirus-A16,3,Coxsackievirus A16,,2515310517,7393,"OQ091686.1 Coxsackievirus A16 strain CVA16_180026708702_FRA18, complete genome",data/refs/Picornaviridae/Coxsackievirus-A16/isolate_8.fasta,,8,3
Picornaviridae,6,Coxsackievirus-A16,3,Coxsackievirus A16,,2515310515,7394,"OQ091685.1 Coxsackievirus A16 strain CVA16_180029339302_FRA18, complete genome",data/refs/Picornaviridae/Coxsackievirus-A16/isolate_9.fasta,,9,4
Picornaviridae,6,Coxsackievirus-B3,4,Coxsackievirus B3,,1464306883,7399,"NC_038307.1 Coxsackievirus B3 mRNA, complete genome",data/refs/Picornaviridae/Coxsackievirus-B3/isolate_0.fasta,,0,0
Picornaviridae,6,Coxsackievirus-B3,4,Coxsackievirus B3,,3324899151,7363,"PZ117059.1 Coxsackievirus B3 isolate SPb_12378/25mi/TA/NNovgorod/2025/RU, complete genome",data/refs/Picornaviridae/Coxsackievirus-B3/isolate_1.fasta,,1,1
Picornaviridae,6,Coxsackievirus-B3,4,Coxsackievirus B3,,3324899147,7378,"PZ117057.1 Coxsackievirus B3 isolate SPb_12331/25EVI/Kostroma/2025/RU, complete genome",data/refs/Picornaviridae/Coxsackievirus-B3/isolate_2.fasta,,2,2
Picornaviridae,6,Coxsackievirus-B3,4,Coxsackievirus B3,,3070891594,7386,"PV863042.1 Coxsackievirus B3 isolate KM50-W07-P20, complete genome",data/refs/Picornaviridae/Coxsackievirus-B3/isolate_3.fasta,,3,3
Picornaviridae,6,Coxsackievirus-B3,4,Coxsackievirus B3,,3070891592,7383,"PV863041.1 Coxsackievirus B3 isolate KM50-W07-P15, complete genome",data/refs/Picornaviridae/Coxsackievirus-B3/isolate_4.fasta,,4,4
Picornaviridae,6,Coxsackievirus-B3,4,Coxsackievirus B3,,3070891590,7384,"PV863040.1 Coxsackievirus B3 isolate KM50-W07-P10, complete genome",data/refs/Picornaviridae/Coxsackievirus-B3/isolate_5.fasta,,5,0
Picornaviridae,6,Coxsackievirus-B3,4,Coxsackievirus B3,,3070891588,7379,"PV863039.1 Coxsackievirus B3 isolate KM50-W07-P5, complete genome",data/refs/Picornaviridae/Coxsackievirus-B3/isolate_6.fasta,,6,1
Picornaviridae,6,Coxsackievirus-B3,4,Coxsackievirus B3,,3070891586,7383,"PV863038.1 Coxsackievirus B3 isolate KM50-W07-P1, complete genome",data/refs/Picornaviridae/Coxsackievirus-B3/isolate_7.fasta,,7,2
Picornaviridae,6,Coxsackievirus-B3,4,Coxsackievirus B3,,3070891584,7378,"PV863037.1 Coxsackievirus B3 isolate KM22-W05-P20, complete genome",data/refs/Picornaviridae/Coxsackievirus-B3/isolate_8.fasta,,8,3
Picornaviridae,6,Coxsackievirus-B3,4,Coxsackievirus B3,,3070891582,7381,"PV863036.1 Coxsackievirus B3 isolate KM22-W05-P15, complete genome",data/refs/Picornaviridae/Coxsackievirus-B3/isolate_9.fasta,,9,4
Picornaviridae,6,Rhinovirus-A,5,Rhinovirus A,,1464306962,7137,"NC_038311.1 Human rhinovirus 1 strain ATCC VR-1559, complete genome",data/refs/Picornaviridae/Rhinovirus-A/isolate_0.fasta,,0,0
Picornaviridae,6,Rhinovirus-A,5,Rhinovirus A,,9627730,7152,"NC_001617.1 Human rhinovirus 89, complete genome",data/refs/Picornaviridae/Rhinovirus-A/isolate_1.fasta,,1,1
Picornaviridae,6,Rhinovirus-A,5,Rhinovirus A,,3353254151,7106,"PZ233729.1 Rhinovirus A101 isolate 23V-12724_250120007 polyprotein gene, complete cds",data/refs/Picornaviridae/Rhinovirus-A/isolate_2.fasta,,2,2
Picornaviridae,6,Rhinovirus-A,5,Rhinovirus A,,3353254149,7099,"PZ233728.1 Rhinovirus A98 isolate 23V-8489_250120023 polyprotein gene, complete cds",data/refs/Picornaviridae/Rhinovirus-A/isolate_3.fasta,,3,3
Picornaviridae,6,Rhinovirus-A,5,Rhinovirus A,,3353254145,7037,"PZ233726.1 Rhinovirus A18 isolate 23V-8677_250123004 polyprotein gene, partial cds",data/refs/Picornaviridae/Rhinovirus-A/isolate_4.fasta,,4,4
Picornaviridae,6,Rhinovirus-A,5,Rhinovirus A,,3353254135,7099,"PZ233721.1 Rhinovirus A101 isolate 23V-12723_250120006 polyprotein gene, complete cds",data/refs/Picornaviridae/Rhinovirus-A/isolate_5.fasta,,5,0
Picornaviridae,6,Rhinovirus-A,5,Rhinovirus A,,3353254133,7102,"PZ233720.1 Rhinovirus A106 isolate 23V-12705_250117018 polyprotein gene, complete cds",data/refs/Picornaviridae/Rhinovirus-A/isolate_6.fasta,,6,1
Picornaviridae,6,Rhinovirus-A,5,Rhinovirus A,,3353254131,7107,"PZ233719.1 Rhinovirus A40 isolate 23V-12698_250117013 polyprotein gene, complete cds",data/refs/Picornaviridae/Rhinovirus-A/isolate_7.fasta,,7,2
Picornaviridae,6,Rhinovirus-A,5,Rhinovirus A,,3353254127,7046,"PZ233717.1 Rhinovirus A12 isolate 23V-12375_250116002 polyprotein gene, partial cds",data/refs/Picornaviridae/Rhinovirus-A/isolate_8.fasta,,8,3
Picornaviridae,6,Rhinovirus-A,5,Rhinovirus A,,3353254125,7111,"PZ233716.1 Rhinovirus A98 isolate 23V-12363_250115017 polyprotein gene, complete cds",data/refs/Picornaviridae/Rhinovirus-A/isolate_9.fasta,,9,4
Picornaviridae,6,Rhinovirus-B,6,Rhinovirus B,,9626735,7212,"NC_001490.1 Rhinovirus B14, complete sequence",data/refs/Picornaviridae/Rhinovirus-B/isolate_0.fasta,,0,0
Picornaviridae,6,Rhinovirus-B,6,Rhinovirus B,,1464306975,7208,"NC_038312.1 Human rhinovirus 3, complete genome",data/refs/Picornaviridae/Rhinovirus-B/isolate_1.fasta,,1,1
Picornaviridae,6,Rhinovirus-B,6,Rhinovirus B,,3353254155,7045,"PZ233731.1 Rhinovirus B83 isolate 23V-8478_250120013 polyprotein gene, complete cds",data/refs/Picornaviridae/Rhinovirus-B/isolate_2.fasta,,2,2
Picornaviridae,6,Rhinovirus-B,6,Rhinovirus B,,3353254153,7054,"PZ233730.1 Rhinovirus B83 isolate 23V-8477_250120012 polyprotein gene, complete cds",data/refs/Picornaviridae/Rhinovirus-B/isolate_3.fasta,,3,3
Picornaviridae,6,Rhinovirus-B,6,Rhinovirus B,,3332198530,6950,PX404530.1 MAG: Rhinovirus B isolate HRVB/human/UGA/UVRI-KWL0300/2021 genomic sequence,data/refs/Picornaviridae/Rhinovirus-B/isolate_4.fasta,,4,4
Picornaviridae,6,Rhinovirus-B,6,Rhinovirus B,,3332198526,7077,PX404528.1 MAG: Rhinovirus B isolate HRVB/human/UGA/UVRI-KWL0289/2021 genomic sequence,data/refs/Picornaviridae/Rhinovirus-B/isolate_5.fasta,,5,0
Picornaviridae,6,Rhinovirus-B,6,Rhinovirus B,,3332198522,7184,PX404526.1 MAG: Rhinovirus B isolate HRVB/human/UGA/UVRI-KWL0299/2021 genomic sequence,data/refs/Picornaviridae/Rhinovirus-B/isolate_6.fasta,,6,1
Picornaviridae,6,Rhinovirus-B,6,Rhinovirus B,,3332198520,6924,PX404525.1 MAG: Rhinovirus B isolate HRVB/human/UGA/UVRI-KWL0270/2021 genomic sequence,data/refs/Picornaviridae/Rhinovirus-B/isolate_7.fasta,,7,2
Picornaviridae,6,Rhinovirus-B,6,Rhinovirus B,,3332198512,6791,PX404521.1 MAG: Rhinovirus B isolate HRVB/human/UGA/UVRI-KWL0249/2021 genomic sequence,data/refs/Picornaviridae/Rhinovirus-B/isolate_8.fasta,,8,3
Picornaviridae,6,Rhinovirus-B,6,Rhinovirus B,,3332198506,7212,PX404518.1 MAG: Rhinovirus B isolate HRVB/human/UGA/UVRI-KWL0193/2021 genomic sequence,data/refs/Picornaviridae/Rhinovirus-B/isolate_9.fasta,,9,4
Picornaviridae,6,Rhinovirus-C,7,Rhinovirus C,,1464310212,6944,"NC_038878.1 Human rhinovirus NAT001 polyprotein gene, complete cds",data/refs/Picornaviridae/Rhinovirus-C/isolate_0.fasta,,0,0
Picornaviridae,6,Rhinovirus-C,7,Rhinovirus C,,160700581,7099,"NC_009996.1 Human rhinovirus C, complete genome",data/refs/Picornaviridae/Rhinovirus-C/isolate_1.fasta,,1,1
Picornaviridae,6,Rhinovirus-C,7,Rhinovirus C,,3342271144,6890,"PZ496045.1 UNVERIFIED: Rhinovirus C isolate HRV_INS004/LOR/PER/2025, partial genome",data/refs/Picornaviridae/Rhinovirus-C/isolate_2.fasta,,2,2
Picornaviridae,6,Rhinovirus-C,7,Rhinovirus C,,3342271140,7036,"PZ496041.1 UNVERIFIED: Rhinovirus C isolate HRV_INS001/LOR/PER/2025, partial genome",data/refs/Picornaviridae/Rhinovirus-C/isolate_3.fasta,,3,3
Picornaviridae,6,Rhinovirus-C,7,Rhinovirus C,,3353254157,6911,"PZ233732.1 Rhinovirus C45 isolate 23V-8642_250122011 polyprotein gene, partial cds",data/refs/Picornaviridae/Rhinovirus-C/isolate_4.fasta,,4,4
Picornaviridae,6,Rhinovirus-C,7,Rhinovirus C,,3353254147,6949,"PZ233727.1 Rhinovirus C45 isolate 23V-8673_250122023 polyprotein gene, complete cds",data/refs/Picornaviridae/Rhinovirus-C/isolate_5.fasta,,5,0
Picornaviridae,6,Rhinovirus-C,7,Rhinovirus C,,3353254143,7004,"PZ233725.1 Rhinovirus C43 isolate 23V-8711_250123023 polyprotein gene, partial cds",data/refs/Picornaviridae/Rhinovirus-C/isolate_6.fasta,,6,1
Picornaviridae,6,Rhinovirus-C,7,Rhinovirus C,,3353254141,6884,"PZ233724.1 Rhinovirus C45 isolate 23V-8869_250124013 polyprotein gene, partial cds",data/refs/Picornaviridae/Rhinovirus-C/isolate_7.fasta,,7,2
Picornaviridae,6,Rhinovirus-C,7,Rhinovirus C,,3353254139,6747,"PZ233723.1 Rhinovirus C10 isolate 23V-9021_250124021 polyprotein gene, partial cds",data/refs/Picornaviridae/Rhinovirus-C/isolate_8.fasta,,8,3
Picornaviridae,6,Rhinovirus-C,7,Rhinovirus C,,3353254137,7040,"PZ233722.1 Rhinovirus C43 isolate 23V-9029_250127006 polyprotein gene, complete cds",data/refs/Picornaviridae/Rhinovirus-C/isolate_9.fasta,,9,4
Paramyxoviridae,7,Measles,0,Measles virus,,9626945,15894,"NC_001498.1 Measles virus, complete genome",data/refs/Paramyxoviridae/Measles/isolate_0.fasta,,0,0
Paramyxoviridae,7,Measles,0,Measles virus,,3351961535,15894,"PZ562648.1 Measles virus genotype A strain CAM/RB, complete genome",data/refs/Paramyxoviridae/Measles/isolate_1.fasta,,1,1
Paramyxoviridae,7,Measles,0,Measles virus,,3351228733,15471,"PZ569392.1 Measles virus genotype B3 isolate MVs/Oregon.USA/29.24/UT-UPHL-260612525206 [B3], partial genome",data/refs/Paramyxoviridae/Measles/isolate_2.fasta,,2,2
Paramyxoviridae,7,Measles,0,Measles virus,,3351228724,15767,"PZ569391.1 Measles virus genotype D8 isolate MVs/Utah.USA/22.26/UT-UPHL-260612191961 [D8], partial genome",data/refs/Paramyxoviridae/Measles/isolate_3.fasta,,3,3
Paramyxoviridae,7,Measles,0,Measles virus,,3351228715,15757,"PZ569390.1 Measles virus genotype D8 isolate MVs/Utah.USA/23.26/UT-UPHL-260612024232 [D8], partial genome",data/refs/Paramyxoviridae/Measles/isolate_4.fasta,,4,4
Paramyxoviridae,7,Measles,0,Measles virus,,3351228706,15742,"PZ569389.1 Measles virus genotype D8 isolate MVs/Oregon.USA/14.26/UT-UPHL-260612133145 [D8], partial genome",data/refs/Paramyxoviridae/Measles/isolate_5.fasta,,5,0
Paramyxoviridae,7,Measles,0,Measles virus,,3351228697,15778,"PZ569388.1 Measles virus genotype B3 isolate MVs/Oregon.USA/29.24/UT-UPHL-260612382058 [B3], partial genome",data/refs/Paramyxoviridae/Measles/isolate_6.fasta,,6,1
Paramyxoviridae,7,Measles,0,Measles virus,,3351228688,15636,"PZ569387.1 Measles virus genotype B3 isolate MVs/Oregon.USA/33.24/UT-UPHL-260612506374 [B3], partial genome",data/refs/Paramyxoviridae/Measles/isolate_7.fasta,,7,2
Paramyxoviridae,7,Measles,0,Measles virus,,3351228679,15798,"PZ569386.1 Measles virus genotype B3 isolate MVs/Oregon.USA/28.24/UT-UPHL-260612103963 [B3], partial genome",data/refs/Paramyxoviridae/Measles/isolate_8.fasta,,8,3
Paramyxoviridae,7,Measles,0,Measles virus,,3351228670,15732,"PZ569385.1 Measles virus genotype B3 isolate MVs/Oregon.USA/32.24/UT-UPHL-260612294201 [B3], partial genome",data/refs/Paramyxoviridae/Measles/isolate_9.fasta,,9,4
Paramyxoviridae,7,Mumps,1,Mumps orthorubulavirus,,9695415,15384,"NC_002200.1 Mumps orthorubulavirus genomic RNA, complete genome",data/refs/Paramyxoviridae/Mumps/isolate_0.fasta,,0,0
Paramyxoviridae,7,Mumps,1,Mumps orthorubulavirus,,3101598070,15384,"PX475736.1 Mumps virus genotype C isolate MuVs/Shandong.CHN/10.25[C], complete genome",data/refs/Paramyxoviridae/Mumps/isolate_1.fasta,,1,1
Paramyxoviridae,7,Mumps,1,Mumps orthorubulavirus,,2986880632,15349,"PV668547.1 Mumps virus genotype F strain MuVi/Linyi.CHN/27.18/2[F], complete genome",data/refs/Paramyxoviridae/Mumps/isolate_2.fasta,,2,2
Paramyxoviridae,7,Mumps,1,Mumps orthorubulavirus,,2986880622,15349,"PV668546.1 Mumps virus genotype F strain MuVi/Linyi.CHN/26.18/6[F], complete genome",data/refs/Paramyxoviridae/Mumps/isolate_3.fasta,,3,3
Paramyxoviridae,7,Mumps,1,Mumps orthorubulavirus,,2986880572,15350,"PV668541.1 Mumps virus genotype F strain MuVi/Linyi.CHN/26.18/2[F], complete genome",data/refs/Paramyxoviridae/Mumps/isolate_4.fasta,,4,4
Paramyxoviridae,7,Mumps,1,Mumps orthorubulavirus,,2986880562,15349,"PV668540.1 Mumps virus genotype F strain MuVi/Linyi.CHN/26.18/1[F], complete genome",data/refs/Paramyxoviridae/Mumps/isolate_5.fasta,,5,0
Paramyxoviridae,7,Mumps,1,Mumps orthorubulavirus,,2986880552,15349,"PV668539.1 Mumps virus genotype F strain Muvi/Jinan.China/20.06[F], complete genome",data/refs/Paramyxoviridae/Mumps/isolate_6.fasta,,6,1
Paramyxoviridae,7,Mumps,1,Mumps orthorubulavirus,,2986880542,15348,"PV668538.1 Mumps virus genotype F strain Muvi/Dezhou.China/37.06[F], complete genome",data/refs/Paramyxoviridae/Mumps/isolate_7.fasta,,7,2
Paramyxoviridae,7,Mumps,1,Mumps orthorubulavirus,,2986880532,15347,"PV668537.1 Mumps virus genotype F strain Muvi/Jinan.China/12.06/2[F], complete genome",data/refs/Paramyxoviridae/Mumps/isolate_8.fasta,,8,3
Paramyxoviridae,7,Mumps,1,Mumps orthorubulavirus,,2986880522,15342,"PV668536.1 Mumps virus genotype F strain Muvi/Zibo.China/11.06/2[F], complete genome",data/refs/Paramyxoviridae/Mumps/isolate_9.fasta,,9,4
Paramyxoviridae,7,RSV-A,2,Human respiratory syncytial virus A,,9629367,15191,"NC_001803.1 Human respiratory syncytial virus A isolate HRSV/A/UK/S2.ts1C/1995, complete genome",data/refs/Paramyxoviridae/RSV-A/isolate_0.fasta,,0,0
Paramyxoviridae,7,RSV-A,2,Human respiratory syncytial virus A,,3353263640,15044,"PZ612962.1 Human respiratory syncytial virus A isolate IL-RIPHL-RSV-999-0100, partial genome",data/refs/Paramyxoviridae/RSV-A/isolate_1.fasta,,1,1
Paramyxoviridae,7,RSV-A,2,Human respiratory syncytial virus A,,3353263628,14536,"PZ612961.1 Human respiratory syncytial virus A isolate IL-RIPHL-RSV-023-0219, partial genome",data/refs/Paramyxoviridae/RSV-A/isolate_2.fasta,,2,2
Paramyxoviridae,7,RSV-A,2,Human respiratory syncytial virus A,,3353263616,15050,"PZ612960.1 Human respiratory syncytial virus A isolate IL-RIPHL-RSV-023-0215, partial genome",data/refs/Paramyxoviridae/RSV-A/isolate_3.fasta,,3,3
Paramyxoviridae,7,RSV-A,2,Human respiratory syncytial virus A,,3353263604,15064,"PZ612959.1 Human respiratory syncytial virus A isolate IL-RIPHL-RSV-023-0213, partial genome",data/refs/Paramyxoviridae/RSV-A/isolate_4.fasta,,4,4
Paramyxoviridae,7,RSV-A,2,Human respiratory syncytial virus A,,3353263592,15048,"PZ612958.1 Human respiratory syncytial virus A isolate IL-RIPHL-RSV-023-0208, partial genome",data/refs/Paramyxoviridae/RSV-A/isolate_5.fasta,,5,0
Paramyxoviridae,7,RSV-A,2,Human respiratory syncytial virus A,,3353263580,15058,"PZ612957.1 Human respiratory syncytial virus A isolate IL-RIPHL-RSV-023-0206, partial genome",data/refs/Paramyxoviridae/RSV-A/isolate_6.fasta,,6,1
Paramyxoviridae,7,RSV-A,2,Human respiratory syncytial virus A,,3353263568,15065,"PZ612956.1 Human respiratory syncytial virus A isolate IL-RIPHL-RSV-023-0203, partial genome",data/refs/Paramyxoviridae/RSV-A/isolate_7.fasta,,7,2
Paramyxoviridae,7,RSV-A,2,Human respiratory syncytial virus A,,3353263556,14855,"PZ612955.1 Human respiratory syncytial virus A isolate IL-RIPHL-RSV-023-0171, partial genome",data/refs/Paramyxoviridae/RSV-A/isolate_8.fasta,,8,3
Paramyxoviridae,7,RSV-A,2,Human respiratory syncytial virus A,,3353263544,15069,"PZ612954.1 Human respiratory syncytial virus A isolate IL-RIPHL-RSV-023-0132, partial genome",data/refs/Paramyxoviridae/RSV-A/isolate_9.fasta,,9,4
Paramyxoviridae,7,RSV-B,3,Human respiratory syncytial virus B,,3351212240,15143,"PZ575938.1 Human respiratory syncytial virus B isolate MN-MDH-RSVB-04823, partial genome",data/refs/Paramyxoviridae/RSV-B/isolate_0.fasta,,0,0
Paramyxoviridae,7,RSV-B,3,Human respiratory syncytial virus B,,3351212228,14870,"PZ575937.1 Human respiratory syncytial virus B isolate MN-MDH-RSVB-04822, partial genome",data/refs/Paramyxoviridae/RSV-B/isolate_1.fasta,,1,1
Paramyxoviridae,7,RSV-B,3,Human respiratory syncytial virus B,,3351212216,15142,"PZ575936.1 Human respiratory syncytial virus B isolate MN-MDH-RSVB-04821, partial genome",data/refs/Paramyxoviridae/RSV-B/isolate_2.fasta,,2,2
Paramyxoviridae,7,RSV-B,3,Human respiratory syncytial virus B,,3351212204,15140,"PZ575935.1 Human respiratory syncytial virus B isolate MN-MDH-RSVB-04820, partial genome",data/refs/Paramyxoviridae/RSV-B/isolate_3.fasta,,3,3
Paramyxoviridae,7,RSV-B,3,Human respiratory syncytial virus B,,3351212192,14872,"PZ575934.1 Human respiratory syncytial virus B isolate MN-MDH-RSVB-04819, partial genome",data/refs/Paramyxoviridae/RSV-B/isolate_4.fasta,,4,4
Paramyxoviridae,7,RSV-B,3,Human respiratory syncytial virus B,,3351212180,14873,"PZ575933.1 Human respiratory syncytial virus B isolate MN-MDH-RSVB-04818, partial genome",data/refs/Paramyxoviridae/RSV-B/isolate_5.fasta,,5,0
Paramyxoviridae,7,RSV-B,3,Human respiratory syncytial virus B,,3351212168,15140,"PZ575932.1 Human respiratory syncytial virus B isolate MN-MDH-RSVB-04817, partial genome",data/refs/Paramyxoviridae/RSV-B/isolate_6.fasta,,6,1
Paramyxoviridae,7,RSV-B,3,Human respiratory syncytial virus B,,3351212156,14871,"PZ575931.1 Human respiratory syncytial virus B isolate MN-MDH-RSVB-04816, partial genome",data/refs/Paramyxoviridae/RSV-B/isolate_7.fasta,,7,2
Paramyxoviridae,7,RSV-B,3,Human respiratory syncytial virus B,,3351212144,15141,"PZ575930.1 Human respiratory syncytial virus B isolate MN-MDH-RSVB-04815, partial genome",data/refs/Paramyxoviridae/RSV-B/isolate_8.fasta,,8,3
Paramyxoviridae,7,RSV-B,3,Human respiratory syncytial virus B,,3351212132,14872,"PZ575929.1 Human respiratory syncytial virus B isolate MN-MDH-RSVB-04814, partial genome",data/refs/Paramyxoviridae/RSV-B/isolate_9.fasta,,9,4
Paramyxoviridae,7,Human-Parainfluenza-1,4,Human parainfluenza virus 1,,19718363,15600,"NC_003461.1 Human parainfluenza virus 1, complete genome",data/refs/Paramyxoviridae/Human-Parainfluenza-1/isolate_0.fasta,,0,0
Paramyxoviridae,7,Human-Parainfluenza-1,4,Human parainfluenza virus 1,,2735595756,15577,"LC817390.1 Human respirovirus 1 PIV1_Fukushima_OR710_2022 RNA, complete genome",data/refs/Paramyxoviridae/Human-Parainfluenza-1/isolate_1.fasta,,1,1
Paramyxoviridae,7,Human-Parainfluenza-1,4,Human parainfluenza virus 1,,2735595747,15581,"LC817389.1 Human respirovirus 1 PIV1_Fukushima_OR692_2022 RNA, complete genome",data/refs/Paramyxoviridae/Human-Parainfluenza-1/isolate_2.fasta,,2,2
Paramyxoviridae,7,Human-Parainfluenza-1,4,Human parainfluenza virus 1,,2278964296,15588,"LC720862.1 Human respirovirus 1 PIV1_Fukushima_O81_2018 viral cRNA, nearly complete genome",data/refs/Paramyxoviridae/Human-Parainfluenza-1/isolate_3.fasta,,3,3
Paramyxoviridae,7,Human-Parainfluenza-1,4,Human parainfluenza virus 1,,3071717541,15356,"PX380303.1 Human respirovirus 1 isolate hPIV1/Russia/SPE-RII-4088S/2025, complete genome",data/refs/Paramyxoviridae/Human-Parainfluenza-1/isolate_4.fasta,,4,4
Paramyxoviridae,7,Human-Parainfluenza-1,4,Human parainfluenza virus 1,,3071717533,15356,"PX380302.1 Human respirovirus 1 isolate hPIV1/Russia/SPE-RII-3664S/2025, complete genome",data/refs/Paramyxoviridae/Human-Parainfluenza-1/isolate_5.fasta,,5,0
Paramyxoviridae,7,Human-Parainfluenza-1,4,Human parainfluenza virus 1,,3071717525,15356,"PX380301.1 Human respirovirus 1 isolate hPIV1/Russia/SPE-RII-3213S/2025, complete genome",data/refs/Paramyxoviridae/Human-Parainfluenza-1/isolate_6.fasta,,6,1
Paramyxoviridae,7,Human-Parainfluenza-1,4,Human parainfluenza virus 1,,3071717517,15356,"PX380300.1 Human respirovirus 1 isolate hPIV1/Russia/SPE-RII-2354S/2025, complete genome",data/refs/Paramyxoviridae/Human-Parainfluenza-1/isolate_7.fasta,,7,2
Paramyxoviridae,7,Human-Parainfluenza-1,4,Human parainfluenza virus 1,,3071717509,15356,"PX380299.1 Human respirovirus 1 isolate hPIV1/Russia/SPE-RII-1245S/2025, complete genome",data/refs/Paramyxoviridae/Human-Parainfluenza-1/isolate_8.fasta,,8,3
Paramyxoviridae,7,Human-Parainfluenza-1,4,Human parainfluenza virus 1,,3071717501,15356,"PX380298.1 Human respirovirus 1 isolate hPIV1/Russia/SPE-RII-1210S/2024, complete genome",data/refs/Paramyxoviridae/Human-Parainfluenza-1/isolate_9.fasta,,9,4
Paramyxoviridae,7,Human-Parainfluenza-3,5,Human parainfluenza virus 3,,2500367884,15462,"NC_075446.1 Human parainfluenza virus 3 strain ZHYMgz01, complete genome",data/refs/Paramyxoviridae/Human-Parainfluenza-3/isolate_0.fasta,,0,0
Paramyxoviridae,7,Human-Parainfluenza-3,5,Human parainfluenza virus 3,,10937870,15462,"NC_001796.2 Human parainfluenza virus 3, complete genome",data/refs/Paramyxoviridae/Human-Parainfluenza-3/isolate_1.fasta,,1,1
Paramyxoviridae,7,Human-Parainfluenza-3,5,Human parainfluenza virus 3,,2735595828,15457,"LC817398.1 Human respirovirus 3 PIV3_Fukushima_OR913_2023 RNA, complete genome",data/refs/Paramyxoviridae/Human-Parainfluenza-3/isolate_2.fasta,,2,2
Paramyxoviridae,7,Human-Parainfluenza-3,5,Human parainfluenza virus 3,,2278964453,15459,"LC720880.1 Human respirovirus 3 PIV3_Fukushima_OR381_2021 viral cRNA, nearly complete genome",data/refs/Paramyxoviridae/Human-Parainfluenza-3/isolate_3.fasta,,3,3
Paramyxoviridae,7,Human-Parainfluenza-3,5,Human parainfluenza virus 3,,3274687935,15331,"PZ244842.1 Human respirovirus 3 isolate 23V-12334_250115004, complete genome",data/refs/Paramyxoviridae/Human-Parainfluenza-3/isolate_4.fasta,,4,4
Paramyxoviridae,7,Human-Parainfluenza-3,5,Human parainfluenza virus 3,,3274687902,15331,"PZ244839.1 Human respirovirus 3 isolate 23V-12036_250115002, complete genome",data/refs/Paramyxoviridae/Human-Parainfluenza-3/isolate_5.fasta,,5,0
Paramyxoviridae,7,Human-Parainfluenza-3,5,Human parainfluenza virus 3,,3274687891,15331,"PZ244838.1 Human respirovirus 3 isolate 23V-9024_250127001, complete genome",data/refs/Paramyxoviridae/Human-Parainfluenza-3/isolate_6.fasta,,6,1
Paramyxoviridae,7,Human-Parainfluenza-3,5,Human parainfluenza virus 3,,3274687880,15331,"PZ244837.1 Human respirovirus 3 isolate 23V-11697_250113008, complete genome",data/refs/Paramyxoviridae/Human-Parainfluenza-3/isolate_7.fasta,,7,2
Paramyxoviridae,7,Human-Parainfluenza-3,5,Human parainfluenza virus 3,,3260662459,15456,"LC922678.1 Human respirovirus 3 HPIV3_Fukushima_OH993_2025 RNA, complete genome",data/refs/Paramyxoviridae/Human-Parainfluenza-3/isolate_8.fasta,,8,3
Paramyxoviridae,7,Human-Parainfluenza-3,5,Human parainfluenza virus 3,,3260662416,15451,"LC922672.1 Human respirovirus 3 HPIV3_Fukushima_OH8561_2025 RNA, complete genome",data/refs/Paramyxoviridae/Human-Parainfluenza-3/isolate_9.fasta,,9,4
Paramyxoviridae,7,Nipah,6,Nipah virus,,13559808,18246,"NC_002728.1 Nipah virus, complete genome",data/refs/Paramyxoviridae/Nipah/isolate_0.fasta,,0,0
Paramyxoviridae,7,Nipah,6,Nipah virus,,3042791892,18168,"PV640869.1 Henipavirus nipahense isolate MCL-25-H-2892, complete genome",data/refs/Paramyxoviridae/Nipah/isolate_1.fasta,,1,1
Paramyxoviridae,7,Nipah,6,Nipah virus,,3045545545,18124,"PX130166.1 Henipavirus nipahense isolate NiV/human/BGD/FP0372425/2025, complete genome",data/refs/Paramyxoviridae/Nipah/isolate_2.fasta,,2,2
Paramyxoviridae,7,Nipah,6,Nipah virus,,3045545538,18128,"PX130165.1 Henipavirus nipahense isolate NiV/human/BGD/SB0200425/2025, complete genome",data/refs/Paramyxoviridae/Nipah/isolate_3.fasta,,3,3
Paramyxoviridae,7,Nipah,6,Nipah virus,,3045545531,18126,"PX130164.1 Henipavirus nipahense isolate NiV/human/BGD/RS0825725/2025, complete genome",data/refs/Paramyxoviridae/Nipah/isolate_4.fasta,,4,4
Paramyxoviridae,7,Nipah,6,Nipah virus,,3024727290,18096,"PV892943.1 Henipavirus nipahense isolate 810398, complete genome",data/refs/Paramyxoviridae/Nipah/isolate_5.fasta,,5,0
Paramyxoviridae,7,Nipah,6,Nipah virus,,2924919026,18128,"PV132707.1 Henipavirus nipahense isolate NiV/human/BGD/PMSKH0000424/2024, complete genome",data/refs/Paramyxoviridae/Nipah/isolate_6.fasta,,6,1
Paramyxoviridae,7,Nipah,6,Nipah virus,,2924919019,18133,"PV132706.1 Henipavirus nipahense isolate NiV/human/BGD/DMCH00124/2024, complete genome",data/refs/Paramyxoviridae/Nipah/isolate_7.fasta,,7,2
Paramyxoviridae,7,Nipah,6,Nipah virus,,2844552597,18131,"PQ463988.1 Henipavirus nipahense isolate NiV_M_IRF523, complete genome",data/refs/Paramyxoviridae/Nipah/isolate_8.fasta,,8,3
Paramyxoviridae,7,Nipah,6,Nipah virus,,2844551665,18107,"PQ368169.1 Henipavirus nipahense isolate NiV/human/BGD/FP0300923BM/2023, complete genome",data/refs/Paramyxoviridae/Nipah/isolate_9.fasta,,9,4
Paramyxoviridae,7,Human-Metapneumovirus,7,Human metapneumovirus,,1464315997,13350,"NC_039199.1 Human metapneumovirus isolate 00-1, complete genome",data/refs/Paramyxoviridae/Human-Metapneumovirus/isolate_0.fasta,,0,0
Paramyxoviridae,7,Human-Metapneumovirus,7,Human metapneumovirus,,3353253721,13234,"PZ239602.1 Human metapneumovirus isolate 23V-8652_250127020, partial genome",data/refs/Paramyxoviridae/Human-Metapneumovirus/isolate_1.fasta,,1,1
Paramyxoviridae,7,Human-Metapneumovirus,7,Human metapneumovirus,,3353253711,13194,"PZ239601.1 Human metapneumovirus isolate 23V-12376_250116003, partial genome",data/refs/Paramyxoviridae/Human-Metapneumovirus/isolate_2.fasta,,2,2
Paramyxoviridae,7,Human-Metapneumovirus,7,Human metapneumovirus,,3349522885,13087,"PZ399301.1 Human metapneumovirus strain NIV24_680, complete genome",data/refs/Paramyxoviridae/Human-Metapneumovirus/isolate_3.fasta,,3,3
Paramyxoviridae,7,Human-Metapneumovirus,7,Human metapneumovirus,,3349522877,13087,"PZ399300.1 Human metapneumovirus strain NIV24_312, complete genome",data/refs/Paramyxoviridae/Human-Metapneumovirus/isolate_4.fasta,,4,4
Paramyxoviridae,7,Human-Metapneumovirus,7,Human metapneumovirus,,3349522869,13087,"PZ399299.1 Human metapneumovirus strain NIV24_2969, complete genome",data/refs/Paramyxoviridae/Human-Metapneumovirus/isolate_5.fasta,,5,0
Paramyxoviridae,7,Human-Metapneumovirus,7,Human metapneumovirus,,3349522862,13086,"PZ399298.1 Human metapneumovirus strain NIV24_2950, partial genome",data/refs/Paramyxoviridae/Human-Metapneumovirus/isolate_6.fasta,,6,1
Paramyxoviridae,7,Human-Metapneumovirus,7,Human metapneumovirus,,3349522854,13087,"PZ399297.1 Human metapneumovirus strain NIV24_2905, complete genome",data/refs/Paramyxoviridae/Human-Metapneumovirus/isolate_7.fasta,,7,2
Paramyxoviridae,7,Human-Metapneumovirus,7,Human metapneumovirus,,3349522846,13087,"PZ399296.1 Human metapneumovirus strain NIV24_2898, complete genome",data/refs/Paramyxoviridae/Human-Metapneumovirus/isolate_8.fasta,,8,3
Paramyxoviridae,7,Human-Metapneumovirus,7,Human metapneumovirus,,3349522838,13087,"PZ399295.1 Human metapneumovirus strain NIV24_2897, complete genome",data/refs/Paramyxoviridae/Human-Metapneumovirus/isolate_9.fasta,,9,4
